Condition,Run,Type,Word0,Time0,Word1,Time1,Word2,Time2,Word3,Time3,Word4,Time4,Word5,Time5,Word6,Time6,Word7,Time7,Word8,Time8,Word9,Time9,Word10,Time10,Word11,Time11,Word12,Time12,Word13,Time13,Word14,Time14,Word15,Time15,Word16,Time16,Word17,Time17
practice,0,Target,glove,2.0,spoons,3.0,shoe,4.0,glove,4.13,green,5.0,shoe,5.0,chairs,6.0,glove,7.0,glove,7.0,white,7.73,glove,8.33,hat,9.0,bag,9.53,spoons,10.13,chairs,11.0,white,11.33,shoe,12.0,chairs,12.53
practice,0,Masker,none,2.33,none,2.93,none,3.53,none,4.28,none,4.73,none,5.33,none,5.93,none,6.53,none,7.13,none,7.88,none,8.48,none,8.93,none,9.68,none,10.28,none,10.73,none,11.48,none,11.93,none,12.68
practice,1,Target,sock,2.0,toy,3.0,pen,3.53,chairs,4.13,green,5.0,sock,5.0,sock,5.93,desks,6.53,shoe,7.0,sock,7.73,glove,8.0,bag,9.0,sock,9.53,card,10.13,desks,10.73,sock,11.0,spoons,12.0,red,12.53
practice,1,Masker,none,2.33,none,2.93,none,3.68,none,4.28,none,4.73,none,5.33,none,6.08,none,6.68,none,7.13,none,7.88,none,8.33,none,8.93,none,9.68,none,10.28,none,10.88,none,11.33,none,11.93,none,12.68
practice,2,Target,pen,2.0,desks,3.0,hat,3.53,card,4.0,hat,5.0,chairs,5.33,tables,6.0,green,7.0,shoe,7.13,glove,8.0,toy,8.33,card,8.93,glove,10.0,toy,10.13,glove,10.73,sock,11.0,spoons,11.93,white,13.0
practice,2,Masker,none,2.33,none,2.93,none,3.68,none,4.13,none,4.73,none,5.48,none,5.93,none,6.53,none,7.28,none,7.73,none,8.48,none,9.08,none,9.53,none,10.28,none,10.88,none,11.33,none,12.08,none,12.53
practice,3,Target,white,2.0,green,2.93,pen,3.53,chairs,4.13,red,4.73,chairs,5.33,toy,6.0,chairs,7.0,tables,7.13,hat,8.0,tables,8.33,chairs,9.0,tables,10.0,chairs,10.0,sock,10.73,toy,11.33,red,12.0,chairs,12.53
practice,3,Masker,none,2.33,none,3.08,none,3.68,none,4.28,none,4.88,none,5.48,none,5.93,none,6.53,none,7.28,none,7.73,none,8.48,none,8.93,none,9.53,none,10.13,none,10.88,none,11.48,none,11.93,none,12.68
m_speech__ild_0__itd_50__targ_l,0,Target,bag,1.622,chairs,2.222,sock,2.822,pen,3.422,bag,4.0,chairs,5.0,hat,5.0,desks,5.822,hat,6.422,desks,7.0,pen,7.622,blue,8.0,green,8.822,bag,9.422,sock,10.022,hat,11.0,tables,11.0,shoe,11.822
m_speech__ild_0__itd_50__targ_l,0,Masker,toy,1.772,hat,2.372,hat,2.972,green,3.572,hat,4.022,tables,4.622,tables,5.222,bag,5.972,toy,6.572,chairs,7.022,glove,7.772,glove,8.222,bag,8.972,pen,9.572,glove,10.172,tables,10.622,green,11.222,toy,11.972
m_speech__ild_0__itd_50__targ_l,1,Target,pen,2.0,bag,2.0,red,3.0,spoons,4.0,red,4.0,toy,4.622,hat,5.222,blue,6.0,card,6.422,spoons,7.0,card,7.622,sock,8.0,sock,8.822,hat,9.422,desks,10.0,chairs,10.622,pen,11.0,spoons,11.822
m_speech__ild_0__itd_50__targ_l,1,Masker,hat,1.622,shoe,2.222,card,2.822,pen,3.422,tables,4.022,chairs,4.772,white,5.372,card,5.822,bag,6.572,toy,7.022,sock,7.772,chairs,8.222,hat,8.972,sock,9.572,white,10.022,bag,10.772,hat,11.222,spoons,11.972
m_speech__ild_0__itd_50__targ_l,2,Target,spoons,1.622,blue,2.0,glove,3.0,pen,4.0,red,4.022,glove,4.622,spoons,5.222,sock,6.0,spoons,7.0,hat,7.0,pen,7.622,tables,8.222,spoons,8.822,red,10.0,shoe,10.0,sock,11.0,toy,11.0,card,11.822
m_speech__ild_0__itd_50__targ_l,2,Masker,sock,1.772,toy,2.222,bag,2.822,shoe,3.422,glove,4.172,shoe,4.772,red,5.372,spoons,5.822,red,6.422,glove,7.022,shoe,7.772,white,8.372,white,8.972,shoe,9.422,spoons,10.022,card,10.622,spoons,11.222,glove,11.972
m_speech__ild_0__itd_50__targ_l,3,Target,white,1.622,red,2.0,pen,3.0,sock,3.422,spoons,4.022,glove,4.622,card,5.222,shoe,5.822,tables,7.0,sock,7.022,card,7.622,toy,8.222,hat,8.822,sock,9.422,red,10.022,desks,11.0,toy,11.222,white,11.822
m_speech__ild_0__itd_50__targ_l,3,Masker,spoons,1.772,chairs,2.222,shoe,2.822,red,3.572,bag,4.172,shoe,4.772,spoons,5.372,pen,5.972,shoe,6.422,blue,7.172,spoons,7.772,sock,8.372,red,8.972,shoe,9.572,card,10.172,red,10.622,sock,11.372,card,11.972
m_speech__ild_0__itd_50__targ_r,0,Target,tables,1.994,glove,3.0,blue,3.0,pen,3.794,tables,5.0,tables,4.994,toy,5.594,desks,6.194,chairs,6.794,glove,7.394,sock,8.0,shoe,8.594,hat,9.194,tables,10.0,green,10.394,chairs,11.0,white,12.0,hat,12.0
m_speech__ild_0__itd_50__targ_r,0,Masker,glove,2.144,green,2.594,desks,3.194,desks,3.944,spoons,4.394,toy,5.144,card,5.744,spoons,6.344,desks,6.944,tables,7.544,blue,7.994,card,8.744,bag,9.344,tables,9.794,tables,10.544,red,10.994,bag,11.594,sock,12.194
m_speech__ild_0__itd_50__targ_r,1,Target,desks,2.0,toy,2.594,glove,3.194,pen,4.0,sock,4.394,green,5.0,hat,6.0,blue,6.194,tables,6.794,chairs,7.394,tables,7.994,tables,8.594,pen,9.0,white,9.794,card,10.394,card,10.994,shoe,11.594,tables,12.0
m_speech__ild_0__itd_50__targ_r,1,Masker,hat,1.994,chairs,2.744,hat,3.344,blue,3.794,card,4.544,desks,4.994,chairs,5.594,hat,6.344,blue,6.944,red,7.544,shoe,8.144,white,8.744,card,9.194,tables,9.944,sock,10.544,hat,11.144,spoons,11.744,spoons,12.194
m_speech__ild_0__itd_50__targ_r,2,Target,white,2.0,blue,3.0,chairs,3.0,tables,4.0,pen,5.0,spoons,4.994,spoons,6.0,chairs,6.194,bag,6.794,pen,7.394,tables,8.0,glove,8.594,pen,9.194,bag,9.794,sock,10.394,blue,11.0,tables,12.0,blue,12.194
m_speech__ild_0__itd_50__targ_r,2,Masker,hat,1.994,sock,2.594,blue,3.194,pen,3.794,tables,4.394,red,5.144,card,5.594,tables,6.344,spoons,6.944,glove,7.544,pen,7.994,shoe,8.744,green,9.344,spoons,9.944,white,10.544,chairs,10.994,pen,11.594,shoe,12.344
m_speech__ild_0__itd_50__targ_r,3,Target,pen,2.0,glove,3.0,chairs,3.194,blue,3.794,glove,4.394,red,5.0,bag,5.594,glove,6.0,card,7.0,glove,7.394,tables,8.0,pen,9.0,toy,9.194,card,9.794,spoons,11.0,card,11.0,desks,12.0,spoons,12.0
m_speech__ild_0__itd_50__targ_r,3,Masker,shoe,1.994,pen,2.594,glove,3.344,tables,3.944,blue,4.544,tables,4.994,pen,5.744,spoons,6.194,card,6.794,card,7.544,green,7.994,tables,8.594,pen,9.344,sock,9.944,shoe,10.394,toy,10.994,hat,11.594,card,12.194
m_noise__ild_0__itd_50__targ_l,0,Target,spoons,1.216,glove,2.0,spoons,3.0,glove,3.016,toy,4.0,red,4.0,card,4.816,white,5.416,red,6.0,card,6.616,desks,7.0,hat,7.816,shoe,8.416,bag,9.0,spoons,10.0,bag,10.216,shoe,11.0,toy,12.0
m_noise__ild_0__itd_50__targ_l,0,Masker,noise,1.366,noise,1.816,noise,2.416,noise,3.166,noise,3.616,noise,4.216,noise,4.966,noise,5.566,noise,6.016,noise,6.766,noise,7.216,noise,7.966,noise,8.566,noise,9.016,noise,9.616,noise,10.366,noise,10.816,noise,11.416
m_noise__ild_0__itd_50__targ_l,1,Target,chairs,1.0,blue,1.816,glove,2.416,chairs,3.016,chairs,3.616,spoons,4.216,toy,4.816,tables,6.0,desks,6.0,green,7.0,pen,7.0,white,8.0,green,8.416,toy,9.0,pen,10.0,sock,10.0,hat,11.0,chairs,11.416
m_noise__ild_0__itd_50__targ_l,1,Masker,noise,1.216,noise,1.966,noise,2.566,noise,3.166,noise,3.766,noise,4.366,noise,4.966,noise,5.416,noise,6.016,noise,6.616,noise,7.216,noise,7.816,noise,8.566,noise,9.016,noise,9.616,noise,10.216,noise,10.816,noise,11.566
m_noise__ild_0__itd_50__targ_l,2,Target,chairs,1.0,hat,2.0,chairs,2.416,bag,3.016,chairs,3.616,shoe,4.0,chairs,4.816,hat,5.416,red,6.016,blue,6.616,card,7.216,chairs,8.0,toy,8.416,card,9.016,red,9.616,white,10.216,toy,11.0,chairs,12.0
m_noise__ild_0__itd_50__targ_l,2,Masker,noise,1.216,noise,1.816,noise,2.566,noise,3.166,noise,3.766,noise,4.216,noise,4.966,noise,5.566,noise,6.166,noise,6.766,noise,7.366,noise,7.816,noise,8.566,noise,9.166,noise,9.766,noise,10.366,noise,10.816,noise,11.416
m_noise__ild_0__itd_50__targ_l,3,Target,glove,1.0,tables,1.816,red,2.416,toy,3.0,chairs,3.616,hat,4.0,card,5.0,bag,5.416,sock,6.016,sock,7.0,toy,7.216,red,7.816,pen,8.416,sock,9.016,green,9.616,toy,10.216,sock,11.0,toy,11.416
m_noise__ild_0__itd_50__targ_l,3,Masker,noise,1.216,noise,1.966,noise,2.566,noise,3.016,noise,3.766,noise,4.216,noise,4.816,noise,5.566,noise,6.166,noise,6.616,noise,7.366,noise,7.966,noise,8.566,noise,9.166,noise,9.766,noise,10.366,noise,10.816,noise,11.566
m_noise__ild_0__itd_50__targ_r,0,Target,desks,2.429,spoons,3.029,red,3.629,blue,4.229,bag,5.0,chairs,6.0,shoe,6.029,card,7.0,desks,7.0,chairs,8.0,pen,8.429,hat,9.0,red,9.629,shoe,10.229,spoons,10.829,white,11.429,hat,12.029,sock,12.629
m_noise__ild_0__itd_50__targ_r,0,Masker,noise,2.579,noise,3.179,noise,3.779,noise,4.379,noise,4.829,noise,5.429,noise,6.179,noise,6.629,noise,7.229,noise,7.829,noise,8.579,noise,9.029,noise,9.779,noise,10.379,noise,10.979,noise,11.579,noise,12.179,noise,12.779
m_noise__ild_0__itd_50__targ_r,1,Target,spoons,2.429,blue,3.0,desks,3.629,tables,4.229,card,5.0,card,6.0,glove,6.029,toy,6.629,card,7.229,tables,7.829,shoe,8.429,spoons,9.029,pen,9.629,glove,10.229,blue,11.0,desks,11.429,white,12.0,chairs,13.0
m_noise__ild_0__itd_50__targ_r,1,Masker,noise,2.579,noise,3.029,noise,3.779,noise,4.379,noise,4.829,noise,5.429,noise,6.179,noise,6.779,noise,7.379,noise,7.979,noise,8.579,noise,9.179,noise,9.779,noise,10.379,noise,10.829,noise,11.579,noise,12.029,noise,12.629
m_noise__ild_0__itd_50__targ_r,2,Target,white,2.429,glove,3.029,shoe,4.0,toy,4.0,card,5.0,shoe,6.0,glove,6.029,shoe,6.629,pen,7.229,red,8.0,pen,8.429,desks,9.0,bag,10.0,sock,10.0,tables,11.0,blue,12.0,pen,12.029,chairs,13.0
m_noise__ild_0__itd_50__targ_r,2,Masker,noise,2.579,noise,3.179,noise,3.629,noise,4.229,noise,4.829,noise,5.429,noise,6.179,noise,6.779,noise,7.379,noise,7.829,noise,8.579,noise,9.029,noise,9.629,noise,10.229,noise,10.829,noise,11.429,noise,12.179,noise,12.629
m_noise__ild_0__itd_50__targ_r,3,Target,hat,3.0,bag,3.029,card,3.629,bag,4.229,chairs,4.829,toy,5.429,white,6.0,sock,6.629,chairs,7.229,bag,8.0,red,9.0,blue,9.0,bag,10.0,glove,10.0,shoe,10.829,spoons,12.0,bag,12.029,spoons,12.629
m_noise__ild_0__itd_50__targ_r,3,Masker,noise,2.429,noise,3.179,noise,3.779,noise,4.379,noise,4.979,noise,5.579,noise,6.029,noise,6.779,noise,7.379,noise,7.829,noise,8.429,noise,9.029,noise,9.629,noise,10.229,noise,10.979,noise,11.429,noise,12.179,noise,12.779
m_speech__ild_0__itd_500__targ_l,0,Target,card,1.0,shoe,1.79,bag,2.39,red,3.0,desks,4.0,glove,4.19,desks,5.0,pen,5.39,bag,5.99,glove,7.0,hat,7.19,green,7.79,chairs,8.39,bag,8.99,desks,9.59,pen,10.0,desks,10.79,white,12.0
m_speech__ild_0__itd_500__targ_l,0,Masker,tables,1.19,white,1.94,sock,2.54,spoons,2.99,bag,3.59,blue,4.34,shoe,4.79,desks,5.54,sock,6.14,red,6.59,sock,7.34,pen,7.94,sock,8.54,desks,9.14,sock,9.74,sock,10.19,shoe,10.94,tables,11.39
m_speech__ild_0__itd_500__targ_l,1,Target,shoe,1.19,green,1.79,hat,2.39,spoons,3.0,sock,3.59,hat,4.19,glove,4.79,shoe,5.39,chairs,6.0,pen,7.0,hat,7.19,red,7.79,tables,9.0,shoe,9.0,white,10.0,bag,10.19,chairs,11.0,pen,12.0
m_speech__ild_0__itd_500__targ_l,1,Masker,glove,1.34,glove,1.94,chairs,2.54,card,2.99,white,3.74,bag,4.34,chairs,4.94,hat,5.54,pen,5.99,bag,6.59,bag,7.34,pen,7.94,red,8.39,toy,8.99,pen,9.59,red,10.34,green,10.79,shoe,11.39
m_speech__ild_0__itd_500__targ_l,2,Target,toy,1.19,desks,2.0,glove,3.0,chairs,3.0,green,3.59,spoons,4.19,chairs,5.0,pen,5.39,bag,6.0,glove,7.0,green,7.0,chairs,8.0,glove,9.0,shoe,8.99,spoons,10.0,spoons,10.19,white,11.0,spoons,11.39
m_speech__ild_0__itd_500__targ_l,2,Masker,tables,1.34,blue,1.79,spoons,2.39,blue,2.99,hat,3.74,white,4.34,desks,4.79,glove,5.54,white,5.99,tables,6.59,chairs,7.19,bag,7.79,hat,8.39,desks,9.14,shoe,9.59,pen,10.34,spoons,10.79,pen,11.54
m_speech__ild_0__itd_500__targ_l,3,Target,bag,1.0,shoe,1.79,glove,2.39,chairs,3.0,sock,3.59,spoons,4.19,white,4.79,green,6.0,glove,6.0,sock,6.59,desks,7.0,red,8.0,red,8.39,desks,9.0,sock,9.59,chairs,10.0,sock,10.79,hat,12.0
m_speech__ild_0__itd_500__targ_l,3,Masker,glove,1.19,red,1.94,red,2.54,pen,2.99,glove,3.74,hat,4.34,toy,4.94,bag,5.39,card,5.99,bag,6.74,spoons,7.19,shoe,7.79,chairs,8.54,hat,8.99,card,9.74,sock,10.19,tables,10.94,spoons,11.39
m_speech__ild_0__itd_500__targ_r,0,Target,spoons,1.905,toy,2.505,desks,3.0,toy,4.0,bag,4.305,bag,4.905,chairs,6.0,white,6.0,red,7.0,desks,7.0,white,7.905,blue,9.0,hat,9.0,sock,10.0,spoons,10.305,spoons,10.905,sock,12.0,bag,12.105
m_speech__ild_0__itd_500__targ_r,0,Masker,red,2.055,spoons,2.655,chairs,3.105,green,3.705,hat,4.455,bag,5.055,spoons,5.505,glove,6.105,chairs,6.705,hat,7.305,hat,8.055,pen,8.505,toy,9.105,tables,9.705,sock,10.455,sock,11.055,glove,11.505,tables,12.255
m_speech__ild_0__itd_500__targ_r,1,Target,red,2.0,shoe,2.505,card,3.105,chairs,3.705,desks,4.0,spoons,4.905,sock,5.505,glove,6.0,bag,6.705,hat,7.0,glove,8.0,spoons,8.505,bag,9.0,blue,10.0,card,10.305,chairs,10.905,sock,11.505,hat,12.105
m_speech__ild_0__itd_500__targ_r,1,Masker,desks,1.905,glove,2.655,green,3.255,toy,3.855,glove,4.305,glove,5.055,hat,5.655,shoe,6.105,desks,6.855,shoe,7.305,green,7.905,blue,8.655,card,9.105,bag,9.705,shoe,10.455,spoons,11.055,spoons,11.655,bag,12.255
m_speech__ild_0__itd_500__targ_r,2,Target,card,1.905,pen,2.505,desks,3.0,toy,4.0,toy,4.305,card,4.905,pen,5.505,red,6.0,desks,7.0,bag,7.305,hat,8.0,glove,8.505,hat,9.105,shoe,10.0,card,10.305,blue,10.905,desks,11.505,pen,12.0
m_speech__ild_0__itd_500__targ_r,2,Masker,sock,2.055,chairs,2.655,sock,3.105,pen,3.705,sock,4.455,glove,5.055,blue,5.655,hat,6.105,chairs,6.705,tables,7.455,blue,7.905,tables,8.655,sock,9.255,desks,9.705,toy,10.455,desks,11.055,bag,11.655,hat,12.105
m_speech__ild_0__itd_500__targ_r,3,Target,glove,2.0,tables,3.0,spoons,3.105,desks,4.0,hat,4.0,spoons,5.0,toy,6.0,shoe,6.105,red,7.0,tables,7.0,bag,8.0,spoons,9.0,pen,9.105,glove,9.705,sock,10.0,spoons,10.905,red,11.505,sock,12.105
m_speech__ild_0__itd_500__targ_r,3,Masker,bag,1.905,glove,2.505,green,3.255,bag,3.705,sock,4.305,blue,4.905,tables,5.505,chairs,6.255,bag,6.705,spoons,7.305,blue,7.905,toy,8.505,bag,9.255,tables,9.855,red,10.305,pen,11.055,sock,11.655,spoons,12.255
m_noise__ild_0__itd_500__targ_l,0,Target,shoe,2.372,chairs,3.0,toy,4.0,card,4.0,chairs,4.772,green,5.372,tables,5.972,desks,7.0,bag,7.172,blue,8.0,shoe,8.372,pen,8.972,pen,10.0,shoe,10.0,desks,11.0,chairs,11.372,pen,11.972,white,13.0
m_noise__ild_0__itd_500__targ_l,0,Masker,noise,2.522,noise,2.972,noise,3.572,noise,4.172,noise,4.922,noise,5.522,noise,6.122,noise,6.572,noise,7.322,noise,7.772,noise,8.522,noise,9.122,noise,9.572,noise,10.172,noise,10.772,noise,11.522,noise,12.122,noise,12.572
m_noise__ild_0__itd_500__targ_l,1,Target,chairs,3.0,glove,3.0,toy,4.0,desks,4.0,shoe,4.772,blue,6.0,tables,5.972,shoe,6.572,desks,7.0,tables,7.772,red,9.0,bag,8.972,sock,9.572,pen,10.0,hat,11.0,bag,11.372,chairs,11.972,desks,13.0
m_noise__ild_0__itd_500__targ_l,1,Masker,noise,2.372,noise,2.972,noise,3.572,noise,4.172,noise,4.922,noise,5.372,noise,6.122,noise,6.722,noise,7.172,noise,7.922,noise,8.372,noise,9.122,noise,9.722,noise,10.172,noise,10.772,noise,11.522,noise,12.122,noise,12.572
m_noise__ild_0__itd_500__targ_l,2,Target,card,3.0,red,2.972,pen,4.0,pen,4.0,desks,5.0,pen,6.0,white,5.972,glove,6.572,toy,7.0,sock,7.772,card,9.0,spoons,9.0,sock,9.572,glove,10.0,glove,10.772,sock,12.0,shoe,12.0,bag,13.0
m_noise__ild_0__itd_500__targ_l,2,Masker,noise,2.372,noise,3.122,noise,3.572,noise,4.172,noise,4.772,noise,5.372,noise,6.122,noise,6.722,noise,7.172,noise,7.922,noise,8.372,noise,8.972,noise,9.722,noise,10.172,noise,10.922,noise,11.372,noise,11.972,noise,12.572
m_noise__ild_0__itd_500__targ_l,3,Target,spoons,2.372,glove,3.0,tables,4.0,chairs,4.0,shoe,5.0,glove,5.372,sock,6.0,red,6.572,green,7.0,desks,7.772,card,9.0,spoons,9.0,glove,9.572,desks,10.172,tables,11.0,bag,11.372,tables,12.0,bag,12.572
m_noise__ild_0__itd_500__targ_l,3,Masker,noise,2.522,noise,2.972,noise,3.572,noise,4.172,noise,4.772,noise,5.522,noise,5.972,noise,6.722,noise,7.172,noise,7.922,noise,8.372,noise,8.972,noise,9.722,noise,10.322,noise,10.772,noise,11.522,noise,11.972,noise,12.722
m_noise__ild_0__itd_500__targ_r,0,Target,sock,3.0,tables,3.358,green,4.0,shoe,5.0,shoe,5.0,chairs,5.758,bag,7.0,toy,7.0,bag,7.558,tables,8.0,tables,8.758,white,10.0,card,9.958,shoe,11.0,red,11.158,chairs,11.758,red,13.0,glove,13.0
m_noise__ild_0__itd_500__targ_r,0,Masker,noise,2.758,noise,3.508,noise,3.958,noise,4.558,noise,5.158,noise,5.908,noise,6.358,noise,6.958,noise,7.708,noise,8.158,noise,8.908,noise,9.358,noise,10.108,noise,10.558,noise,11.308,noise,11.908,noise,12.358,noise,12.958
m_noise__ild_0__itd_500__targ_r,1,Target,desks,2.758,pen,4.0,glove,4.0,toy,5.0,green,5.158,desks,5.758,sock,6.358,toy,6.958,sock,8.0,pen,8.0,white,9.0,bag,9.358,chairs,9.958,sock,11.0,chairs,11.0,pen,12.0,card,12.358,sock,12.958
m_noise__ild_0__itd_500__targ_r,1,Masker,noise,2.908,noise,3.358,noise,3.958,noise,4.558,noise,5.308,noise,5.908,noise,6.508,noise,7.108,noise,7.558,noise,8.158,noise,8.758,noise,9.508,noise,10.108,noise,10.558,noise,11.158,noise,11.758,noise,12.508,noise,13.108
m_noise__ild_0__itd_500__targ_r,2,Target,toy,2.758,glove,3.358,blue,3.958,tables,4.558,blue,5.158,spoons,5.758,chairs,7.0,shoe,6.958,toy,8.0,sock,8.158,tables,9.0,blue,10.0,sock,9.958,shoe,11.0,bag,11.0,shoe,11.758,chairs,13.0,green,12.958
m_noise__ild_0__itd_500__targ_r,2,Masker,noise,2.908,noise,3.508,noise,4.108,noise,4.708,noise,5.308,noise,5.908,noise,6.358,noise,7.108,noise,7.558,noise,8.308,noise,8.758,noise,9.358,noise,10.108,noise,10.558,noise,11.158,noise,11.908,noise,12.358,noise,13.108
m_noise__ild_0__itd_500__targ_r,3,Target,toy,2.758,sock,4.0,sock,4.0,shoe,4.558,sock,5.0,sock,6.0,desks,7.0,desks,6.958,sock,7.558,hat,8.158,green,9.0,pen,9.358,tables,10.0,chairs,11.0,tables,11.158,green,11.758,red,12.358,blue,12.958
m_noise__ild_0__itd_500__targ_r,3,Masker,noise,2.908,noise,3.358,noise,3.958,noise,4.708,noise,5.158,noise,5.758,noise,6.358,noise,7.108,noise,7.708,noise,8.308,noise,8.758,noise,9.508,noise,9.958,noise,10.558,noise,11.308,noise,11.908,noise,12.508,noise,13.108
m_speech__ild_10__itd_0__targ_l,0,Target,toy,2.128,glove,3.0,red,3.328,glove,4.0,tables,5.0,glove,5.128,sock,6.0,glove,6.328,sock,7.0,card,7.528,chairs,8.0,chairs,8.728,tables,9.328,sock,9.928,red,11.0,desks,11.0,red,12.0,desks,12.328
m_speech__ild_10__itd_0__targ_l,0,Masker,glove,2.278,glove,2.728,desks,3.478,tables,3.928,shoe,4.528,spoons,5.278,glove,5.728,blue,6.478,spoons,6.928,shoe,7.678,toy,8.128,blue,8.878,chairs,9.478,card,10.078,chairs,10.528,white,11.128,glove,11.728,glove,12.478
m_speech__ild_10__itd_0__targ_l,1,Target,red,2.0,shoe,3.0,bag,3.0,card,3.928,white,4.528,glove,5.128,glove,6.0,glove,6.0,hat,7.0,chairs,7.528,sock,8.128,card,9.0,shoe,9.328,glove,10.0,desks,11.0,desks,11.0,blue,12.0,desks,12.0
m_speech__ild_10__itd_0__targ_l,1,Masker,desks,2.128,glove,2.728,desks,3.328,blue,4.078,desks,4.678,blue,5.278,tables,5.728,card,6.328,bag,6.928,blue,7.678,red,8.278,spoons,8.728,chairs,9.478,sock,9.928,glove,10.528,spoons,11.128,sock,11.728,spoons,12.328
m_speech__ild_10__itd_0__targ_l,2,Target,desks,2.0,bag,3.0,hat,3.0,tables,3.928,chairs,5.0,hat,5.0,pen,6.0,spoons,6.0,shoe,7.0,hat,7.528,bag,8.128,tables,9.0,red,9.328,bag,10.0,shoe,11.0,tables,11.0,bag,12.0,white,12.0
m_speech__ild_10__itd_0__targ_l,2,Masker,chairs,2.128,sock,2.728,red,3.328,shoe,4.078,green,4.528,shoe,5.128,hat,5.728,tables,6.328,desks,6.928,tables,7.678,card,8.278,card,8.728,hat,9.478,red,9.928,blue,10.528,toy,11.128,chairs,11.728,chairs,12.328
m_speech__ild_10__itd_0__targ_l,3,Target,desks,2.0,card,3.0,blue,3.0,bag,4.0,sock,4.528,pen,5.0,bag,6.0,green,6.328,red,6.928,spoons,8.0,bag,8.128,bag,8.728,red,9.0,glove,9.928,desks,10.528,toy,11.128,card,12.0,sock,12.0
m_speech__ild_10__itd_0__targ_l,3,Masker,bag,2.128,tables,2.728,toy,3.328,chairs,3.928,blue,4.678,tables,5.128,green,5.728,chairs,6.478,spoons,7.078,glove,7.528,sock,8.278,red,8.878,tables,9.328,red,10.078,toy,10.678,spoons,11.278,spoons,11.728,bag,12.328
m_speech__ild_10__itd_0__targ_r,0,Target,tables,2.0,sock,2.57,chairs,3.17,white,3.77,white,5.0,blue,5.0,tables,5.57,green,6.17,tables,7.0,bag,7.37,hat,8.0,tables,9.0,shoe,9.0,toy,10.0,pen,10.37,spoons,11.0,pen,11.57,tables,12.17
m_speech__ild_10__itd_0__targ_r,0,Masker,blue,1.97,tables,2.72,green,3.32,tables,3.92,tables,4.37,tables,4.97,desks,5.72,toy,6.32,hat,6.77,desks,7.52,tables,7.97,sock,8.57,hat,9.17,desks,9.77,shoe,10.52,pen,10.97,tables,11.72,toy,12.32
m_speech__ild_10__itd_0__targ_r,1,Target,hat,2.0,bag,3.0,bag,3.0,pen,4.0,toy,5.0,chairs,4.97,hat,6.0,toy,6.0,tables,6.77,desks,8.0,blue,8.0,bag,8.57,tables,9.17,spoons,10.0,toy,11.0,chairs,11.0,pen,11.57,red,12.17
m_speech__ild_10__itd_0__targ_r,1,Masker,bag,1.97,chairs,2.57,shoe,3.17,red,3.77,desks,4.37,glove,5.12,tables,5.57,spoons,6.17,chairs,6.92,green,7.37,tables,7.97,tables,8.72,spoons,9.32,tables,9.77,sock,10.37,bag,10.97,card,11.72,chairs,12.32
m_speech__ild_10__itd_0__targ_r,2,Target,tables,1.97,bag,3.0,sock,3.17,hat,3.77,hat,5.0,glove,4.97,pen,5.57,sock,6.0,green,7.0,sock,8.0,chairs,7.97,glove,9.0,white,9.0,hat,9.77,sock,11.0,spoons,10.97,sock,11.57,hat,12.0
m_speech__ild_10__itd_0__targ_r,2,Masker,sock,2.12,hat,2.57,spoons,3.32,sock,3.92,red,4.37,card,5.12,sock,5.72,hat,6.17,toy,6.77,white,7.37,sock,8.12,green,8.57,hat,9.17,card,9.92,blue,10.37,sock,11.12,toy,11.72,sock,12.17
m_speech__ild_10__itd_0__targ_r,3,Target,toy,1.97,toy,3.0,bag,3.0,desks,3.77,toy,5.0,chairs,5.0,pen,5.57,desks,6.17,blue,6.77,red,8.0,pen,8.0,toy,8.57,pen,9.17,pen,10.0,toy,11.0,bag,11.0,chairs,12.0,shoe,12.0
m_speech__ild_10__itd_0__targ_r,3,Masker,pen,2.12,pen,2.57,desks,3.17,glove,3.92,red,4.37,tables,4.97,chairs,5.72,bag,6.32,glove,6.92,card,7.37,spoons,7.97,pen,8.72,toy,9.32,blue,9.77,green,10.37,spoons,10.97,hat,11.57,chairs,12.17
m_noise__ild_10__itd_0__targ_l,0,Target,toy,2.409,blue,3.009,desks,4.0,bag,4.209,hat,4.809,white,5.409,sock,6.009,card,6.609,tables,7.209,desks,8.0,tables,9.0,blue,9.0,toy,10.0,toy,10.0,desks,11.0,card,12.0,toy,12.009,bag,13.0
m_noise__ild_10__itd_0__targ_l,0,Masker,noise,2.559,noise,3.159,noise,3.609,noise,4.359,noise,4.959,noise,5.559,noise,6.159,noise,6.759,noise,7.359,noise,7.809,noise,8.409,noise,9.009,noise,9.609,noise,10.209,noise,10.809,noise,11.409,noise,12.159,noise,12.609
m_noise__ild_10__itd_0__targ_l,1,Target,tables,2.409,shoe,3.0,green,4.0,bag,4.209,tables,4.809,sock,5.409,card,6.0,card,6.609,hat,7.209,blue,7.809,card,8.409,card,9.009,red,10.0,toy,10.209,hat,10.809,spoons,12.0,pen,12.009,blue,12.609
m_noise__ild_10__itd_0__targ_l,1,Masker,noise,2.559,noise,3.009,noise,3.609,noise,4.359,noise,4.959,noise,5.559,noise,6.009,noise,6.759,noise,7.359,noise,7.959,noise,8.559,noise,9.159,noise,9.609,noise,10.359,noise,10.959,noise,11.409,noise,12.159,noise,12.759
m_noise__ild_10__itd_0__targ_l,2,Target,red,3.0,toy,3.0,hat,4.0,shoe,4.209,pen,5.0,spoons,5.409,hat,6.0,red,7.0,spoons,7.209,bag,8.0,glove,9.0,tables,9.0,toy,10.0,glove,10.209,spoons,10.809,tables,12.0,toy,12.0,white,12.609
m_noise__ild_10__itd_0__targ_l,2,Masker,noise,2.409,noise,3.009,noise,3.609,noise,4.359,noise,4.809,noise,5.559,noise,6.009,noise,6.609,noise,7.359,noise,7.809,noise,8.409,noise,9.009,noise,9.609,noise,10.359,noise,10.959,noise,11.409,noise,12.009,noise,12.759
m_noise__ild_10__itd_0__targ_l,3,Target,chairs,3.0,pen,3.009,glove,4.0,green,4.209,desks,5.0,tables,5.409,desks,6.0,bag,6.609,sock,7.0,chairs,8.0,desks,9.0,shoe,9.009,red,10.0,glove,10.0,bag,11.0,card,12.0,pen,12.009,card,13.0
m_noise__ild_10__itd_0__targ_l,3,Masker,noise,2.409,noise,3.159,noise,3.609,noise,4.359,noise,4.809,noise,5.559,noise,6.009,noise,6.759,noise,7.209,noise,7.809,noise,8.409,noise,9.159,noise,9.609,noise,10.209,noise,10.809,noise,11.409,noise,12.159,noise,12.609
m_noise__ild_10__itd_0__targ_r,0,Target,glove,1.13,hat,1.73,chairs,2.33,toy,2.93,glove,3.53,shoe,4.13,desks,4.73,card,5.0,toy,6.0,tables,7.0,shoe,7.0,green,7.73,card,8.33,toy,9.0,glove,9.53,green,10.0,card,11.0,desks,11.33
m_noise__ild_10__itd_0__targ_r,0,Masker,noise,1.28,noise,1.88,noise,2.48,noise,3.08,noise,3.68,noise,4.28,noise,4.88,noise,5.33,noise,5.93,noise,6.53,noise,7.13,noise,7.88,noise,8.48,noise,8.93,noise,9.68,noise,10.13,noise,10.73,noise,11.48
m_noise__ild_10__itd_0__targ_r,1,Target,blue,1.13,hat,2.0,pen,2.33,card,3.0,desks,3.53,shoe,4.0,shoe,5.0,bag,5.0,glove,5.93,red,7.0,white,7.0,hat,7.73,card,8.33,hat,9.0,tables,10.0,tables,10.13,blue,10.73,bag,11.0
m_noise__ild_10__itd_0__targ_r,1,Masker,noise,1.28,noise,1.73,noise,2.48,noise,2.93,noise,3.68,noise,4.13,noise,4.73,noise,5.33,noise,6.08,noise,6.53,noise,7.13,noise,7.88,noise,8.48,noise,8.93,noise,9.53,noise,10.28,noise,10.88,noise,11.33
m_noise__ild_10__itd_0__targ_r,2,Target,glove,1.13,desks,2.0,chairs,2.0,shoe,3.0,desks,3.53,card,4.0,spoons,5.0,card,5.33,hat,6.0,chairs,7.0,pen,7.13,green,7.73,pen,8.0,toy,8.93,glove,9.53,glove,10.0,blue,10.73,glove,11.33
m_noise__ild_10__itd_0__targ_r,2,Masker,noise,1.28,noise,1.73,noise,2.33,noise,2.93,noise,3.68,noise,4.13,noise,4.73,noise,5.48,noise,5.93,noise,6.53,noise,7.28,noise,7.88,noise,8.33,noise,9.08,noise,9.68,noise,10.13,noise,10.88,noise,11.48
m_noise__ild_10__itd_0__targ_r,3,Target,pen,1.0,toy,1.73,desks,2.0,shoe,2.93,red,4.0,tables,4.0,green,4.73,spoons,5.33,tables,6.0,spoons,7.0,chairs,7.13,spoons,8.0,red,8.0,white,9.0,tables,9.53,spoons,10.0,spoons,10.73,tables,11.33
m_noise__ild_10__itd_0__targ_r,3,Masker,noise,1.13,noise,1.88,noise,2.33,noise,3.08,noise,3.53,noise,4.13,noise,4.88,noise,5.48,noise,5.93,noise,6.53,noise,7.28,noise,7.73,noise,8.33,noise,8.93,noise,9.68,noise,10.13,noise,10.88,noise,11.48
