Condition,Run,Type,Word0,Time0,Word1,Time1,Word2,Time2,Word3,Time3,Word4,Time4,Word5,Time5,Word6,Time6,Word7,Time7,Word8,Time8,Word9,Time9,Word10,Time10,Word11,Time11,Word12,Time12,Word13,Time13,Word14,Time14,Word15,Time15,Word16,Time16,Word17,Time17
practice,0,Target,toy,2.0,card,2.515,sock,3.0,card,3.715,sock,4.0,red,5.0,card,6.0,bag,6.0,sock,6.715,spoons,7.315,red,7.915,tables,8.515,glove,9.115,sock,10.0,shoe,10.315,spoons,11.0,blue,11.515,card,12.115
practice,0,Masker,none,1.915,none,2.665,none,3.115,none,3.865,none,4.315,none,4.915,none,5.515,none,6.115,none,6.865,none,7.465,none,8.065,none,8.665,none,9.265,none,9.715,none,10.465,none,10.915,none,11.665,none,12.265
practice,1,Target,green,1.915,spoons,3.0,hat,3.0,green,4.0,sock,4.315,shoe,5.0,hat,5.515,shoe,6.0,pen,6.715,chairs,7.315,bag,8.0,sock,9.0,sock,9.115,chairs,10.0,glove,10.315,desks,10.915,card,11.515,toy,12.0
practice,1,Masker,none,2.065,none,2.515,none,3.115,none,3.715,none,4.465,none,4.915,none,5.665,none,6.115,none,6.865,none,7.465,none,7.915,none,8.515,none,9.265,none,9.715,none,10.465,none,11.065,none,11.665,none,12.115
practice,2,Target,spoons,2.0,shoe,3.0,chairs,3.0,glove,4.0,chairs,4.315,desks,4.915,chairs,5.515,red,6.0,toy,7.0,card,7.315,toy,8.0,glove,9.0,toy,9.0,spoons,9.715,glove,10.0,green,10.915,chairs,11.515,glove,12.0
practice,2,Masker,none,1.915,none,2.515,none,3.115,none,3.715,none,4.465,none,5.065,none,5.665,none,6.115,none,6.715,none,7.465,none,7.915,none,8.515,none,9.115,none,9.865,none,10.315,none,11.065,none,11.665,none,12.115
practice,3,Target,red,1.915,desks,2.515,pen,3.0,spoons,4.0,chairs,4.0,blue,4.915,spoons,6.0,tables,6.115,desks,7.0,hat,7.0,glove,7.915,blue,8.515,desks,9.115,chairs,10.0,spoons,10.0,pen,10.915,sock,11.515,tables,12.0
practice,3,Masker,none,2.065,none,2.665,none,3.115,none,3.715,none,4.315,none,5.065,none,5.515,none,6.265,none,6.715,none,7.315,none,8.065,none,8.665,none,9.265,none,9.715,none,10.315,none,11.065,none,11.665,none,12.115
m_speech__ild_0__itd_50__targ_l__control_0,0,Target,shoe,2.0,sock,2.769,red,3.369,green,4.0,glove,4.569,bag,5.0,sock,5.769,pen,7.0,sock,6.969,shoe,8.0,hat,8.169,tables,8.769,hat,9.369,sock,10.0,shoe,11.0,card,11.0,sock,11.769,sock,12.369
m_speech__ild_0__itd_50__targ_l__control_0,0,Masker,chairs,2.169,shoe,2.919,sock,3.519,tables,3.969,shoe,4.719,green,5.169,spoons,5.919,glove,6.369,shoe,7.119,desks,7.569,pen,8.319,spoons,8.919,card,9.519,card,9.969,chairs,10.569,blue,11.169,pen,11.919,toy,12.519
m_speech__ild_0__itd_50__targ_l__control_0,1,Target,red,2.169,blue,3.0,toy,3.369,pen,3.969,card,5.0,desks,5.0,desks,5.769,tables,7.0,sock,6.969,desks,8.0,pen,8.0,hat,9.0,toy,10.0,glove,10.0,card,11.0,spoons,11.0,tables,12.0,desks,12.369
m_speech__ild_0__itd_50__targ_l__control_0,1,Masker,pen,2.319,spoons,2.769,card,3.519,spoons,4.119,glove,4.569,chairs,5.169,shoe,5.919,tables,6.369,pen,7.119,shoe,7.569,spoons,8.169,red,8.769,chairs,9.369,red,9.969,hat,10.569,desks,11.169,pen,11.769,pen,12.519
m_speech__ild_0__itd_50__targ_l__control_0,2,Target,hat,2.0,spoons,2.769,shoe,3.369,chairs,4.0,shoe,4.569,chairs,5.0,glove,5.769,toy,6.369,desks,6.969,toy,7.569,red,8.0,green,9.0,shoe,10.0,glove,9.969,bag,11.0,blue,11.169,pen,12.0,spoons,13.0
m_speech__ild_0__itd_50__targ_l__control_0,2,Masker,pen,2.169,pen,2.919,glove,3.519,shoe,3.969,hat,4.719,green,5.169,desks,5.919,green,6.519,spoons,7.119,glove,7.719,card,8.169,shoe,8.769,hat,9.369,bag,10.119,bag,10.569,card,11.319,sock,11.769,chairs,12.369
m_speech__ild_0__itd_50__targ_l__control_0,3,Target,tables,2.0,spoons,3.0,bag,4.0,white,3.969,shoe,5.0,card,5.0,glove,5.769,spoons,6.369,green,6.969,pen,7.569,chairs,8.0,bag,9.0,desks,10.0,green,9.969,green,11.0,bag,11.0,glove,11.769,desks,12.369
m_speech__ild_0__itd_50__targ_l__control_0,3,Masker,spoons,2.169,toy,2.769,red,3.369,spoons,4.119,glove,4.569,shoe,5.169,pen,5.919,bag,6.519,spoons,7.119,chairs,7.719,glove,8.169,blue,8.769,bag,9.369,spoons,10.119,bag,10.569,spoons,11.169,glove,11.919,green,12.519
m_speech__ild_0__itd_50__targ_r__control_0,0,Target,sock,2.186,bag,2.786,shoe,4.0,toy,4.0,desks,5.0,shoe,5.0,toy,5.786,pen,7.0,red,7.0,hat,7.586,desks,8.0,bag,9.0,glove,9.386,red,9.986,bag,10.586,glove,11.186,shoe,11.786,tables,13.0
m_speech__ild_0__itd_50__targ_r__control_0,0,Masker,card,2.336,pen,2.936,green,3.386,white,3.986,card,4.586,desks,5.186,sock,5.936,glove,6.386,hat,6.986,bag,7.736,card,8.186,spoons,8.786,bag,9.536,card,10.136,pen,10.736,bag,11.336,red,11.936,spoons,12.386
m_speech__ild_0__itd_50__targ_r__control_0,1,Target,bag,2.0,spoons,2.786,sock,4.0,glove,3.986,pen,4.586,spoons,5.186,red,5.786,pen,7.0,desks,6.986,chairs,7.586,spoons,8.0,shoe,9.0,toy,10.0,sock,9.986,pen,10.586,toy,11.186,desks,12.0,red,12.386
m_speech__ild_0__itd_50__targ_r__control_0,1,Masker,card,2.186,toy,2.936,glove,3.386,tables,4.136,desks,4.736,blue,5.336,tables,5.936,desks,6.386,spoons,7.136,hat,7.736,blue,8.186,spoons,8.786,desks,9.386,hat,10.136,desks,10.736,red,11.336,red,11.786,desks,12.536
m_speech__ild_0__itd_50__targ_r__control_0,2,Target,blue,2.0,shoe,3.0,bag,3.386,card,4.0,sock,5.0,chairs,5.0,spoons,5.786,card,7.0,spoons,6.986,red,8.0,tables,8.186,spoons,8.786,white,9.386,glove,9.986,bag,11.0,hat,11.186,blue,11.786,card,12.386
m_speech__ild_0__itd_50__targ_r__control_0,2,Masker,glove,2.186,bag,2.786,green,3.536,green,3.986,hat,4.586,spoons,5.186,chairs,5.936,glove,6.386,card,7.136,desks,7.586,chairs,8.336,bag,8.936,bag,9.536,chairs,10.136,red,10.586,spoons,11.336,tables,11.936,desks,12.536
m_speech__ild_0__itd_50__targ_r__control_0,3,Target,chairs,2.186,tables,2.786,card,3.386,desks,3.986,chairs,5.0,shoe,5.0,chairs,6.0,toy,6.386,green,7.0,spoons,8.0,tables,8.186,bag,8.786,tables,9.386,sock,10.0,chairs,10.586,blue,11.0,pen,12.0,pen,13.0
m_speech__ild_0__itd_50__targ_r__control_0,3,Masker,spoons,2.336,bag,2.936,red,3.536,card,4.136,white,4.586,spoons,5.186,bag,5.786,bag,6.536,sock,6.986,shoe,7.586,green,8.336,hat,8.936,hat,9.536,spoons,9.986,red,10.736,card,11.186,hat,11.786,shoe,12.386
m_noise__ild_0__itd_50__targ_l__control_0,0,Target,bag,2.305,glove,2.905,blue,3.505,spoons,4.0,red,5.0,hat,5.0,green,5.905,desks,6.505,shoe,7.0,desks,7.705,desks,8.305,tables,9.0,hat,9.505,shoe,10.0,tables,11.0,toy,11.305,sock,12.0,spoons,12.505
m_noise__ild_0__itd_50__targ_l__control_0,0,Masker,noise,2.455,noise,3.055,noise,3.655,noise,4.105,noise,4.705,noise,5.305,noise,6.055,noise,6.655,noise,7.105,noise,7.855,noise,8.455,noise,8.905,noise,9.655,noise,10.105,noise,10.705,noise,11.455,noise,11.905,noise,12.655
m_noise__ild_0__itd_50__targ_l__control_0,1,Target,chairs,2.0,toy,2.905,glove,3.505,blue,4.105,bag,4.705,card,5.0,desks,5.905,toy,7.0,pen,7.0,card,7.705,bag,8.305,blue,9.0,sock,9.505,tables,10.105,toy,10.705,card,11.305,pen,12.0,card,12.505
m_noise__ild_0__itd_50__targ_l__control_0,1,Masker,noise,2.305,noise,3.055,noise,3.655,noise,4.255,noise,4.855,noise,5.305,noise,6.055,noise,6.505,noise,7.105,noise,7.855,noise,8.455,noise,8.905,noise,9.655,noise,10.255,noise,10.855,noise,11.455,noise,11.905,noise,12.655
m_noise__ild_0__itd_50__targ_l__control_0,2,Target,card,2.305,toy,2.905,bag,4.0,hat,4.105,pen,5.0,shoe,5.305,green,5.905,pen,7.0,shoe,7.0,toy,7.705,chairs,8.0,glove,9.0,green,9.505,shoe,10.105,hat,10.705,spoons,11.305,card,12.0,sock,13.0
m_noise__ild_0__itd_50__targ_l__control_0,2,Masker,noise,2.455,noise,3.055,noise,3.505,noise,4.255,noise,4.705,noise,5.455,noise,6.055,noise,6.505,noise,7.105,noise,7.855,noise,8.305,noise,8.905,noise,9.655,noise,10.255,noise,10.855,noise,11.455,noise,11.905,noise,12.505
m_noise__ild_0__itd_50__targ_l__control_0,3,Target,bag,2.0,spoons,3.0,card,3.505,white,4.0,spoons,4.705,green,5.0,spoons,6.0,white,6.505,hat,7.0,desks,8.0,sock,8.305,hat,9.0,shoe,10.0,spoons,10.0,pen,10.705,tables,11.305,red,11.905,card,13.0
m_noise__ild_0__itd_50__targ_l__control_0,3,Masker,noise,2.305,noise,2.905,noise,3.655,noise,4.105,noise,4.855,noise,5.305,noise,5.905,noise,6.655,noise,7.105,noise,7.705,noise,8.455,noise,8.905,noise,9.505,noise,10.105,noise,10.855,noise,11.455,noise,12.055,noise,12.505
m_noise__ild_0__itd_50__targ_r__control_0,0,Target,hat,2.0,chairs,2.268,pen,2.868,hat,3.468,red,4.068,pen,4.668,pen,5.0,hat,5.868,tables,7.0,spoons,7.0,bag,7.668,green,8.268,bag,8.868,chairs,10.0,toy,10.0,hat,11.0,white,11.0,card,11.868
m_noise__ild_0__itd_50__targ_r__control_0,0,Masker,noise,1.668,noise,2.418,noise,3.018,noise,3.618,noise,4.218,noise,4.818,noise,5.268,noise,6.018,noise,6.468,noise,7.068,noise,7.818,noise,8.418,noise,9.018,noise,9.468,noise,10.068,noise,10.668,noise,11.268,noise,12.018
m_noise__ild_0__itd_50__targ_r__control_0,1,Target,green,1.668,card,2.0,desks,2.868,hat,4.0,hat,4.0,toy,5.0,chairs,5.268,blue,6.0,toy,6.468,blue,7.068,toy,8.0,toy,8.268,chairs,8.868,tables,9.468,card,10.068,toy,10.668,glove,11.0,hat,11.868
m_noise__ild_0__itd_50__targ_r__control_0,1,Masker,noise,1.818,noise,2.268,noise,3.018,noise,3.468,noise,4.068,noise,4.668,noise,5.418,noise,5.868,noise,6.618,noise,7.218,noise,7.668,noise,8.418,noise,9.018,noise,9.618,noise,10.218,noise,10.818,noise,11.268,noise,12.018
m_noise__ild_0__itd_50__targ_r__control_0,2,Target,bag,2.0,sock,2.268,glove,3.0,hat,3.468,bag,4.068,glove,4.668,hat,5.268,spoons,5.868,tables,7.0,red,7.068,tables,7.668,desks,8.268,sock,8.868,red,9.468,pen,10.068,sock,10.668,desks,11.268,shoe,11.868
m_noise__ild_0__itd_50__targ_r__control_0,2,Masker,noise,1.668,noise,2.418,noise,2.868,noise,3.618,noise,4.218,noise,4.818,noise,5.418,noise,6.018,noise,6.468,noise,7.218,noise,7.818,noise,8.418,noise,9.018,noise,9.618,noise,10.218,noise,10.818,noise,11.418,noise,12.018
m_noise__ild_0__itd_50__targ_r__control_0,3,Target,chairs,1.668,toy,2.268,tables,2.868,hat,4.0,toy,4.068,bag,4.668,toy,5.0,tables,5.868,desks,6.468,white,7.068,tables,8.0,toy,8.0,tables,8.868,red,10.0,tables,10.068,shoe,10.668,green,11.268,tables,11.868
m_noise__ild_0__itd_50__targ_r__control_0,3,Masker,noise,1.818,noise,2.418,noise,3.018,noise,3.468,noise,4.218,noise,4.818,noise,5.268,noise,6.018,noise,6.618,noise,7.218,noise,7.668,noise,8.268,noise,9.018,noise,9.468,noise,10.218,noise,10.818,noise,11.418,noise,12.018
m_speech__ild_0__itd_500__targ_l__control_0,0,Target,pen,3.0,tables,4.0,shoe,4.0,spoons,5.0,pen,5.33,hat,5.93,shoe,7.0,desks,7.0,sock,7.73,spoons,8.33,desks,8.93,blue,9.53,spoons,10.0,pen,11.0,green,11.0,bag,12.0,blue,12.53,sock,13.13
m_speech__ild_0__itd_500__targ_l__control_0,0,Masker,green,2.93,glove,3.53,hat,4.13,toy,4.73,chairs,5.48,sock,6.08,tables,6.53,shoe,7.13,spoons,7.88,shoe,8.48,toy,9.08,chairs,9.68,hat,10.13,white,10.73,toy,11.33,sock,11.93,pen,12.68,glove,13.28
m_speech__ild_0__itd_500__targ_l__control_0,1,Target,bag,2.93,shoe,4.0,sock,4.0,pen,5.0,hat,5.33,glove,6.0,desks,6.53,sock,7.0,green,8.0,green,8.0,chairs,9.0,glove,9.53,tables,10.0,hat,10.73,sock,11.0,spoons,12.0,red,12.53,sock,13.13
m_speech__ild_0__itd_500__targ_l__control_0,1,Masker,hat,3.08,hat,3.53,sock,4.13,tables,4.73,spoons,5.48,sock,5.93,tables,6.68,desks,7.13,sock,7.73,sock,8.33,red,8.93,pen,9.68,sock,10.13,glove,10.88,toy,11.33,spoons,11.93,sock,12.68,green,13.28
m_speech__ild_0__itd_500__targ_l__control_0,2,Target,white,2.93,red,4.0,desks,4.0,sock,4.73,tables,5.0,card,5.93,desks,7.0,hat,7.0,desks,8.0,white,8.0,tables,9.0,green,10.0,card,10.0,pen,10.73,desks,11.0,tables,12.0,glove,12.53,shoe,13.0
m_speech__ild_0__itd_500__targ_l__control_0,2,Masker,desks,3.08,chairs,3.53,hat,4.13,white,4.88,sock,5.33,red,6.08,tables,6.53,card,7.13,spoons,7.73,shoe,8.33,bag,8.93,tables,9.53,chairs,10.13,desks,10.88,white,11.33,hat,11.93,shoe,12.68,card,13.13
m_speech__ild_0__itd_500__targ_l__control_0,3,Target,red,3.0,card,3.53,chairs,4.0,green,5.0,red,5.33,hat,6.0,hat,7.0,toy,7.13,pen,7.73,toy,8.0,toy,9.0,chairs,10.0,tables,10.13,hat,10.73,shoe,11.33,white,11.93,sock,12.53,hat,13.0
m_speech__ild_0__itd_500__targ_l__control_0,3,Masker,shoe,2.93,bag,3.68,glove,4.13,pen,4.73,shoe,5.48,blue,5.93,glove,6.53,shoe,7.28,shoe,7.88,shoe,8.33,shoe,8.93,shoe,9.53,green,10.28,tables,10.88,toy,11.48,chairs,12.08,shoe,12.68,green,13.13
m_speech__ild_0__itd_500__targ_r__control_0,0,Target,spoons,2.58,hat,3.18,red,4.0,chairs,4.38,red,4.98,shoe,6.0,spoons,6.18,sock,7.0,pen,8.0,desks,7.98,hat,9.0,card,9.18,pen,9.78,desks,11.0,hat,11.0,toy,11.58,pen,12.18,card,12.78
m_speech__ild_0__itd_500__targ_r__control_0,0,Masker,hat,2.73,shoe,3.33,hat,3.78,spoons,4.53,spoons,5.13,hat,5.58,shoe,6.33,shoe,6.78,hat,7.38,hat,8.13,blue,8.58,desks,9.33,white,9.93,hat,10.38,blue,10.98,tables,11.73,red,12.33,bag,12.93
m_speech__ild_0__itd_500__targ_r__control_0,1,Target,sock,3.0,tables,3.18,white,4.0,shoe,5.0,toy,4.98,shoe,6.0,toy,6.0,green,6.78,desks,8.0,red,7.98,sock,9.0,bag,9.0,sock,10.0,spoons,10.38,glove,10.98,bag,11.58,pen,12.0,pen,13.0
m_speech__ild_0__itd_500__targ_r__control_0,1,Masker,chairs,2.58,bag,3.33,glove,3.78,card,4.38,bag,5.13,white,5.58,hat,6.18,tables,6.93,glove,7.38,bag,8.13,pen,8.58,red,9.18,shoe,9.78,toy,10.53,red,11.13,hat,11.73,chairs,12.18,tables,12.78
m_speech__ild_0__itd_500__targ_r__control_0,2,Target,shoe,2.58,green,3.0,spoons,3.78,tables,5.0,white,4.98,hat,6.0,tables,6.18,desks,7.0,hat,8.0,sock,7.98,spoons,8.58,hat,9.0,chairs,10.0,chairs,10.38,chairs,11.0,white,11.58,hat,12.0,tables,13.0
m_speech__ild_0__itd_500__targ_r__control_0,2,Masker,tables,2.73,hat,3.18,chairs,3.93,desks,4.38,chairs,5.13,blue,5.58,bag,6.33,pen,6.78,tables,7.38,tables,8.13,card,8.73,shoe,9.18,spoons,9.78,bag,10.53,chairs,10.98,tables,11.73,spoons,12.18,red,12.78
m_speech__ild_0__itd_500__targ_r__control_0,3,Target,toy,2.58,hat,3.18,spoons,4.0,bag,4.38,card,5.0,toy,6.0,bag,6.18,tables,7.0,blue,8.0,red,7.98,tables,8.58,glove,9.0,pen,9.78,spoons,10.38,hat,10.98,spoons,12.0,green,12.0,shoe,13.0
m_speech__ild_0__itd_500__targ_r__control_0,3,Masker,spoons,2.73,toy,3.33,tables,3.78,pen,4.53,white,4.98,sock,5.58,sock,6.33,blue,6.78,sock,7.38,glove,8.13,chairs,8.73,chairs,9.18,sock,9.93,white,10.53,shoe,11.13,chairs,11.58,glove,12.18,spoons,12.78
m_noise__ild_0__itd_500__targ_l__control_0,0,Target,pen,2.0,toy,2.696,spoons,3.0,desks,3.896,glove,4.496,white,5.0,white,6.0,chairs,6.0,shoe,7.0,toy,7.496,desks,8.0,spoons,8.696,desks,9.0,sock,10.0,spoons,11.0,desks,11.0,card,11.696,glove,12.0
m_noise__ild_0__itd_500__targ_l__control_0,0,Masker,noise,2.096,noise,2.846,noise,3.296,noise,4.046,noise,4.646,noise,5.096,noise,5.696,noise,6.296,noise,6.896,noise,7.646,noise,8.096,noise,8.846,noise,9.296,noise,9.896,noise,10.496,noise,11.096,noise,11.846,noise,12.296
m_noise__ild_0__itd_500__targ_l__control_0,1,Target,shoe,2.0,card,3.0,spoons,3.296,red,3.896,shoe,5.0,desks,5.0,shoe,6.0,desks,6.0,sock,6.896,toy,7.496,pen,8.096,shoe,9.0,red,9.296,spoons,10.0,spoons,11.0,toy,11.0,card,11.696,spoons,12.0
m_noise__ild_0__itd_500__targ_l__control_0,1,Masker,noise,2.096,noise,2.696,noise,3.446,noise,4.046,noise,4.496,noise,5.096,noise,5.696,noise,6.296,noise,7.046,noise,7.646,noise,8.246,noise,8.696,noise,9.446,noise,9.896,noise,10.496,noise,11.096,noise,11.846,noise,12.296
m_noise__ild_0__itd_500__targ_l__control_0,2,Target,hat,2.096,spoons,2.696,glove,3.0,card,4.0,white,4.496,spoons,5.0,card,5.696,toy,6.0,hat,7.0,chairs,8.0,toy,8.096,blue,8.696,spoons,9.0,hat,10.0,card,10.496,pen,11.0,spoons,12.0,hat,12.0
m_noise__ild_0__itd_500__targ_l__control_0,2,Masker,noise,2.246,noise,2.846,noise,3.296,noise,3.896,noise,4.646,noise,5.096,noise,5.846,noise,6.296,noise,6.896,noise,7.496,noise,8.246,noise,8.846,noise,9.296,noise,9.896,noise,10.646,noise,11.096,noise,11.696,noise,12.296
m_noise__ild_0__itd_500__targ_l__control_0,3,Target,bag,2.0,toy,2.696,pen,3.0,tables,3.896,blue,4.496,tables,5.0,white,5.696,sock,6.0,glove,7.0,blue,7.496,shoe,8.0,shoe,9.0,bag,9.296,card,9.896,glove,11.0,desks,11.0,white,12.0,tables,12.0
m_noise__ild_0__itd_500__targ_l__control_0,3,Masker,noise,2.096,noise,2.846,noise,3.296,noise,4.046,noise,4.646,noise,5.096,noise,5.846,noise,6.296,noise,6.896,noise,7.646,noise,8.096,noise,8.696,noise,9.446,noise,10.046,noise,10.496,noise,11.096,noise,11.696,noise,12.296
m_noise__ild_0__itd_500__targ_r__control_0,0,Target,red,2.73,chairs,3.0,sock,4.0,sock,5.0,hat,5.0,shoe,6.0,chairs,6.33,shoe,6.93,tables,8.0,toy,8.13,sock,8.73,blue,9.0,chairs,9.93,tables,11.0,pen,11.13,chairs,12.0,bag,12.33,desks,13.0
m_noise__ild_0__itd_500__targ_r__control_0,0,Masker,noise,2.88,noise,3.33,noise,3.93,noise,4.53,noise,5.13,noise,5.73,noise,6.48,noise,7.08,noise,7.53,noise,8.28,noise,8.88,noise,9.33,noise,10.08,noise,10.53,noise,11.28,noise,11.73,noise,12.48,noise,12.93
m_noise__ild_0__itd_500__targ_r__control_0,1,Target,sock,3.0,glove,3.0,pen,3.93,sock,4.53,red,5.13,card,5.73,glove,6.0,chairs,6.93,glove,7.53,white,8.0,pen,8.73,green,9.33,sock,10.0,sock,10.53,pen,11.0,glove,12.0,pen,12.0,glove,13.0
m_noise__ild_0__itd_500__targ_r__control_0,1,Masker,noise,2.73,noise,3.33,noise,4.08,noise,4.68,noise,5.28,noise,5.88,noise,6.33,noise,7.08,noise,7.68,noise,8.13,noise,8.88,noise,9.48,noise,9.93,noise,10.68,noise,11.13,noise,11.73,noise,12.33,noise,12.93
m_noise__ild_0__itd_500__targ_r__control_0,2,Target,hat,3.0,toy,3.33,bag,4.0,chairs,4.53,tables,5.0,shoe,6.0,tables,6.33,shoe,6.93,glove,8.0,glove,8.13,bag,8.73,blue,9.0,spoons,9.93,bag,11.0,hat,11.13,pen,12.0,toy,12.0,blue,12.93
m_noise__ild_0__itd_500__targ_r__control_0,2,Masker,noise,2.73,noise,3.48,noise,3.93,noise,4.68,noise,5.13,noise,5.73,noise,6.48,noise,7.08,noise,7.53,noise,8.28,noise,8.88,noise,9.33,noise,10.08,noise,10.53,noise,11.28,noise,11.73,noise,12.33,noise,13.08
m_noise__ild_0__itd_500__targ_r__control_0,3,Target,shoe,3.0,white,3.33,tables,3.93,sock,5.0,pen,5.13,glove,6.0,spoons,6.0,glove,7.0,chairs,7.53,spoons,8.13,hat,8.73,tables,9.0,card,10.0,chairs,11.0,tables,11.0,green,11.73,sock,12.33,card,12.93
m_noise__ild_0__itd_500__targ_r__control_0,3,Masker,noise,2.73,noise,3.48,noise,4.08,noise,4.53,noise,5.28,noise,5.73,noise,6.33,noise,6.93,noise,7.68,noise,8.28,noise,8.88,noise,9.33,noise,9.93,noise,10.53,noise,11.13,noise,11.88,noise,12.48,noise,13.08
m_speech__ild_10__itd_0__targ_l__control_0,0,Target,white,3.0,toy,3.373,white,4.0,card,5.0,tables,5.0,pen,6.0,chairs,6.373,green,7.0,white,7.573,toy,8.173,glove,8.773,sock,9.373,bag,9.973,toy,10.573,sock,11.0,bag,11.773,spoons,13.0,hat,13.0
m_speech__ild_10__itd_0__targ_l__control_0,0,Masker,toy,2.773,green,3.523,bag,3.973,red,4.573,white,5.173,tables,5.773,bag,6.523,toy,6.973,pen,7.723,spoons,8.323,pen,8.923,glove,9.523,shoe,10.123,glove,10.723,card,11.173,chairs,11.923,bag,12.373,shoe,12.973
m_speech__ild_10__itd_0__targ_l__control_0,1,Target,sock,3.0,chairs,3.373,tables,3.973,toy,4.573,desks,5.173,red,5.773,chairs,7.0,glove,6.973,sock,7.573,toy,8.0,sock,8.773,sock,9.373,spoons,10.0,chairs,10.573,desks,11.173,shoe,12.0,white,12.373,bag,12.973
m_speech__ild_10__itd_0__targ_l__control_0,1,Masker,shoe,2.773,green,3.523,card,4.123,red,4.723,blue,5.323,bag,5.923,blue,6.373,spoons,7.123,tables,7.723,sock,8.173,desks,8.923,shoe,9.523,shoe,9.973,pen,10.723,sock,11.323,desks,11.773,sock,12.523,shoe,13.123
m_speech__ild_10__itd_0__targ_l__control_0,2,Target,tables,3.0,sock,3.373,bag,4.0,desks,5.0,shoe,5.173,blue,5.773,shoe,6.373,bag,6.973,white,8.0,chairs,8.0,spoons,9.0,sock,10.0,sock,10.0,spoons,10.573,sock,11.0,green,12.0,red,13.0,glove,12.973
m_speech__ild_10__itd_0__targ_l__control_0,2,Masker,sock,2.773,shoe,3.523,toy,3.973,spoons,4.573,hat,5.323,bag,5.923,sock,6.523,spoons,7.123,bag,7.573,hat,8.173,desks,8.773,desks,9.373,hat,9.973,glove,10.723,white,11.173,bag,11.773,sock,12.373,white,13.123
m_speech__ild_10__itd_0__targ_l__control_0,3,Target,card,2.773,blue,3.373,shoe,3.973,card,4.573,hat,5.173,shoe,6.0,hat,7.0,card,7.0,glove,8.0,tables,8.0,glove,8.773,bag,9.373,desks,10.0,card,10.573,tables,11.0,white,11.773,red,12.373,red,12.973
m_speech__ild_10__itd_0__targ_l__control_0,3,Masker,sock,2.923,sock,3.523,tables,4.123,desks,4.723,shoe,5.323,hat,5.773,spoons,6.373,shoe,6.973,red,7.573,blue,8.173,bag,8.923,glove,9.523,hat,9.973,tables,10.723,green,11.173,toy,11.923,sock,12.523,spoons,13.123
m_speech__ild_10__itd_0__targ_r__control_0,0,Target,chairs,1.0,glove,1.733,sock,2.0,sock,3.0,desks,4.0,red,4.133,desks,5.0,bag,5.0,spoons,6.0,glove,6.533,chairs,7.133,bag,8.0,hat,8.333,desks,8.933,red,10.0,hat,10.133,pen,11.0,glove,11.333
m_speech__ild_10__itd_0__targ_r__control_0,0,Masker,shoe,1.133,sock,1.883,spoons,2.333,tables,2.933,pen,3.533,sock,4.283,glove,4.733,pen,5.333,green,5.933,hat,6.683,desks,7.283,glove,7.733,bag,8.483,pen,9.083,glove,9.533,red,10.283,sock,10.733,red,11.483
m_speech__ild_10__itd_0__targ_r__control_0,1,Target,pen,1.133,bag,2.0,toy,2.333,bag,3.0,shoe,3.533,glove,4.133,sock,5.0,blue,5.333,sock,6.0,glove,6.533,red,7.0,chairs,8.0,card,8.0,shoe,9.0,red,9.533,bag,10.133,card,10.733,shoe,11.333
m_speech__ild_10__itd_0__targ_r__control_0,1,Masker,toy,1.283,shoe,1.733,pen,2.483,white,2.933,desks,3.683,green,4.283,tables,4.733,shoe,5.483,spoons,5.933,glove,6.683,glove,7.133,bag,7.733,tables,8.333,shoe,8.933,bag,9.683,card,10.283,shoe,10.883,chairs,11.483
m_speech__ild_10__itd_0__targ_r__control_0,2,Target,desks,1.0,shoe,2.0,desks,2.0,glove,2.933,chairs,3.533,green,4.133,hat,4.733,card,5.0,hat,5.933,card,7.0,toy,7.0,blue,8.0,card,8.0,red,8.933,card,10.0,shoe,10.133,white,10.733,toy,11.0
m_speech__ild_10__itd_0__targ_r__control_0,2,Masker,hat,1.133,glove,1.733,pen,2.333,tables,3.083,shoe,3.683,hat,4.283,desks,4.883,hat,5.333,red,6.083,toy,6.533,hat,7.133,bag,7.733,shoe,8.333,card,9.083,green,9.533,red,10.283,pen,10.883,desks,11.333
m_speech__ild_10__itd_0__targ_r__control_0,3,Target,pen,1.0,tables,2.0,green,2.333,white,3.0,sock,3.533,green,4.133,spoons,4.733,desks,5.0,blue,6.0,card,7.0,pen,7.0,toy,8.0,shoe,8.0,spoons,9.0,toy,9.533,sock,10.133,toy,11.0,spoons,11.0
m_speech__ild_10__itd_0__targ_r__control_0,3,Masker,chairs,1.133,bag,1.733,spoons,2.483,pen,2.933,spoons,3.683,card,4.283,pen,4.883,glove,5.333,pen,5.933,green,6.533,pen,7.133,bag,7.733,green,8.333,white,8.933,pen,9.683,spoons,10.283,glove,10.733,pen,11.333
m_noise__ild_10__itd_0__targ_l__control_0,0,Target,white,3.0,card,3.017,shoe,4.0,green,4.0,chairs,4.817,hat,5.417,desks,6.017,shoe,7.0,bag,7.0,toy,8.0,white,8.417,shoe,9.0,spoons,9.617,card,10.0,desks,11.0,red,11.417,pen,12.0,sock,13.0
m_noise__ild_10__itd_0__targ_l__control_0,0,Masker,noise,2.417,noise,3.167,noise,3.617,noise,4.217,noise,4.967,noise,5.567,noise,6.167,noise,6.617,noise,7.217,noise,7.817,noise,8.567,noise,9.017,noise,9.767,noise,10.217,noise,10.817,noise,11.567,noise,12.017,noise,12.617
m_noise__ild_10__itd_0__targ_l__control_0,1,Target,hat,3.0,toy,3.017,card,4.0,chairs,4.217,bag,4.817,glove,6.0,blue,6.0,white,6.617,hat,7.0,shoe,8.0,toy,9.0,bag,9.017,card,9.617,desks,10.217,spoons,11.0,white,12.0,card,12.017,desks,12.617
m_noise__ild_10__itd_0__targ_l__control_0,1,Masker,noise,2.417,noise,3.167,noise,3.617,noise,4.367,noise,4.967,noise,5.417,noise,6.017,noise,6.767,noise,7.217,noise,7.817,noise,8.417,noise,9.167,noise,9.767,noise,10.367,noise,10.817,noise,11.417,noise,12.167,noise,12.767
m_noise__ild_10__itd_0__targ_l__control_0,2,Target,hat,2.417,chairs,3.0,spoons,3.617,card,4.217,tables,5.0,card,6.0,desks,6.017,sock,7.0,red,7.0,chairs,8.0,chairs,9.0,desks,9.0,shoe,9.617,tables,10.0,bag,11.0,desks,11.417,red,12.0,desks,12.617
m_noise__ild_10__itd_0__targ_l__control_0,2,Masker,noise,2.567,noise,3.017,noise,3.767,noise,4.367,noise,4.817,noise,5.417,noise,6.167,noise,6.617,noise,7.217,noise,7.817,noise,8.417,noise,9.017,noise,9.767,noise,10.217,noise,10.817,noise,11.567,noise,12.017,noise,12.767
m_noise__ild_10__itd_0__targ_l__control_0,3,Target,red,2.417,toy,3.0,shoe,3.617,sock,4.217,glove,4.817,blue,5.417,desks,6.0,toy,6.617,sock,7.217,card,7.817,bag,9.0,spoons,9.017,pen,10.0,chairs,10.0,bag,11.0,sock,12.0,sock,12.0,bag,13.0
m_noise__ild_10__itd_0__targ_l__control_0,3,Masker,noise,2.567,noise,3.017,noise,3.767,noise,4.367,noise,4.967,noise,5.567,noise,6.017,noise,6.767,noise,7.367,noise,7.967,noise,8.417,noise,9.167,noise,9.617,noise,10.217,noise,10.817,noise,11.417,noise,12.017,noise,12.617
m_noise__ild_10__itd_0__targ_r__control_0,0,Target,sock,1.551,desks,2.0,spoons,3.0,shoe,4.0,sock,3.951,chairs,5.0,bag,5.151,blue,5.751,glove,6.351,bag,7.0,red,8.0,white,8.0,tables,9.0,shoe,10.0,sock,9.951,desks,10.551,green,11.0,glove,11.751
m_noise__ild_10__itd_0__targ_r__control_0,0,Masker,noise,1.701,noise,2.151,noise,2.751,noise,3.351,noise,4.101,noise,4.551,noise,5.301,noise,5.901,noise,6.501,noise,6.951,noise,7.551,noise,8.151,noise,8.751,noise,9.351,noise,10.101,noise,10.701,noise,11.151,noise,11.901
m_noise__ild_10__itd_0__targ_r__control_0,1,Target,glove,2.0,spoons,2.151,chairs,3.0,tables,4.0,toy,4.0,green,4.551,bag,5.0,bag,5.751,tables,6.351,bag,6.951,green,7.551,glove,8.151,red,8.751,sock,9.351,spoons,9.951,toy,11.0,tables,11.151,bag,12.0
m_noise__ild_10__itd_0__targ_r__control_0,1,Masker,noise,1.551,noise,2.301,noise,2.751,noise,3.351,noise,3.951,noise,4.701,noise,5.151,noise,5.901,noise,6.501,noise,7.101,noise,7.701,noise,8.301,noise,8.901,noise,9.501,noise,10.101,noise,10.551,noise,11.301,noise,11.751
m_noise__ild_10__itd_0__targ_r__control_0,2,Target,red,2.0,tables,2.0,spoons,2.751,hat,3.351,card,4.0,tables,5.0,glove,5.0,sock,5.751,blue,7.0,pen,6.951,chairs,8.0,sock,8.151,spoons,9.0,card,10.0,shoe,9.951,desks,11.0,spoons,11.151,red,11.751
m_noise__ild_10__itd_0__targ_r__control_0,2,Masker,noise,1.551,noise,2.151,noise,2.901,noise,3.501,noise,3.951,noise,4.551,noise,5.151,noise,5.901,noise,6.351,noise,7.101,noise,7.551,noise,8.301,noise,8.751,noise,9.351,noise,10.101,noise,10.551,noise,11.301,noise,11.901
m_noise__ild_10__itd_0__targ_r__control_0,3,Target,tables,2.0,hat,2.151,desks,3.0,tables,4.0,tables,4.0,bag,4.551,hat,5.0,chairs,6.0,glove,7.0,chairs,7.0,blue,7.551,sock,8.0,glove,8.751,toy,10.0,shoe,9.951,tables,10.551,white,11.0,chairs,12.0
m_noise__ild_10__itd_0__targ_r__control_0,3,Masker,noise,1.551,noise,2.301,noise,2.751,noise,3.351,noise,3.951,noise,4.701,noise,5.151,noise,5.751,noise,6.351,noise,6.951,noise,7.701,noise,8.151,noise,8.901,noise,9.351,noise,10.101,noise,10.701,noise,11.151,noise,11.751
m_speech__ild_0__itd_500__targ_l__control_1,0,Target,toy,1.295,chairs,2.0,shoe,3.0,pen,3.0,hat,4.0,sock,4.0,tables,4.895,toy,6.0,hat,6.0,blue,6.695,pen,7.295,green,8.0,glove,8.495,hat,9.095,spoons,9.695,chairs,10.295,sock,10.895,hat,12.0
m_speech__ild_0__itd_500__targ_l__control_1,0,Masker,toy,1.445,glove,1.895,desks,2.495,white,3.095,pen,3.695,green,4.295,glove,5.045,bag,5.495,toy,6.095,chairs,6.845,card,7.445,chairs,7.895,toy,8.645,red,9.245,red,9.845,chairs,10.445,chairs,11.045,toy,11.495
m_speech__ild_0__itd_500__targ_l__control_1,1,Target,glove,1.295,bag,2.0,tables,2.495,desks,3.095,toy,3.695,glove,4.0,bag,5.0,green,5.495,shoe,6.0,tables,7.0,card,7.0,white,8.0,hat,9.0,green,9.095,green,9.695,chairs,10.0,toy,11.0,glove,11.495
m_speech__ild_0__itd_500__targ_l__control_1,1,Masker,tables,1.445,bag,1.895,tables,2.645,green,3.245,desks,3.845,shoe,4.295,glove,4.895,toy,5.645,white,6.095,toy,6.695,hat,7.295,glove,7.895,spoons,8.495,spoons,9.245,toy,9.845,glove,10.295,green,10.895,hat,11.645
m_speech__ild_0__itd_500__targ_l__control_1,2,Target,desks,1.0,desks,2.0,pen,3.0,sock,3.095,toy,4.0,card,4.295,toy,4.895,chairs,6.0,hat,6.095,glove,7.0,toy,7.0,hat,7.895,toy,9.0,shoe,9.095,blue,10.0,white,10.295,toy,10.895,tables,11.495
m_speech__ild_0__itd_500__targ_l__control_1,2,Masker,sock,1.295,white,1.895,hat,2.495,red,3.245,tables,3.695,spoons,4.445,sock,5.045,toy,5.495,card,6.245,green,6.695,green,7.295,pen,8.045,card,8.495,card,9.245,shoe,9.695,card,10.445,pen,11.045,sock,11.645
m_speech__ild_0__itd_500__targ_l__control_1,3,Target,glove,1.0,shoe,1.895,sock,2.495,spoons,3.095,toy,4.0,spoons,4.295,red,4.895,spoons,5.495,shoe,6.095,spoons,6.695,red,7.0,shoe,7.895,glove,9.0,blue,9.095,chairs,9.695,hat,10.0,spoons,10.895,pen,11.495
m_speech__ild_0__itd_500__targ_l__control_1,3,Masker,red,1.295,green,2.045,toy,2.645,white,3.245,hat,3.695,bag,4.445,pen,5.045,card,5.645,hat,6.245,shoe,6.845,chairs,7.295,chairs,8.045,hat,8.495,glove,9.245,shoe,9.845,card,10.295,glove,11.045,hat,11.645
m_speech__ild_0__itd_500__targ_r__control_1,0,Target,glove,1.068,desks,1.668,blue,2.268,card,3.0,glove,4.0,sock,4.068,desks,4.668,glove,5.268,toy,6.0,spoons,7.0,red,7.0,spoons,8.0,toy,8.268,card,8.868,blue,9.468,desks,10.068,glove,11.0,white,11.268
m_speech__ild_0__itd_500__targ_r__control_1,0,Masker,toy,1.218,spoons,1.818,chairs,2.418,green,2.868,desks,3.468,white,4.218,blue,4.818,hat,5.418,green,5.868,sock,6.468,bag,7.068,glove,7.668,card,8.418,tables,9.018,tables,9.618,glove,10.218,card,10.668,chairs,11.418
m_speech__ild_0__itd_500__targ_r__control_1,1,Target,desks,1.068,toy,1.668,hat,2.0,desks,3.0,card,4.0,shoe,4.0,bag,5.0,card,5.268,spoons,6.0,green,6.468,spoons,7.068,glove,8.0,spoons,8.0,blue,9.0,desks,9.468,pen,10.068,sock,11.0,card,11.268
m_speech__ild_0__itd_500__targ_r__control_1,1,Masker,red,1.218,hat,1.818,bag,2.268,tables,2.868,desks,3.468,chairs,4.068,pen,4.668,chairs,5.418,spoons,5.868,toy,6.618,bag,7.218,toy,7.668,tables,8.268,hat,8.868,bag,9.618,desks,10.218,green,10.668,hat,11.418
m_speech__ild_0__itd_500__targ_r__control_1,2,Target,bag,1.068,sock,1.668,card,2.268,tables,3.0,card,4.0,sock,4.0,sock,4.668,toy,5.0,pen,5.868,toy,7.0,glove,7.0,card,7.668,green,8.268,card,8.868,bag,10.0,tables,10.068,card,11.0,red,11.0
m_speech__ild_0__itd_500__targ_r__control_1,2,Masker,spoons,1.218,pen,1.818,sock,2.418,hat,2.868,hat,3.468,toy,4.068,chairs,4.818,red,5.268,sock,6.018,blue,6.468,spoons,7.068,desks,7.818,toy,8.418,blue,9.018,pen,9.468,sock,10.218,red,10.668,card,11.268
m_speech__ild_0__itd_500__targ_r__control_1,3,Target,spoons,1.0,bag,2.0,desks,2.0,sock,3.0,blue,3.468,spoons,4.0,glove,4.668,white,5.268,tables,6.0,glove,7.0,spoons,7.0,shoe,8.0,chairs,8.268,sock,8.868,green,10.0,spoons,10.0,red,11.0,bag,11.0
m_speech__ild_0__itd_500__targ_r__control_1,3,Masker,shoe,1.068,white,1.668,shoe,2.268,hat,2.868,toy,3.618,red,4.068,tables,4.818,spoons,5.418,chairs,5.868,shoe,6.468,tables,7.068,spoons,7.668,card,8.418,sock,9.018,shoe,9.468,sock,10.068,desks,10.668,sock,11.268
m_noise__ild_0__itd_500__targ_l__control_1,0,Target,spoons,1.294,sock,2.0,spoons,2.494,toy,3.094,pen,3.694,sock,4.0,shoe,4.894,white,6.0,chairs,6.0,spoons,7.0,card,7.294,spoons,8.0,toy,8.494,sock,9.0,tables,9.694,spoons,10.294,white,10.894,pen,12.0
m_noise__ild_0__itd_500__targ_l__control_1,0,Masker,noise,1.444,noise,1.894,noise,2.644,noise,3.244,noise,3.844,noise,4.294,noise,5.044,noise,5.494,noise,6.094,noise,6.694,noise,7.444,noise,7.894,noise,8.644,noise,9.094,noise,9.844,noise,10.444,noise,11.044,noise,11.494
m_noise__ild_0__itd_500__targ_l__control_1,1,Target,sock,1.0,bag,1.894,shoe,3.0,spoons,3.0,shoe,3.694,toy,4.294,blue,4.894,card,6.0,glove,6.0,card,7.0,bag,7.0,desks,8.0,blue,8.494,spoons,9.094,blue,10.0,tables,10.294,pen,10.894,green,11.494
m_noise__ild_0__itd_500__targ_l__control_1,1,Masker,noise,1.294,noise,2.044,noise,2.494,noise,3.094,noise,3.844,noise,4.444,noise,5.044,noise,5.494,noise,6.094,noise,6.694,noise,7.294,noise,7.894,noise,8.644,noise,9.244,noise,9.694,noise,10.444,noise,11.044,noise,11.644
m_noise__ild_0__itd_500__targ_l__control_1,2,Target,pen,1.294,sock,1.894,shoe,3.0,bag,3.094,shoe,3.694,pen,4.0,card,4.894,glove,6.0,hat,6.0,tables,6.694,sock,7.294,spoons,7.894,chairs,9.0,shoe,9.094,card,9.694,green,10.0,blue,11.0,pen,12.0
m_noise__ild_0__itd_500__targ_l__control_1,2,Masker,noise,1.444,noise,2.044,noise,2.494,noise,3.244,noise,3.844,noise,4.294,noise,5.044,noise,5.494,noise,6.094,noise,6.844,noise,7.444,noise,8.044,noise,8.494,noise,9.244,noise,9.844,noise,10.294,noise,10.894,noise,11.494
m_noise__ild_0__itd_500__targ_l__control_1,3,Target,white,1.294,tables,1.894,chairs,3.0,pen,3.094,card,3.694,spoons,4.294,sock,4.894,red,5.494,white,6.0,hat,6.694,hat,7.0,pen,7.894,desks,8.494,chairs,9.094,card,9.694,bag,10.294,card,10.894,bag,11.494
m_noise__ild_0__itd_500__targ_l__control_1,3,Masker,noise,1.444,noise,2.044,noise,2.494,noise,3.244,noise,3.844,noise,4.444,noise,5.044,noise,5.644,noise,6.094,noise,6.844,noise,7.294,noise,8.044,noise,8.644,noise,9.244,noise,9.844,noise,10.444,noise,11.044,noise,11.644
m_noise__ild_0__itd_500__targ_r__control_1,0,Target,card,2.0,pen,2.091,bag,3.0,card,3.0,pen,4.0,spoons,4.491,toy,5.0,red,5.691,desks,6.291,hat,6.891,bag,8.0,spoons,8.0,hat,9.0,blue,9.291,shoe,9.891,hat,10.491,card,11.0,desks,12.0
m_noise__ild_0__itd_500__targ_r__control_1,0,Masker,noise,1.491,noise,2.241,noise,2.691,noise,3.291,noise,3.891,noise,4.641,noise,5.091,noise,5.841,noise,6.441,noise,7.041,noise,7.491,noise,8.091,noise,8.691,noise,9.441,noise,10.041,noise,10.641,noise,11.091,noise,11.691
m_noise__ild_0__itd_500__targ_r__control_1,1,Target,sock,1.491,shoe,2.091,bag,2.691,sock,3.0,glove,3.891,green,4.491,sock,5.0,spoons,5.691,hat,6.0,green,7.0,blue,8.0,pen,8.0,red,8.691,card,9.0,pen,10.0,bag,10.491,hat,11.091,shoe,11.691
m_noise__ild_0__itd_500__targ_r__control_1,1,Masker,noise,1.641,noise,2.241,noise,2.841,noise,3.291,noise,4.041,noise,4.641,noise,5.091,noise,5.841,noise,6.291,noise,6.891,noise,7.491,noise,8.091,noise,8.841,noise,9.291,noise,9.891,noise,10.641,noise,11.241,noise,11.841
m_noise__ild_0__itd_500__targ_r__control_1,2,Target,tables,1.491,desks,2.0,bag,2.691,chairs,3.0,spoons,3.891,blue,4.491,card,5.0,sock,5.691,red,6.0,toy,6.891,tables,8.0,sock,8.091,spoons,8.691,chairs,9.0,bag,9.891,blue,11.0,white,11.091,pen,11.691
m_noise__ild_0__itd_500__targ_r__control_1,2,Masker,noise,1.641,noise,2.091,noise,2.841,noise,3.291,noise,4.041,noise,4.641,noise,5.091,noise,5.841,noise,6.291,noise,7.041,noise,7.491,noise,8.241,noise,8.841,noise,9.291,noise,10.041,noise,10.491,noise,11.241,noise,11.841
m_noise__ild_0__itd_500__targ_r__control_1,3,Target,hat,1.491,chairs,2.091,hat,2.691,green,3.291,tables,4.0,toy,4.491,tables,5.091,hat,6.0,red,6.0,spoons,7.0,hat,8.0,green,8.091,hat,9.0,bag,9.0,chairs,10.0,pen,11.0,desks,11.091,hat,12.0
m_noise__ild_0__itd_500__targ_r__control_1,3,Masker,noise,1.641,noise,2.241,noise,2.841,noise,3.441,noise,3.891,noise,4.641,noise,5.241,noise,5.691,noise,6.291,noise,6.891,noise,7.491,noise,8.241,noise,8.691,noise,9.291,noise,9.891,noise,10.491,noise,11.241,noise,11.691
