Condition,Run,Type,Word0,Time0,Word1,Time1,Word2,Time2,Word3,Time3,Word4,Time4,Word5,Time5,Word6,Time6,Word7,Time7,Word8,Time8,Word9,Time9,Word10,Time10,Word11,Time11,Word12,Time12,Word13,Time13,Word14,Time14,Word15,Time15,Word16,Time16,Word17,Time17
practice,0,Target,red,2.0,card,3.0,chairs,3.324,sock,4.0,pen,5.0,spoons,5.124,shoe,6.0,spoons,6.324,glove,7.0,glove,7.524,toy,8.124,blue,8.724,blue,9.324,chairs,9.924,shoe,11.0,chairs,11.124,toy,12.0,sock,12.324
practice,0,Masker,none,2.124,none,2.724,none,3.474,none,3.924,none,4.524,none,5.274,none,5.724,none,6.474,none,6.924,none,7.674,none,8.274,none,8.874,none,9.474,none,10.074,none,10.524,none,11.274,none,11.724,none,12.474
practice,1,Target,desks,2.124,sock,3.0,desks,3.324,spoons,4.0,blue,4.524,sock,5.0,bag,5.724,blue,6.0,shoe,7.0,spoons,7.524,blue,8.0,white,9.0,pen,9.324,toy,9.924,desks,11.0,toy,11.124,glove,12.0,toy,12.324
practice,1,Masker,none,2.274,none,2.724,none,3.474,none,3.924,none,4.674,none,5.124,none,5.874,none,6.324,none,6.924,none,7.674,none,8.124,none,8.724,none,9.474,none,10.074,none,10.524,none,11.274,none,11.724,none,12.474
practice,2,Target,shoe,2.0,blue,3.0,pen,3.324,sock,3.924,pen,5.0,card,5.124,toy,5.724,desks,6.324,card,7.0,sock,8.0,blue,8.0,green,9.0,blue,9.324,chairs,9.924,card,10.524,tables,11.0,glove,12.0,spoons,12.0
practice,2,Masker,none,2.124,none,2.724,none,3.474,none,4.074,none,4.524,none,5.274,none,5.874,none,6.474,none,6.924,none,7.524,none,8.124,none,8.724,none,9.474,none,10.074,none,10.674,none,11.124,none,11.724,none,12.324
practice,3,Target,desks,2.124,tables,2.724,bag,3.0,tables,3.924,sock,4.524,green,5.124,pen,5.724,green,6.0,glove,6.924,pen,8.0,toy,8.0,green,8.724,glove,9.0,toy,10.0,pen,10.524,spoons,11.0,glove,12.0,toy,12.0
practice,3,Masker,none,2.274,none,2.874,none,3.324,none,4.074,none,4.674,none,5.274,none,5.874,none,6.324,none,7.074,none,7.524,none,8.124,none,8.874,none,9.324,none,9.924,none,10.674,none,11.124,none,11.724,none,12.324
m_speech__ild_0__itd_50__targ_l,0,Target,hat,2.0,spoons,2.0,toy,3.0,green,3.0,spoons,3.849,bag,4.449,spoons,5.0,bag,5.649,hat,6.249,tables,6.849,bag,7.449,pen,8.049,card,9.0,pen,9.0,white,9.849,chairs,11.0,spoons,11.0,shoe,12.0
m_speech__ild_0__itd_50__targ_l,0,Masker,toy,1.449,hat,2.049,blue,2.649,hat,3.249,glove,3.999,chairs,4.599,hat,5.049,sock,5.799,tables,6.399,green,6.999,spoons,7.599,spoons,8.199,pen,8.649,toy,9.249,toy,9.999,bag,10.449,hat,11.049,spoons,11.649
m_speech__ild_0__itd_50__targ_l,1,Target,white,1.449,toy,2.0,tables,2.649,sock,3.0,chairs,3.849,shoe,4.449,card,5.049,hat,6.0,blue,6.0,blue,7.0,card,7.449,sock,8.049,chairs,8.649,card,9.0,glove,10.0,desks,10.449,bag,11.049,tables,11.649
m_speech__ild_0__itd_50__targ_l,1,Masker,tables,1.599,bag,2.049,white,2.799,hat,3.249,blue,3.999,blue,4.599,glove,5.199,tables,5.649,tables,6.249,sock,6.849,tables,7.599,hat,8.199,tables,8.799,shoe,9.249,tables,9.849,green,10.599,tables,11.199,card,11.799
m_speech__ild_0__itd_50__targ_l,2,Target,hat,1.449,chairs,2.0,hat,2.649,sock,3.249,hat,3.849,spoons,4.449,shoe,5.0,chairs,5.649,white,6.0,sock,6.849,hat,7.449,pen,8.0,sock,9.0,shoe,9.0,blue,9.849,shoe,10.449,green,11.049,sock,11.649
m_speech__ild_0__itd_50__targ_l,2,Masker,pen,1.599,tables,2.049,glove,2.799,blue,3.399,chairs,3.999,desks,4.599,glove,5.049,shoe,5.799,chairs,6.249,bag,6.999,tables,7.599,glove,8.049,sock,8.649,spoons,9.249,desks,9.999,glove,10.599,pen,11.199,white,11.799
m_speech__ild_0__itd_50__targ_l,3,Target,desks,1.449,toy,2.0,white,3.0,blue,3.249,hat,3.849,tables,5.0,sock,5.049,shoe,6.0,red,6.249,desks,7.0,white,7.449,pen,8.0,hat,8.649,pen,9.249,chairs,9.849,pen,10.449,spoons,11.0,glove,12.0
m_speech__ild_0__itd_50__targ_l,3,Masker,card,1.599,white,2.049,hat,2.649,desks,3.399,tables,3.999,blue,4.449,pen,5.199,pen,5.649,shoe,6.399,tables,6.849,spoons,7.599,white,8.049,sock,8.799,toy,9.399,glove,9.999,white,10.599,glove,11.049,pen,11.649
m_speech__ild_0__itd_50__targ_r,0,Target,bag,2.459,white,3.059,card,4.0,desks,4.259,blue,5.0,desks,5.459,bag,6.059,green,6.659,tables,7.0,bag,8.0,shoe,8.459,shoe,9.0,chairs,10.0,sock,10.259,toy,10.859,hat,11.459,shoe,12.059,tables,12.659
m_speech__ild_0__itd_50__targ_r,0,Masker,card,2.609,toy,3.209,shoe,3.659,red,4.409,glove,4.859,chairs,5.609,card,6.209,desks,6.809,red,7.259,tables,7.859,card,8.609,desks,9.059,chairs,9.659,chairs,10.409,desks,11.009,tables,11.609,desks,12.209,sock,12.809
m_speech__ild_0__itd_50__targ_r,1,Target,card,2.459,hat,3.0,glove,4.0,tables,4.0,shoe,5.0,tables,6.0,card,6.059,red,6.659,card,7.259,red,7.859,blue,8.459,sock,9.059,bag,9.659,shoe,10.259,glove,10.859,pen,11.459,sock,12.0,desks,12.659
m_speech__ild_0__itd_50__targ_r,1,Masker,card,2.609,card,3.059,white,3.659,blue,4.259,spoons,4.859,card,5.459,card,6.209,desks,6.809,pen,7.409,card,8.009,chairs,8.609,shoe,9.209,glove,9.809,hat,10.409,red,11.009,green,11.609,hat,12.059,chairs,12.809
m_speech__ild_0__itd_50__targ_r,2,Target,desks,2.459,bag,3.0,blue,3.659,sock,4.0,bag,4.859,desks,5.459,chairs,6.0,glove,7.0,bag,7.0,green,7.859,blue,8.459,card,9.059,chairs,10.0,hat,10.259,shoe,11.0,sock,12.0,white,12.059,desks,12.659
m_speech__ild_0__itd_50__targ_r,2,Masker,card,2.609,shoe,3.059,glove,3.809,toy,4.259,white,5.009,bag,5.609,bag,6.059,white,6.659,sock,7.259,glove,8.009,hat,8.609,pen,9.209,desks,9.659,white,10.409,spoons,10.859,chairs,11.459,bag,12.209,bag,12.809
m_speech__ild_0__itd_50__targ_r,3,Target,bag,2.459,bag,3.0,bag,3.659,shoe,4.0,chairs,4.859,shoe,5.459,sock,6.059,chairs,7.0,sock,7.0,shoe,7.859,blue,9.0,shoe,9.0,spoons,10.0,white,10.259,bag,10.859,toy,11.459,green,12.0,spoons,12.659
m_speech__ild_0__itd_50__targ_r,3,Masker,green,2.609,glove,3.059,spoons,3.809,hat,4.259,green,5.009,chairs,5.609,desks,6.209,toy,6.659,shoe,7.259,bag,8.009,pen,8.459,green,9.059,blue,9.659,bag,10.409,shoe,11.009,hat,11.609,toy,12.059,chairs,12.809
m_noise__ild_0__itd_50__targ_l,0,Target,pen,2.0,desks,2.877,sock,3.477,pen,4.077,white,5.0,pen,5.0,green,6.0,toy,7.0,white,7.077,toy,8.0,tables,8.277,pen,8.877,green,10.0,tables,10.077,tables,11.0,hat,11.0,tables,12.0,shoe,13.0
m_noise__ild_0__itd_50__targ_l,0,Masker,noise,2.277,noise,3.027,noise,3.627,noise,4.227,noise,4.677,noise,5.277,noise,5.877,noise,6.477,noise,7.227,noise,7.677,noise,8.427,noise,9.027,noise,9.477,noise,10.227,noise,10.677,noise,11.277,noise,11.877,noise,12.477
m_noise__ild_0__itd_50__targ_l,1,Target,card,2.0,green,2.877,card,4.0,desks,4.0,desks,4.677,toy,5.0,card,5.877,chairs,7.0,pen,7.077,blue,8.0,red,8.0,tables,9.0,hat,9.477,pen,10.0,sock,10.677,desks,11.0,pen,12.0,red,13.0
m_noise__ild_0__itd_50__targ_l,1,Masker,noise,2.277,noise,3.027,noise,3.477,noise,4.077,noise,4.827,noise,5.277,noise,6.027,noise,6.477,noise,7.227,noise,7.677,noise,8.277,noise,8.877,noise,9.627,noise,10.077,noise,10.827,noise,11.277,noise,11.877,noise,12.477
m_noise__ild_0__itd_50__targ_l,2,Target,blue,2.0,tables,3.0,bag,4.0,green,4.077,tables,5.0,pen,5.0,green,6.0,hat,7.0,chairs,7.0,toy,8.0,chairs,8.277,spoons,8.877,tables,10.0,sock,10.0,pen,11.0,tables,11.277,sock,12.0,desks,12.477
m_noise__ild_0__itd_50__targ_l,2,Masker,noise,2.277,noise,2.877,noise,3.477,noise,4.227,noise,4.677,noise,5.277,noise,5.877,noise,6.477,noise,7.077,noise,7.677,noise,8.427,noise,9.027,noise,9.477,noise,10.077,noise,10.677,noise,11.427,noise,11.877,noise,12.627
m_noise__ild_0__itd_50__targ_l,3,Target,hat,2.0,sock,3.0,toy,4.0,hat,4.0,pen,5.0,hat,5.277,red,6.0,blue,6.477,bag,7.077,green,7.677,hat,8.0,desks,8.877,glove,9.477,shoe,10.0,hat,10.677,glove,11.0,green,12.0,toy,13.0
m_noise__ild_0__itd_50__targ_l,3,Masker,noise,2.277,noise,2.877,noise,3.477,noise,4.077,noise,4.677,noise,5.427,noise,5.877,noise,6.627,noise,7.227,noise,7.827,noise,8.277,noise,9.027,noise,9.627,noise,10.077,noise,10.827,noise,11.277,noise,11.877,noise,12.477
m_noise__ild_0__itd_50__targ_r,0,Target,white,2.0,spoons,2.0,sock,2.55,pen,3.15,hat,4.0,shoe,4.35,desks,5.0,spoons,6.0,shoe,6.0,card,6.75,desks,7.35,white,7.95,sock,8.55,hat,9.0,glove,10.0,tables,11.0,hat,10.95,tables,11.55
m_noise__ild_0__itd_50__targ_r,0,Masker,noise,1.35,noise,1.95,noise,2.7,noise,3.3,noise,3.75,noise,4.5,noise,4.95,noise,5.55,noise,6.15,noise,6.9,noise,7.5,noise,8.1,noise,8.7,noise,9.15,noise,9.75,noise,10.35,noise,11.1,noise,11.7
m_noise__ild_0__itd_50__targ_r,1,Target,glove,2.0,sock,2.0,desks,3.0,glove,3.15,shoe,3.75,blue,5.0,green,4.95,bag,5.55,glove,6.0,desks,7.0,spoons,7.35,desks,8.0,tables,9.0,red,9.0,chairs,9.75,spoons,11.0,sock,10.95,blue,12.0
m_noise__ild_0__itd_50__targ_r,1,Masker,noise,1.35,noise,1.95,noise,2.55,noise,3.3,noise,3.9,noise,4.35,noise,5.1,noise,5.7,noise,6.15,noise,6.75,noise,7.5,noise,7.95,noise,8.55,noise,9.15,noise,9.9,noise,10.35,noise,11.1,noise,11.55
m_noise__ild_0__itd_50__targ_r,2,Target,white,1.35,hat,1.95,shoe,2.55,card,3.15,spoons,4.0,shoe,4.35,card,4.95,spoons,6.0,red,6.15,pen,7.0,desks,7.35,card,8.0,spoons,9.0,glove,9.0,sock,10.0,spoons,11.0,shoe,10.95,spoons,11.55
m_noise__ild_0__itd_50__targ_r,2,Masker,noise,1.5,noise,2.1,noise,2.7,noise,3.3,noise,3.75,noise,4.5,noise,5.1,noise,5.55,noise,6.3,noise,6.75,noise,7.5,noise,7.95,noise,8.55,noise,9.15,noise,9.75,noise,10.35,noise,11.1,noise,11.7
m_noise__ild_0__itd_50__targ_r,3,Target,tables,1.35,pen,2.0,toy,2.55,card,3.0,chairs,3.75,toy,5.0,tables,4.95,pen,6.0,white,6.0,hat,6.75,card,8.0,green,8.0,chairs,9.0,spoons,9.0,card,10.0,glove,11.0,green,11.0,card,11.55
m_noise__ild_0__itd_50__targ_r,3,Masker,noise,1.5,noise,1.95,noise,2.7,noise,3.15,noise,3.9,noise,4.35,noise,5.1,noise,5.55,noise,6.15,noise,6.9,noise,7.35,noise,7.95,noise,8.55,noise,9.15,noise,9.75,noise,10.35,noise,10.95,noise,11.7
m_speech__ild_0__itd_500__targ_l,0,Target,desks,2.654,spoons,3.0,hat,3.854,sock,5.0,card,5.0,toy,6.0,tables,6.0,tables,6.854,bag,8.0,tables,8.054,desks,9.0,card,9.254,chairs,9.854,green,11.0,hat,11.054,white,11.654,desks,12.0,green,13.0
m_speech__ild_0__itd_500__targ_l,0,Masker,glove,2.804,bag,3.254,green,4.004,glove,4.454,red,5.054,bag,5.654,bag,6.254,chairs,7.004,tables,7.454,shoe,8.204,bag,8.654,hat,9.404,chairs,10.004,hat,10.454,desks,11.204,shoe,11.804,tables,12.254,bag,12.854
m_speech__ild_0__itd_500__targ_l,1,Target,glove,3.0,glove,3.254,chairs,3.854,white,4.454,spoons,5.0,desks,5.654,card,6.254,hat,6.854,card,7.454,toy,8.054,desks,9.0,tables,9.254,hat,10.0,spoons,10.454,hat,11.0,desks,12.0,blue,12.0,blue,13.0
m_speech__ild_0__itd_500__targ_l,1,Masker,white,2.654,bag,3.404,green,4.004,sock,4.604,sock,5.054,pen,5.804,green,6.404,tables,7.004,spoons,7.604,spoons,8.204,glove,8.654,pen,9.404,glove,9.854,chairs,10.604,tables,11.054,tables,11.654,glove,12.254,sock,12.854
m_speech__ild_0__itd_500__targ_l,2,Target,blue,2.654,toy,3.254,blue,3.854,bag,5.0,shoe,5.054,bag,6.0,bag,6.254,shoe,7.0,bag,7.454,spoons,8.054,bag,8.654,toy,9.0,spoons,10.0,shoe,10.454,bag,11.054,desks,11.654,chairs,12.254,tables,12.854
m_speech__ild_0__itd_500__targ_l,2,Masker,tables,2.804,shoe,3.404,toy,4.004,pen,4.454,bag,5.204,chairs,5.654,sock,6.404,hat,6.854,card,7.604,white,8.204,green,8.804,bag,9.254,chairs,9.854,pen,10.604,card,11.204,sock,11.804,hat,12.404,glove,13.004
m_speech__ild_0__itd_500__targ_l,3,Target,tables,3.0,bag,3.0,sock,3.854,toy,4.454,chairs,5.0,green,5.654,pen,6.254,glove,6.854,sock,7.454,spoons,8.054,hat,8.654,toy,9.254,spoons,9.854,tables,11.0,hat,11.054,bag,12.0,toy,12.254,white,13.0
m_speech__ild_0__itd_500__targ_l,3,Masker,glove,2.654,hat,3.254,shoe,4.004,chairs,4.604,white,5.054,card,5.804,red,6.404,tables,7.004,shoe,7.604,card,8.204,shoe,8.804,pen,9.404,toy,10.004,bag,10.454,chairs,11.204,toy,11.654,chairs,12.404,pen,12.854
m_speech__ild_0__itd_500__targ_r,0,Target,sock,1.0,shoe,1.861,bag,2.461,bag,3.0,bag,3.661,chairs,4.261,pen,4.861,shoe,5.461,pen,6.0,desks,7.0,chairs,7.261,bag,8.0,blue,9.0,hat,9.061,tables,10.0,pen,10.261,green,11.0,bag,12.0
m_speech__ild_0__itd_500__targ_r,0,Masker,pen,1.261,toy,2.011,bag,2.611,glove,3.061,shoe,3.811,tables,4.411,spoons,5.011,card,5.611,sock,6.061,shoe,6.661,shoe,7.411,bag,7.861,sock,8.461,green,9.211,white,9.661,spoons,10.411,toy,10.861,toy,11.461
m_speech__ild_0__itd_500__targ_r,1,Target,card,1.261,white,1.861,glove,3.0,hat,3.0,glove,4.0,spoons,4.261,desks,5.0,toy,6.0,pen,6.0,spoons,7.0,desks,7.0,bag,8.0,bag,9.0,bag,9.0,pen,10.0,sock,10.261,blue,10.861,blue,12.0
m_speech__ild_0__itd_500__targ_r,1,Masker,pen,1.411,spoons,2.011,pen,2.461,pen,3.061,pen,3.661,sock,4.411,white,4.861,blue,5.461,pen,6.061,bag,6.661,pen,7.261,toy,7.861,glove,8.461,toy,9.061,blue,9.661,chairs,10.411,desks,11.011,toy,11.461
m_speech__ild_0__itd_500__targ_r,2,Target,tables,1.261,chairs,2.0,shoe,2.461,card,3.0,desks,3.661,toy,4.261,desks,4.861,chairs,6.0,shoe,6.061,glove,7.0,tables,7.0,red,7.861,toy,9.0,blue,9.0,card,9.661,glove,10.261,pen,11.0,bag,12.0
m_speech__ild_0__itd_500__targ_r,2,Masker,white,1.411,desks,1.861,bag,2.611,green,3.061,sock,3.811,card,4.411,sock,5.011,toy,5.461,chairs,6.211,hat,6.661,blue,7.261,hat,8.011,white,8.461,glove,9.061,pen,9.811,pen,10.411,sock,10.861,pen,11.461
m_speech__ild_0__itd_500__targ_r,3,Target,toy,1.261,pen,1.861,bag,3.0,bag,3.0,sock,3.661,green,4.0,hat,4.861,chairs,6.0,tables,6.061,toy,6.661,red,7.261,shoe,7.861,bag,9.0,card,9.061,toy,10.0,white,10.261,card,10.861,white,11.461
m_speech__ild_0__itd_500__targ_r,3,Masker,glove,1.411,green,2.011,green,2.461,bag,3.061,bag,3.811,glove,4.261,toy,5.011,card,5.461,glove,6.211,desks,6.811,shoe,7.411,pen,8.011,white,8.461,shoe,9.211,shoe,9.661,desks,10.411,blue,11.011,bag,11.611
m_noise__ild_0__itd_500__targ_l,0,Target,spoons,1.099,blue,2.0,desks,2.0,sock,3.0,green,4.0,hat,4.0,bag,4.699,desks,5.299,shoe,6.0,chairs,6.499,pen,7.0,hat,7.699,white,8.299,hat,9.0,desks,10.0,card,10.099,pen,10.699,pen,11.299
m_noise__ild_0__itd_500__targ_l,0,Masker,noise,1.249,noise,1.699,noise,2.299,noise,2.899,noise,3.499,noise,4.099,noise,4.849,noise,5.449,noise,5.899,noise,6.649,noise,7.099,noise,7.849,noise,8.449,noise,8.899,noise,9.499,noise,10.249,noise,10.849,noise,11.449
m_noise__ild_0__itd_500__targ_l,1,Target,hat,1.099,bag,2.0,blue,2.0,toy,3.0,pen,4.0,pen,4.099,pen,5.0,hat,5.0,pen,6.0,hat,6.499,sock,7.099,green,7.699,blue,8.299,spoons,8.899,tables,9.499,shoe,10.099,green,11.0,spoons,11.0
m_noise__ild_0__itd_500__targ_l,1,Masker,noise,1.249,noise,1.699,noise,2.299,noise,2.899,noise,3.499,noise,4.249,noise,4.699,noise,5.299,noise,5.899,noise,6.649,noise,7.249,noise,7.849,noise,8.449,noise,9.049,noise,9.649,noise,10.249,noise,10.699,noise,11.299
m_noise__ild_0__itd_500__targ_l,2,Target,tables,1.099,bag,1.699,sock,2.0,glove,3.0,bag,3.499,sock,4.0,card,5.0,shoe,5.299,green,5.899,tables,6.499,chairs,7.099,red,8.0,hat,8.0,bag,9.0,card,9.499,chairs,10.0,toy,10.699,card,11.299
m_noise__ild_0__itd_500__targ_l,2,Masker,noise,1.249,noise,1.849,noise,2.299,noise,2.899,noise,3.649,noise,4.099,noise,4.699,noise,5.449,noise,6.049,noise,6.649,noise,7.249,noise,7.699,noise,8.299,noise,8.899,noise,9.649,noise,10.099,noise,10.849,noise,11.449
m_noise__ild_0__itd_500__targ_l,3,Target,pen,1.0,desks,2.0,glove,2.299,blue,3.0,red,3.499,desks,4.099,chairs,4.699,bag,5.0,blue,5.899,pen,7.0,bag,7.0,desks,8.0,pen,8.299,pen,8.899,chairs,10.0,hat,10.099,desks,10.699,bag,11.299
m_noise__ild_0__itd_500__targ_l,3,Masker,noise,1.099,noise,1.699,noise,2.449,noise,2.899,noise,3.649,noise,4.249,noise,4.849,noise,5.299,noise,6.049,noise,6.499,noise,7.099,noise,7.699,noise,8.449,noise,9.049,noise,9.499,noise,10.249,noise,10.849,noise,11.449
m_noise__ild_0__itd_500__targ_r,0,Target,toy,2.0,hat,2.717,bag,3.317,desks,4.0,desks,4.517,glove,5.0,shoe,5.717,pen,6.317,card,6.917,white,8.0,bag,8.0,shoe,8.717,white,9.317,hat,9.917,desks,11.0,bag,11.117,sock,11.717,chairs,12.0
m_noise__ild_0__itd_500__targ_r,0,Masker,noise,2.117,noise,2.867,noise,3.467,noise,3.917,noise,4.667,noise,5.117,noise,5.867,noise,6.467,noise,7.067,noise,7.517,noise,8.117,noise,8.867,noise,9.467,noise,10.067,noise,10.517,noise,11.267,noise,11.867,noise,12.317
m_noise__ild_0__itd_500__targ_r,1,Target,hat,2.0,shoe,2.717,card,3.317,hat,3.917,green,4.517,card,5.117,red,6.0,card,6.0,red,6.917,white,7.517,chairs,8.117,hat,8.717,glove,9.317,tables,9.917,tables,10.517,chairs,11.0,desks,12.0,pen,12.317
m_noise__ild_0__itd_500__targ_r,1,Masker,noise,2.117,noise,2.867,noise,3.467,noise,4.067,noise,4.667,noise,5.267,noise,5.717,noise,6.317,noise,7.067,noise,7.667,noise,8.267,noise,8.867,noise,9.467,noise,10.067,noise,10.667,noise,11.117,noise,11.717,noise,12.467
m_noise__ild_0__itd_500__targ_r,2,Target,white,2.117,shoe,2.717,sock,3.317,hat,4.0,sock,5.0,tables,5.0,sock,6.0,glove,6.0,desks,7.0,shoe,8.0,tables,8.117,blue,8.717,white,9.317,sock,9.917,shoe,11.0,chairs,11.117,shoe,12.0,spoons,12.0
m_noise__ild_0__itd_500__targ_r,2,Masker,noise,2.267,noise,2.867,noise,3.467,noise,3.917,noise,4.517,noise,5.117,noise,5.717,noise,6.317,noise,6.917,noise,7.517,noise,8.267,noise,8.867,noise,9.467,noise,10.067,noise,10.517,noise,11.267,noise,11.717,noise,12.317
m_noise__ild_0__itd_500__targ_r,3,Target,chairs,2.117,red,2.717,white,3.0,chairs,4.0,tables,4.517,blue,5.0,desks,6.0,card,6.0,toy,6.917,card,8.0,tables,8.117,toy,8.717,sock,9.0,toy,10.0,sock,10.517,blue,11.0,tables,11.717,chairs,12.317
m_noise__ild_0__itd_500__targ_r,3,Masker,noise,2.267,noise,2.867,noise,3.317,noise,3.917,noise,4.667,noise,5.117,noise,5.717,noise,6.317,noise,7.067,noise,7.517,noise,8.267,noise,8.867,noise,9.317,noise,9.917,noise,10.667,noise,11.117,noise,11.867,noise,12.467
m_speech__ild_10__itd_0__targ_l,0,Target,sock,1.858,hat,3.0,chairs,3.0,card,4.0,card,4.0,bag,5.0,toy,6.0,hat,6.0,pen,6.658,shoe,7.0,hat,8.0,toy,9.0,sock,9.0,shoe,9.658,blue,10.0,hat,11.0,green,12.0,bag,12.058
m_speech__ild_10__itd_0__targ_l,0,Masker,white,2.008,shoe,2.458,card,3.058,hat,3.658,hat,4.258,shoe,4.858,blue,5.458,pen,6.058,toy,6.808,red,7.258,chairs,7.858,bag,8.458,green,9.058,desks,9.808,desks,10.258,card,10.858,pen,11.458,hat,12.208
m_speech__ild_10__itd_0__targ_l,1,Target,chairs,1.858,spoons,2.458,desks,3.0,tables,4.0,pen,4.0,chairs,4.858,green,5.458,blue,6.058,spoons,6.658,pen,7.258,card,7.858,toy,9.0,spoons,9.0,chairs,10.0,spoons,10.258,chairs,10.858,chairs,11.458,spoons,12.058
m_speech__ild_10__itd_0__targ_l,1,Masker,shoe,2.008,hat,2.608,chairs,3.058,chairs,3.658,hat,4.258,pen,5.008,desks,5.608,glove,6.208,desks,6.808,red,7.408,chairs,8.008,red,8.458,blue,9.058,shoe,9.658,toy,10.408,toy,11.008,chairs,11.608,chairs,12.208
m_speech__ild_10__itd_0__targ_l,2,Target,card,2.0,pen,3.0,hat,3.0,tables,3.658,white,4.258,red,5.0,tables,5.458,chairs,6.0,shoe,7.0,hat,7.258,card,8.0,desks,9.0,blue,9.058,sock,10.0,bag,10.0,glove,11.0,spoons,11.458,hat,12.058
m_speech__ild_10__itd_0__targ_l,2,Masker,green,1.858,desks,2.458,hat,3.058,sock,3.808,glove,4.408,hat,4.858,desks,5.608,spoons,6.058,tables,6.658,desks,7.408,hat,7.858,pen,8.458,card,9.208,blue,9.658,card,10.258,hat,10.858,tables,11.608,pen,12.208
m_speech__ild_10__itd_0__targ_l,3,Target,green,1.858,shoe,2.458,tables,3.058,toy,3.658,tables,4.258,glove,4.858,card,5.458,desks,6.0,white,7.0,pen,7.258,toy,8.0,sock,8.458,hat,9.058,spoons,9.658,tables,10.258,spoons,11.0,tables,12.0,shoe,12.058
m_speech__ild_10__itd_0__targ_l,3,Masker,chairs,2.008,card,2.608,desks,3.208,spoons,3.808,blue,4.408,tables,5.008,blue,5.608,spoons,6.058,shoe,6.658,shoe,7.408,sock,7.858,toy,8.608,blue,9.208,glove,9.808,pen,10.408,glove,10.858,sock,11.458,card,12.208
m_speech__ild_10__itd_0__targ_r,0,Target,desks,2.482,sock,3.082,bag,3.682,hat,4.0,chairs,5.0,hat,6.0,white,6.082,spoons,6.682,blue,7.282,tables,8.0,tables,8.482,glove,9.0,shoe,9.682,toy,10.282,pen,10.882,toy,11.482,blue,12.0,green,13.0
m_speech__ild_10__itd_0__targ_r,0,Masker,blue,2.632,blue,3.232,glove,3.832,shoe,4.282,spoons,4.882,tables,5.482,tables,6.232,green,6.832,tables,7.432,glove,7.882,shoe,8.632,toy,9.082,shoe,9.832,desks,10.432,tables,11.032,tables,11.632,shoe,12.082,tables,12.682
m_speech__ild_10__itd_0__targ_r,1,Target,tables,3.0,hat,3.082,shoe,3.682,glove,4.282,blue,4.882,shoe,6.0,hat,6.082,card,6.682,card,7.0,chairs,7.882,shoe,9.0,card,9.082,red,9.682,card,10.0,glove,10.882,hat,11.482,green,12.082,glove,12.682
m_speech__ild_10__itd_0__targ_r,1,Masker,desks,2.482,blue,3.232,toy,3.832,card,4.432,tables,5.032,spoons,5.482,green,6.232,red,6.832,desks,7.282,tables,8.032,bag,8.482,desks,9.232,card,9.832,green,10.282,bag,11.032,desks,11.632,desks,12.232,desks,12.832
m_speech__ild_10__itd_0__targ_r,2,Target,pen,2.482,chairs,3.082,hat,3.682,chairs,4.282,shoe,4.882,desks,6.0,hat,6.0,desks,6.682,blue,7.0,pen,8.0,shoe,9.0,green,9.082,bag,10.0,white,10.282,white,11.0,chairs,11.482,chairs,12.082,glove,12.682
m_speech__ild_10__itd_0__targ_r,2,Masker,desks,2.632,chairs,3.232,card,3.832,desks,4.432,chairs,5.032,white,5.482,chairs,6.082,card,6.832,chairs,7.282,blue,7.882,hat,8.482,pen,9.232,hat,9.682,chairs,10.432,chairs,10.882,bag,11.632,card,12.232,red,12.832
m_speech__ild_10__itd_0__targ_r,3,Target,pen,2.482,tables,3.0,sock,4.0,toy,4.0,chairs,4.882,white,6.0,chairs,6.082,white,6.682,card,7.282,red,7.882,glove,9.0,spoons,9.0,pen,10.0,sock,10.0,pen,10.882,white,11.482,sock,12.0,chairs,12.682
m_speech__ild_10__itd_0__targ_r,3,Masker,white,2.632,glove,3.082,sock,3.682,glove,4.282,sock,5.032,toy,5.482,tables,6.232,sock,6.832,desks,7.432,shoe,8.032,chairs,8.482,bag,9.082,green,9.682,chairs,10.282,green,11.032,glove,11.632,pen,12.082,card,12.832
m_noise__ild_10__itd_0__targ_l,0,Target,desks,1.682,bag,2.0,hat,2.882,pen,3.482,card,4.0,shoe,5.0,desks,5.0,sock,5.882,shoe,7.0,spoons,7.082,red,8.0,card,8.282,tables,8.882,green,10.0,desks,10.0,card,10.682,bag,11.0,card,12.0
m_noise__ild_10__itd_0__targ_l,0,Masker,noise,1.832,noise,2.282,noise,3.032,noise,3.632,noise,4.082,noise,4.682,noise,5.282,noise,6.032,noise,6.482,noise,7.232,noise,7.682,noise,8.432,noise,9.032,noise,9.482,noise,10.082,noise,10.832,noise,11.282,noise,11.882
m_noise__ild_10__itd_0__targ_l,1,Target,pen,1.682,sock,2.0,hat,3.0,sock,3.482,hat,4.0,card,5.0,red,5.0,pen,6.0,green,7.0,red,7.0,pen,8.0,tables,8.282,shoe,8.882,pen,10.0,hat,10.082,spoons,11.0,shoe,11.0,blue,11.882
m_noise__ild_10__itd_0__targ_l,1,Masker,noise,1.832,noise,2.282,noise,2.882,noise,3.632,noise,4.082,noise,4.682,noise,5.282,noise,5.882,noise,6.482,noise,7.082,noise,7.682,noise,8.432,noise,9.032,noise,9.482,noise,10.232,noise,10.682,noise,11.282,noise,12.032
m_noise__ild_10__itd_0__targ_l,2,Target,card,2.0,chairs,2.0,sock,2.882,pen,3.482,desks,4.082,toy,4.682,tables,5.0,card,5.882,toy,7.0,blue,7.082,sock,8.0,green,8.0,bag,9.0,red,9.482,red,10.0,card,10.682,tables,11.282,shoe,11.882
m_noise__ild_10__itd_0__targ_l,2,Masker,noise,1.682,noise,2.282,noise,3.032,noise,3.632,noise,4.232,noise,4.832,noise,5.282,noise,6.032,noise,6.482,noise,7.232,noise,7.682,noise,8.282,noise,8.882,noise,9.632,noise,10.082,noise,10.832,noise,11.432,noise,12.032
m_noise__ild_10__itd_0__targ_l,3,Target,card,2.0,glove,2.282,card,2.882,shoe,4.0,blue,4.0,glove,5.0,shoe,5.282,toy,6.0,sock,7.0,white,7.082,sock,8.0,card,8.0,shoe,9.0,glove,10.0,red,10.0,bag,11.0,card,11.282,green,12.0
m_noise__ild_10__itd_0__targ_l,3,Masker,noise,1.682,noise,2.432,noise,3.032,noise,3.482,noise,4.082,noise,4.682,noise,5.432,noise,5.882,noise,6.482,noise,7.232,noise,7.682,noise,8.282,noise,8.882,noise,9.482,noise,10.082,noise,10.682,noise,11.432,noise,11.882
m_noise__ild_10__itd_0__targ_r,0,Target,card,2.735,bag,3.335,card,4.0,bag,5.0,sock,5.135,shoe,6.0,card,6.335,white,7.0,blue,7.535,hat,8.135,card,9.0,shoe,9.0,hat,9.935,card,11.0,shoe,11.0,card,12.0,sock,12.0,card,12.935
m_noise__ild_10__itd_0__targ_r,0,Masker,noise,2.885,noise,3.485,noise,3.935,noise,4.535,noise,5.285,noise,5.735,noise,6.485,noise,6.935,noise,7.685,noise,8.285,noise,8.735,noise,9.335,noise,10.085,noise,10.535,noise,11.135,noise,11.735,noise,12.335,noise,13.085
m_noise__ild_10__itd_0__targ_r,1,Target,spoons,3.0,desks,3.335,shoe,4.0,white,4.535,pen,5.0,glove,6.0,bag,6.0,sock,6.935,pen,8.0,chairs,8.135,tables,8.735,green,9.335,hat,9.935,white,11.0,toy,11.135,sock,12.0,white,12.335,glove,12.935
m_noise__ild_10__itd_0__targ_r,1,Masker,noise,2.735,noise,3.485,noise,3.935,noise,4.685,noise,5.135,noise,5.735,noise,6.335,noise,7.085,noise,7.535,noise,8.285,noise,8.885,noise,9.485,noise,10.085,noise,10.535,noise,11.285,noise,11.735,noise,12.485,noise,13.085
m_noise__ild_10__itd_0__targ_r,2,Target,spoons,3.0,toy,3.0,shoe,3.935,pen,5.0,chairs,5.0,red,5.735,bag,6.335,red,6.935,shoe,7.535,pen,8.135,desks,8.735,green,9.0,toy,10.0,blue,10.535,card,11.0,glove,12.0,bag,12.335,pen,13.0
m_noise__ild_10__itd_0__targ_r,2,Masker,noise,2.735,noise,3.335,noise,4.085,noise,4.535,noise,5.135,noise,5.885,noise,6.485,noise,7.085,noise,7.685,noise,8.285,noise,8.885,noise,9.335,noise,9.935,noise,10.685,noise,11.135,noise,11.735,noise,12.485,noise,12.935
m_noise__ild_10__itd_0__targ_r,3,Target,tables,2.735,desks,3.335,glove,3.935,toy,4.535,glove,5.0,glove,5.735,desks,6.335,white,6.935,sock,7.535,bag,8.0,pen,8.735,pen,9.335,card,10.0,glove,10.535,hat,11.0,glove,12.0,green,12.0,hat,12.935
m_noise__ild_10__itd_0__targ_r,3,Masker,noise,2.885,noise,3.485,noise,4.085,noise,4.685,noise,5.135,noise,5.885,noise,6.485,noise,7.085,noise,7.685,noise,8.135,noise,8.885,noise,9.485,noise,9.935,noise,10.685,noise,11.135,noise,11.735,noise,12.335,noise,13.085
