Condition,Run,Type,Word0,Time0,Word1,Time1,Word2,Time2,Word3,Time3,Word4,Time4,Word5,Time5,Word6,Time6,Word7,Time7,Word8,Time8,Word9,Time9,Word10,Time10,Word11,Time11,Word12,Time12,Word13,Time13,Word14,Time14,Word15,Time15,Word16,Time16,Word17,Time17
practice,0,Target,spoons,1.094,card,2.0,red,2.294,white,2.894,bag,4.0,bag,4.0,bag,5.0,bag,5.294,spoons,5.894,tables,6.494,bag,7.0,toy,7.694,sock,8.294,blue,9.0,card,10.0,tables,10.094,toy,10.694,glove,11.0
practice,0,Masker,none,1.244,none,1.694,none,2.444,none,3.044,none,3.494,none,4.094,none,4.694,none,5.444,none,6.044,none,6.644,none,7.094,none,7.844,none,8.444,none,8.894,none,9.494,none,10.244,none,10.844,none,11.294
practice,1,Target,spoons,1.0,shoe,1.694,toy,2.294,spoons,3.0,card,3.494,hat,4.094,white,5.0,white,5.0,spoons,6.0,white,6.494,glove,7.0,pen,8.0,shoe,8.294,glove,8.894,pen,10.0,card,10.094,desks,10.694,red,11.294
practice,1,Masker,none,1.094,none,1.844,none,2.444,none,2.894,none,3.644,none,4.244,none,4.694,none,5.294,none,5.894,none,6.644,none,7.094,none,7.694,none,8.444,none,9.044,none,9.494,none,10.244,none,10.844,none,11.444
practice,2,Target,spoons,1.094,pen,2.0,shoe,2.0,sock,3.0,card,3.494,red,4.094,hat,4.694,sock,5.0,shoe,5.894,white,6.494,sock,7.094,shoe,7.694,desks,8.294,glove,8.894,bag,10.0,shoe,10.094,white,10.694,shoe,11.0
practice,2,Masker,none,1.244,none,1.694,none,2.294,none,2.894,none,3.644,none,4.244,none,4.844,none,5.294,none,6.044,none,6.644,none,7.244,none,7.844,none,8.444,none,9.044,none,9.494,none,10.244,none,10.844,none,11.294
practice,3,Target,toy,1.094,spoons,2.0,blue,2.294,hat,2.894,tables,3.494,bag,4.0,tables,5.0,toy,5.294,shoe,5.894,pen,6.494,green,7.0,desks,8.0,spoons,8.294,tables,9.0,shoe,9.494,toy,10.0,toy,10.694,desks,11.0
practice,3,Masker,none,1.244,none,1.694,none,2.444,none,3.044,none,3.644,none,4.094,none,4.694,none,5.444,none,6.044,none,6.644,none,7.094,none,7.694,none,8.444,none,8.894,none,9.644,none,10.094,none,10.844,none,11.294
m_speech__ild_0__itd_50__targ_l__control_0,0,Target,hat,1.0,tables,2.0,card,2.37,toy,3.0,desks,4.0,blue,4.0,green,5.0,desks,6.0,desks,6.0,desks,6.57,toy,7.17,shoe,7.77,toy,9.0,desks,8.97,chairs,9.57,desks,10.0,red,11.0,card,11.37
m_speech__ild_0__itd_50__targ_l__control_0,0,Masker,sock,1.17,shoe,1.77,bag,2.52,spoons,2.97,shoe,3.57,toy,4.17,desks,4.77,pen,5.37,spoons,5.97,sock,6.72,pen,7.32,desks,7.92,tables,8.37,white,9.12,bag,9.72,blue,10.17,desks,10.77,white,11.52
m_speech__ild_0__itd_50__targ_l__control_0,1,Target,card,1.0,hat,2.0,card,2.37,toy,2.97,toy,4.0,hat,4.0,green,5.0,spoons,6.0,glove,6.0,white,6.57,card,7.17,blue,8.0,glove,9.0,white,9.0,pen,10.0,tables,10.17,glove,10.77,shoe,12.0
m_speech__ild_0__itd_50__targ_l__control_0,1,Masker,toy,1.17,glove,1.77,pen,2.52,card,3.12,sock,3.57,toy,4.17,toy,4.77,pen,5.37,spoons,5.97,chairs,6.72,glove,7.32,glove,7.77,red,8.37,pen,8.97,green,9.57,card,10.32,toy,10.92,glove,11.37
m_speech__ild_0__itd_50__targ_l__control_0,2,Target,blue,1.0,spoons,1.77,tables,3.0,sock,2.97,shoe,3.57,white,4.0,blue,4.77,glove,5.37,card,6.0,white,6.57,spoons,7.0,chairs,7.77,card,9.0,bag,9.0,pen,10.0,sock,10.17,chairs,11.0,desks,11.37
m_speech__ild_0__itd_50__targ_l__control_0,2,Masker,spoons,1.17,card,1.92,blue,2.37,card,3.12,spoons,3.72,toy,4.17,pen,4.92,white,5.52,toy,5.97,pen,6.72,hat,7.17,red,7.92,bag,8.37,red,8.97,card,9.57,bag,10.32,glove,10.77,pen,11.52
m_speech__ild_0__itd_50__targ_l__control_0,3,Target,toy,1.0,shoe,1.77,toy,3.0,shoe,3.0,pen,3.57,blue,4.0,toy,5.0,glove,6.0,tables,5.97,toy,7.0,pen,7.17,tables,7.77,shoe,8.37,desks,8.97,chairs,9.57,white,10.0,spoons,11.0,glove,12.0
m_speech__ild_0__itd_50__targ_l__control_0,3,Masker,bag,1.17,pen,1.92,sock,2.37,toy,2.97,spoons,3.72,chairs,4.17,shoe,4.77,shoe,5.37,blue,6.12,chairs,6.57,shoe,7.32,shoe,7.92,glove,8.52,chairs,9.12,sock,9.72,tables,10.17,red,10.77,green,11.37
m_speech__ild_0__itd_50__targ_r__control_0,0,Target,chairs,1.0,spoons,2.0,hat,2.312,bag,3.0,toy,4.0,spoons,4.112,hat,5.0,pen,5.312,card,6.0,blue,7.0,desks,7.112,green,8.0,shoe,8.312,green,8.912,shoe,9.512,green,10.112,chairs,11.0,desks,11.312
m_speech__ild_0__itd_50__targ_r__control_0,0,Masker,glove,1.112,desks,1.712,white,2.462,spoons,2.912,toy,3.512,green,4.262,shoe,4.712,chairs,5.462,white,5.912,chairs,6.512,white,7.262,toy,7.712,toy,8.462,bag,9.062,toy,9.662,sock,10.262,card,10.712,toy,11.462
m_speech__ild_0__itd_50__targ_r__control_0,1,Target,red,1.0,spoons,2.0,glove,2.312,desks,2.912,card,4.0,pen,4.112,chairs,5.0,hat,5.0,pen,6.0,hat,6.512,glove,7.0,bag,7.712,chairs,8.312,glove,9.0,blue,9.512,white,10.112,blue,10.712,shoe,11.0
m_speech__ild_0__itd_50__targ_r__control_0,1,Masker,chairs,1.112,sock,1.712,card,2.462,green,3.062,bag,3.512,chairs,4.262,card,4.712,desks,5.312,card,5.912,red,6.662,toy,7.112,red,7.862,tables,8.462,blue,8.912,card,9.662,glove,10.262,toy,10.862,bag,11.312
m_speech__ild_0__itd_50__targ_r__control_0,2,Target,tables,1.112,shoe,1.712,red,2.0,desks,2.912,hat,3.512,hat,4.112,toy,5.0,bag,5.0,shoe,6.0,white,7.0,card,7.0,shoe,7.712,sock,8.312,bag,8.912,pen,10.0,shoe,10.112,desks,11.0,spoons,11.312
m_speech__ild_0__itd_50__targ_r__control_0,2,Masker,chairs,1.262,blue,1.862,tables,2.312,green,3.062,sock,3.662,pen,4.262,pen,4.712,pen,5.312,chairs,5.912,bag,6.512,tables,7.112,chairs,7.862,chairs,8.462,toy,9.062,desks,9.512,blue,10.262,red,10.712,hat,11.462
m_speech__ild_0__itd_50__targ_r__control_0,3,Target,glove,1.0,chairs,2.0,tables,2.0,pen,2.912,chairs,4.0,hat,4.0,bag,5.0,green,5.0,white,6.0,toy,6.512,desks,7.112,shoe,8.0,white,8.312,tables,8.912,glove,9.512,green,10.112,desks,10.712,toy,11.0
m_speech__ild_0__itd_50__targ_r__control_0,3,Masker,chairs,1.112,toy,1.712,pen,2.312,white,3.062,desks,3.512,card,4.112,white,4.712,pen,5.312,chairs,5.912,desks,6.662,shoe,7.262,tables,7.712,glove,8.462,toy,9.062,bag,9.662,sock,10.262,card,10.862,shoe,11.312
m_noise__ild_0__itd_50__targ_l__control_0,0,Target,sock,1.558,glove,2.0,red,3.0,green,3.358,pen,3.958,desks,5.0,shoe,5.158,spoons,6.0,sock,6.358,sock,7.0,sock,8.0,spoons,8.0,card,8.758,pen,9.358,card,9.958,desks,11.0,pen,11.0,shoe,12.0
m_noise__ild_0__itd_50__targ_l__control_0,0,Masker,noise,1.708,noise,2.158,noise,2.758,noise,3.508,noise,4.108,noise,4.558,noise,5.308,noise,5.758,noise,6.508,noise,6.958,noise,7.558,noise,8.158,noise,8.908,noise,9.508,noise,10.108,noise,10.558,noise,11.158,noise,11.758
m_noise__ild_0__itd_50__targ_l__control_0,1,Target,toy,2.0,desks,2.158,toy,2.758,green,4.0,tables,3.958,chairs,4.558,desks,5.0,sock,6.0,tables,7.0,desks,7.0,bag,7.558,white,8.0,hat,9.0,white,9.358,bag,9.958,spoons,11.0,shoe,11.0,pen,12.0
m_noise__ild_0__itd_50__targ_l__control_0,1,Masker,noise,1.558,noise,2.308,noise,2.908,noise,3.358,noise,4.108,noise,4.708,noise,5.158,noise,5.758,noise,6.358,noise,6.958,noise,7.708,noise,8.158,noise,8.758,noise,9.508,noise,10.108,noise,10.558,noise,11.158,noise,11.758
m_noise__ild_0__itd_50__targ_l__control_0,2,Target,tables,2.0,red,2.158,sock,2.758,hat,3.358,chairs,4.0,red,4.558,glove,5.0,white,6.0,chairs,6.358,pen,6.958,desks,7.558,bag,8.158,chairs,9.0,white,9.358,bag,9.958,toy,11.0,chairs,11.0,shoe,12.0
m_noise__ild_0__itd_50__targ_l__control_0,2,Masker,noise,1.558,noise,2.308,noise,2.908,noise,3.508,noise,3.958,noise,4.708,noise,5.158,noise,5.758,noise,6.508,noise,7.108,noise,7.708,noise,8.308,noise,8.758,noise,9.508,noise,10.108,noise,10.558,noise,11.158,noise,11.758
m_noise__ild_0__itd_50__targ_l__control_0,3,Target,tables,2.0,hat,2.0,hat,2.758,chairs,3.358,desks,4.0,card,4.558,pen,5.158,card,5.758,bag,7.0,white,6.958,card,8.0,sock,8.0,desks,9.0,green,9.358,spoons,9.958,pen,10.558,red,11.0,desks,11.758
m_noise__ild_0__itd_50__targ_l__control_0,3,Masker,noise,1.558,noise,2.158,noise,2.908,noise,3.508,noise,3.958,noise,4.708,noise,5.308,noise,5.908,noise,6.358,noise,7.108,noise,7.558,noise,8.158,noise,8.758,noise,9.508,noise,10.108,noise,10.708,noise,11.158,noise,11.908
m_noise__ild_0__itd_50__targ_r__control_0,0,Target,desks,1.365,desks,1.965,blue,2.565,desks,3.165,sock,3.765,spoons,5.0,bag,4.965,chairs,6.0,desks,6.0,toy,6.765,white,7.365,shoe,7.965,hat,9.0,pen,9.165,glove,10.0,shoe,11.0,toy,11.0,desks,12.0
m_noise__ild_0__itd_50__targ_r__control_0,0,Masker,noise,1.515,noise,2.115,noise,2.715,noise,3.315,noise,3.915,noise,4.365,noise,5.115,noise,5.565,noise,6.165,noise,6.915,noise,7.515,noise,8.115,noise,8.565,noise,9.315,noise,9.765,noise,10.365,noise,10.965,noise,11.565
m_noise__ild_0__itd_50__targ_r__control_0,1,Target,shoe,2.0,toy,1.965,chairs,3.0,desks,3.0,spoons,3.765,glove,4.365,red,5.0,chairs,6.0,hat,6.165,bag,7.0,toy,8.0,bag,8.0,hat,8.565,tables,9.165,glove,9.765,white,10.365,glove,11.0,red,12.0
m_noise__ild_0__itd_50__targ_r__control_0,1,Masker,noise,1.365,noise,2.115,noise,2.565,noise,3.165,noise,3.915,noise,4.515,noise,4.965,noise,5.565,noise,6.315,noise,6.765,noise,7.365,noise,7.965,noise,8.715,noise,9.315,noise,9.915,noise,10.515,noise,10.965,noise,11.565
m_noise__ild_0__itd_50__targ_r__control_0,2,Target,blue,1.365,spoons,2.0,tables,3.0,hat,3.0,tables,3.765,card,5.0,shoe,5.0,hat,5.565,sock,6.0,pen,7.0,sock,7.365,hat,8.0,spoons,9.0,tables,9.165,pen,9.765,blue,10.365,bag,11.0,pen,12.0
m_noise__ild_0__itd_50__targ_r__control_0,2,Masker,noise,1.515,noise,1.965,noise,2.565,noise,3.165,noise,3.915,noise,4.365,noise,4.965,noise,5.715,noise,6.165,noise,6.765,noise,7.515,noise,7.965,noise,8.565,noise,9.315,noise,9.915,noise,10.515,noise,10.965,noise,11.565
m_noise__ild_0__itd_50__targ_r__control_0,3,Target,card,2.0,white,1.965,green,2.565,pen,3.0,spoons,4.0,blue,5.0,card,4.965,spoons,6.0,card,6.165,glove,6.765,chairs,8.0,sock,8.0,card,8.565,glove,9.0,blue,10.0,bag,10.365,tables,11.0,bag,11.565
m_noise__ild_0__itd_50__targ_r__control_0,3,Masker,noise,1.365,noise,2.115,noise,2.715,noise,3.165,noise,3.765,noise,4.365,noise,5.115,noise,5.565,noise,6.315,noise,6.915,noise,7.365,noise,7.965,noise,8.715,noise,9.165,noise,9.765,noise,10.515,noise,10.965,noise,11.715
m_speech__ild_0__itd_500__targ_l__control_0,0,Target,hat,3.0,pen,3.057,chairs,3.657,red,4.0,glove,5.0,sock,6.0,blue,6.057,toy,6.657,glove,7.257,desks,8.0,chairs,9.0,glove,9.0,shoe,9.657,chairs,10.257,spoons,11.0,glove,11.457,shoe,12.057,card,13.0
m_speech__ild_0__itd_500__targ_l__control_0,0,Masker,chairs,2.457,chairs,3.207,hat,3.807,glove,4.257,hat,4.857,tables,5.457,chairs,6.207,chairs,6.807,spoons,7.407,green,7.857,glove,8.457,tables,9.057,bag,9.807,chairs,10.407,chairs,10.857,bag,11.607,green,12.207,spoons,12.657
m_speech__ild_0__itd_500__targ_l__control_0,1,Target,shoe,3.0,hat,3.057,desks,3.657,green,4.257,bag,5.0,white,6.0,shoe,6.057,pen,7.0,spoons,7.0,shoe,7.857,desks,9.0,hat,9.057,tables,9.657,toy,10.0,sock,11.0,chairs,12.0,spoons,12.0,spoons,12.657
m_speech__ild_0__itd_500__targ_l__control_0,1,Masker,card,2.457,spoons,3.207,spoons,3.807,desks,4.407,hat,4.857,desks,5.457,pen,6.207,spoons,6.657,pen,7.257,toy,8.007,spoons,8.457,sock,9.207,shoe,9.807,glove,10.257,pen,10.857,red,11.457,desks,12.057,white,12.807
m_speech__ild_0__itd_500__targ_l__control_0,2,Target,desks,2.457,hat,3.0,blue,4.0,tables,4.257,blue,4.857,glove,6.0,toy,6.0,glove,7.0,red,7.0,shoe,8.0,bag,9.0,sock,9.057,tables,9.657,bag,10.257,shoe,10.857,pen,11.457,bag,12.0,red,13.0
m_speech__ild_0__itd_500__targ_l__control_0,2,Masker,toy,2.607,red,3.057,bag,3.657,green,4.407,bag,5.007,spoons,5.457,bag,6.057,bag,6.657,shoe,7.257,chairs,7.857,card,8.457,spoons,9.207,white,9.807,tables,10.407,glove,11.007,card,11.607,toy,12.057,spoons,12.657
m_speech__ild_0__itd_500__targ_l__control_0,3,Target,glove,2.457,hat,3.0,desks,4.0,hat,4.257,card,5.0,toy,5.457,shoe,6.057,glove,6.657,pen,7.257,sock,8.0,bag,8.457,card,9.057,blue,10.0,pen,10.257,glove,11.0,blue,12.0,hat,12.057,pen,13.0
m_speech__ild_0__itd_500__targ_l__control_0,3,Masker,shoe,2.607,red,3.057,glove,3.657,white,4.407,sock,4.857,pen,5.607,green,6.207,pen,6.807,chairs,7.407,pen,7.857,white,8.607,desks,9.207,pen,9.657,glove,10.407,bag,10.857,sock,11.457,toy,12.207,bag,12.657
m_speech__ild_0__itd_500__targ_r__control_0,0,Target,card,2.0,red,2.344,chairs,3.0,desks,3.544,shoe,4.0,green,5.0,shoe,5.0,red,5.944,toy,6.544,hat,7.0,tables,7.744,green,8.344,toy,8.944,chairs,9.544,card,10.0,chairs,10.744,toy,11.344,glove,11.944
m_speech__ild_0__itd_500__targ_r__control_0,0,Masker,card,1.744,bag,2.494,card,2.944,toy,3.694,desks,4.144,hat,4.744,toy,5.344,card,6.094,bag,6.694,toy,7.144,green,7.894,shoe,8.494,card,9.094,tables,9.694,green,10.144,glove,10.894,toy,11.494,green,12.094
m_speech__ild_0__itd_500__targ_r__control_0,1,Target,red,1.744,desks,2.0,glove,3.0,card,3.544,bag,4.0,shoe,4.744,bag,5.0,green,5.944,shoe,6.544,card,7.144,shoe,8.0,glove,8.344,shoe,9.0,red,10.0,card,10.0,card,10.744,glove,11.0,sock,12.0
m_speech__ild_0__itd_500__targ_r__control_0,1,Masker,bag,1.894,pen,2.344,hat,2.944,spoons,3.694,spoons,4.144,glove,4.894,chairs,5.344,spoons,6.094,blue,6.694,green,7.294,spoons,7.744,sock,8.494,spoons,8.944,glove,9.544,glove,10.144,white,10.894,card,11.344,toy,11.944
m_speech__ild_0__itd_500__targ_r__control_0,2,Target,bag,1.744,spoons,2.344,chairs,3.0,hat,4.0,pen,4.0,green,4.744,chairs,5.0,tables,5.944,white,6.544,tables,7.144,chairs,8.0,card,8.344,bag,9.0,pen,10.0,shoe,10.0,pen,11.0,shoe,11.0,hat,11.944
m_speech__ild_0__itd_500__targ_r__control_0,2,Masker,green,1.894,pen,2.494,pen,2.944,spoons,3.544,shoe,4.144,card,4.894,white,5.344,sock,6.094,pen,6.694,pen,7.294,bag,7.744,white,8.494,green,8.944,hat,9.544,spoons,10.144,pen,10.744,pen,11.344,chairs,12.094
m_speech__ild_0__itd_500__targ_r__control_0,3,Target,card,2.0,hat,2.344,bag,3.0,blue,3.544,tables,4.144,toy,5.0,chairs,5.344,white,6.0,shoe,7.0,chairs,7.144,tables,7.744,shoe,8.344,tables,9.0,bag,10.0,tables,10.144,desks,10.744,green,11.0,spoons,12.0
m_speech__ild_0__itd_500__targ_r__control_0,3,Masker,tables,1.744,tables,2.494,shoe,2.944,pen,3.694,shoe,4.294,hat,4.744,hat,5.494,hat,5.944,blue,6.544,shoe,7.294,red,7.894,card,8.494,desks,8.944,tables,9.544,desks,10.294,green,10.894,toy,11.344,chairs,11.944
m_noise__ild_0__itd_500__targ_l__control_0,0,Target,glove,3.0,tables,3.369,sock,4.0,bag,5.0,hat,5.169,bag,5.769,tables,6.369,spoons,7.0,white,8.0,hat,8.0,bag,8.769,white,10.0,spoons,10.0,sock,10.569,blue,11.0,hat,12.0,toy,13.0,bag,13.0
m_noise__ild_0__itd_500__targ_l__control_0,0,Masker,noise,2.769,noise,3.519,noise,3.969,noise,4.569,noise,5.319,noise,5.919,noise,6.519,noise,6.969,noise,7.569,noise,8.169,noise,8.919,noise,9.369,noise,9.969,noise,10.719,noise,11.169,noise,11.769,noise,12.369,noise,12.969
m_noise__ild_0__itd_500__targ_l__control_0,1,Target,tables,2.769,shoe,4.0,green,4.0,chairs,4.569,toy,5.169,toy,6.0,pen,6.369,shoe,6.969,glove,8.0,blue,8.0,green,9.0,toy,10.0,card,9.969,shoe,10.569,chairs,11.0,white,11.769,spoons,12.369,toy,12.969
m_noise__ild_0__itd_500__targ_l__control_0,1,Masker,noise,2.919,noise,3.369,noise,3.969,noise,4.719,noise,5.319,noise,5.769,noise,6.519,noise,7.119,noise,7.569,noise,8.169,noise,8.769,noise,9.369,noise,10.119,noise,10.719,noise,11.169,noise,11.919,noise,12.519,noise,13.119
m_noise__ild_0__itd_500__targ_l__control_0,2,Target,bag,3.0,hat,3.369,blue,3.969,sock,4.569,hat,5.169,chairs,6.0,spoons,7.0,shoe,7.0,glove,7.569,bag,8.169,toy,9.0,white,9.369,desks,9.969,shoe,11.0,chairs,11.0,red,12.0,white,12.369,shoe,12.969
m_noise__ild_0__itd_500__targ_l__control_0,2,Masker,noise,2.769,noise,3.519,noise,4.119,noise,4.719,noise,5.319,noise,5.769,noise,6.369,noise,6.969,noise,7.719,noise,8.319,noise,8.769,noise,9.519,noise,10.119,noise,10.569,noise,11.169,noise,11.769,noise,12.519,noise,13.119
m_noise__ild_0__itd_500__targ_l__control_0,3,Target,desks,2.769,red,3.369,sock,3.969,sock,5.0,desks,5.169,glove,6.0,bag,7.0,glove,7.0,desks,8.0,chairs,8.169,glove,9.0,bag,9.369,green,10.0,toy,10.569,chairs,11.0,toy,12.0,tables,13.0,hat,13.0
m_noise__ild_0__itd_500__targ_l__control_0,3,Masker,noise,2.919,noise,3.519,noise,4.119,noise,4.569,noise,5.319,noise,5.769,noise,6.369,noise,6.969,noise,7.569,noise,8.319,noise,8.769,noise,9.519,noise,9.969,noise,10.719,noise,11.169,noise,11.769,noise,12.369,noise,12.969
m_noise__ild_0__itd_500__targ_r__control_0,0,Target,toy,2.245,pen,3.0,hat,4.0,pen,4.0,chairs,5.0,pen,5.0,red,6.0,spoons,7.0,chairs,7.045,pen,8.0,red,8.0,sock,8.845,pen,9.445,desks,10.045,white,10.645,sock,11.245,pen,12.0,green,13.0
m_noise__ild_0__itd_500__targ_r__control_0,0,Masker,noise,2.395,noise,2.845,noise,3.445,noise,4.045,noise,4.645,noise,5.245,noise,5.845,noise,6.445,noise,7.195,noise,7.645,noise,8.245,noise,8.995,noise,9.595,noise,10.195,noise,10.795,noise,11.395,noise,11.845,noise,12.445
m_noise__ild_0__itd_500__targ_r__control_0,1,Target,shoe,2.245,toy,2.845,white,4.0,desks,4.0,card,5.0,toy,5.0,white,6.0,spoons,7.0,bag,7.045,green,8.0,tables,8.0,white,8.845,tables,10.0,desks,10.045,toy,11.0,sock,11.0,pen,11.845,shoe,13.0
m_noise__ild_0__itd_500__targ_r__control_0,1,Masker,noise,2.395,noise,2.995,noise,3.445,noise,4.045,noise,4.645,noise,5.245,noise,5.845,noise,6.445,noise,7.195,noise,7.645,noise,8.245,noise,8.995,noise,9.445,noise,10.195,noise,10.645,noise,11.245,noise,11.995,noise,12.445
m_noise__ild_0__itd_500__targ_r__control_0,2,Target,card,2.0,desks,3.0,hat,3.445,shoe,4.045,bag,4.645,glove,5.245,blue,5.845,desks,7.0,desks,7.045,desks,7.645,desks,8.245,spoons,9.0,green,10.0,green,10.045,pen,11.0,blue,11.0,pen,12.0,desks,12.445
m_noise__ild_0__itd_500__targ_r__control_0,2,Masker,noise,2.245,noise,2.845,noise,3.595,noise,4.195,noise,4.795,noise,5.395,noise,5.995,noise,6.445,noise,7.195,noise,7.795,noise,8.395,noise,8.845,noise,9.445,noise,10.195,noise,10.645,noise,11.245,noise,11.845,noise,12.595
m_noise__ild_0__itd_500__targ_r__control_0,3,Target,desks,2.0,toy,2.845,pen,3.445,white,4.045,shoe,5.0,spoons,5.245,bag,6.0,bag,6.445,bag,7.0,shoe,8.0,spoons,8.0,glove,8.845,tables,10.0,red,10.045,pen,10.645,glove,11.0,white,12.0,red,12.445
m_noise__ild_0__itd_500__targ_r__control_0,3,Masker,noise,2.245,noise,2.995,noise,3.595,noise,4.195,noise,4.645,noise,5.395,noise,5.845,noise,6.595,noise,7.045,noise,7.645,noise,8.245,noise,8.995,noise,9.445,noise,10.195,noise,10.795,noise,11.245,noise,11.845,noise,12.595
m_speech__ild_10__itd_0__targ_l__control_0,0,Target,pen,1.097,toy,2.0,card,2.0,blue,3.0,glove,4.0,toy,4.097,bag,4.697,blue,5.297,tables,6.0,red,7.0,red,7.0,bag,8.0,chairs,8.0,card,8.897,shoe,10.0,sock,10.0,tables,11.0,hat,11.0
m_speech__ild_10__itd_0__targ_l__control_0,0,Masker,hat,1.247,desks,1.697,red,2.297,spoons,2.897,card,3.497,sock,4.247,tables,4.847,sock,5.447,bag,5.897,desks,6.497,glove,7.097,glove,7.697,blue,8.297,toy,9.047,chairs,9.497,toy,10.097,glove,10.697,bag,11.297
m_speech__ild_10__itd_0__targ_l__control_0,1,Target,blue,1.0,hat,1.697,tables,2.297,chairs,3.0,toy,4.0,white,4.0,pen,4.697,toy,5.0,tables,5.897,hat,6.497,shoe,7.097,pen,7.697,desks,8.297,card,9.0,hat,9.497,green,10.0,spoons,11.0,card,11.0
m_speech__ild_10__itd_0__targ_l__control_0,1,Masker,bag,1.097,tables,1.847,card,2.447,spoons,2.897,card,3.497,sock,4.097,glove,4.847,tables,5.297,blue,6.047,spoons,6.647,blue,7.247,blue,7.847,pen,8.447,green,8.897,tables,9.647,toy,10.097,toy,10.697,sock,11.297
m_speech__ild_10__itd_0__targ_l__control_0,2,Target,bag,1.097,pen,1.697,white,2.297,toy,2.897,spoons,4.0,tables,4.0,red,5.0,blue,5.0,glove,6.0,toy,7.0,toy,7.097,toy,7.697,tables,8.0,card,8.897,shoe,10.0,chairs,10.0,bag,11.0,sock,11.0
m_speech__ild_10__itd_0__targ_l__control_0,2,Masker,toy,1.247,spoons,1.847,spoons,2.447,shoe,3.047,toy,3.497,shoe,4.097,bag,4.697,hat,5.297,spoons,5.897,tables,6.497,tables,7.247,desks,7.847,glove,8.297,glove,9.047,white,9.497,toy,10.097,green,10.697,spoons,11.297
m_speech__ild_10__itd_0__targ_l__control_0,3,Target,chairs,1.0,pen,2.0,tables,2.297,sock,2.897,white,3.497,shoe,4.0,card,4.697,chairs,5.297,toy,5.897,chairs,7.0,hat,7.0,tables,7.697,glove,8.0,sock,8.897,spoons,10.0,green,10.097,red,10.697,bag,11.297
m_speech__ild_10__itd_0__targ_l__control_0,3,Masker,tables,1.097,spoons,1.697,card,2.447,blue,3.047,card,3.647,pen,4.097,sock,4.847,card,5.447,glove,6.047,sock,6.497,red,7.097,desks,7.847,chairs,8.297,tables,9.047,pen,9.497,card,10.247,chairs,10.847,white,11.447
m_speech__ild_10__itd_0__targ_r__control_0,0,Target,chairs,1.953,card,2.553,white,3.153,hat,3.753,desks,5.0,toy,4.953,pen,6.0,spoons,6.153,tables,6.753,pen,7.353,tables,7.953,toy,8.553,bag,9.153,card,9.753,toy,10.353,blue,10.953,red,12.0,glove,12.153
m_speech__ild_10__itd_0__targ_r__control_0,0,Masker,pen,2.103,glove,2.703,toy,3.303,glove,3.903,bag,4.353,card,5.103,toy,5.553,toy,6.303,tables,6.903,tables,7.503,hat,8.103,chairs,8.703,blue,9.303,pen,9.903,glove,10.503,bag,11.103,glove,11.553,blue,12.303
m_speech__ild_10__itd_0__targ_r__control_0,1,Target,white,2.0,bag,3.0,tables,3.153,pen,3.753,hat,5.0,desks,5.0,toy,5.553,pen,6.0,bag,6.753,pen,8.0,tables,7.953,white,9.0,chairs,9.0,hat,9.753,spoons,11.0,bag,11.0,green,12.0,toy,12.0
m_speech__ild_10__itd_0__targ_r__control_0,1,Masker,desks,1.953,blue,2.553,white,3.303,sock,3.903,shoe,4.353,bag,4.953,tables,5.703,glove,6.153,toy,6.903,glove,7.353,desks,8.103,bag,8.553,glove,9.153,spoons,9.903,green,10.353,toy,10.953,sock,11.553,bag,12.153
m_speech__ild_10__itd_0__targ_r__control_0,2,Target,white,1.953,glove,3.0,bag,3.153,tables,3.753,sock,5.0,glove,4.953,glove,5.553,pen,6.0,chairs,7.0,tables,7.353,white,8.0,shoe,8.553,spoons,9.153,glove,10.0,hat,11.0,glove,10.953,pen,12.0,spoons,12.153
m_speech__ild_10__itd_0__targ_r__control_0,2,Masker,pen,2.103,pen,2.553,toy,3.303,pen,3.903,bag,4.353,hat,5.103,blue,5.703,glove,6.153,hat,6.753,red,7.503,card,7.953,glove,8.703,toy,9.303,glove,9.753,card,10.353,tables,11.103,chairs,11.553,glove,12.303
m_speech__ild_10__itd_0__targ_r__control_0,3,Target,glove,1.953,sock,3.0,pen,3.153,shoe,3.753,card,5.0,green,5.0,pen,6.0,card,6.153,pen,6.753,card,8.0,spoons,7.953,sock,9.0,green,9.153,glove,9.753,tables,11.0,pen,10.953,hat,12.0,shoe,12.0
m_speech__ild_10__itd_0__targ_r__control_0,3,Masker,pen,2.103,chairs,2.553,spoons,3.303,pen,3.903,shoe,4.353,glove,4.953,shoe,5.553,shoe,6.303,green,6.903,blue,7.353,chairs,8.103,pen,8.553,pen,9.303,hat,9.903,chairs,10.353,shoe,11.103,shoe,11.553,pen,12.153
m_noise__ild_10__itd_0__targ_l__control_0,0,Target,blue,2.0,desks,1.995,glove,2.595,bag,3.0,toy,3.795,hat,5.0,shoe,4.995,desks,6.0,glove,6.195,pen,7.0,tables,8.0,hat,8.0,red,9.0,pen,9.0,pen,9.795,chairs,11.0,spoons,11.0,shoe,11.595
m_noise__ild_10__itd_0__targ_l__control_0,0,Masker,noise,1.395,noise,2.145,noise,2.745,noise,3.195,noise,3.945,noise,4.395,noise,5.145,noise,5.595,noise,6.345,noise,6.795,noise,7.395,noise,7.995,noise,8.595,noise,9.195,noise,9.945,noise,10.395,noise,10.995,noise,11.745
m_noise__ild_10__itd_0__targ_l__control_0,1,Target,spoons,1.395,shoe,1.995,white,3.0,card,3.0,red,3.795,red,4.395,spoons,5.0,card,5.595,shoe,6.0,hat,7.0,pen,8.0,glove,7.995,hat,8.595,blue,9.195,shoe,10.0,sock,11.0,chairs,11.0,shoe,12.0
m_noise__ild_10__itd_0__targ_l__control_0,1,Masker,noise,1.545,noise,2.145,noise,2.595,noise,3.195,noise,3.945,noise,4.545,noise,4.995,noise,5.745,noise,6.195,noise,6.795,noise,7.395,noise,8.145,noise,8.745,noise,9.345,noise,9.795,noise,10.395,noise,10.995,noise,11.595
m_noise__ild_10__itd_0__targ_l__control_0,2,Target,desks,1.395,spoons,1.995,chairs,2.595,shoe,3.0,tables,4.0,white,4.395,sock,4.995,shoe,6.0,white,6.0,spoons,7.0,card,7.395,sock,8.0,green,8.595,glove,9.0,chairs,10.0,tables,10.395,shoe,11.0,tables,12.0
m_noise__ild_10__itd_0__targ_l__control_0,2,Masker,noise,1.545,noise,2.145,noise,2.745,noise,3.195,noise,3.795,noise,4.545,noise,5.145,noise,5.595,noise,6.195,noise,6.795,noise,7.545,noise,7.995,noise,8.745,noise,9.195,noise,9.795,noise,10.545,noise,10.995,noise,11.595
m_noise__ild_10__itd_0__targ_l__control_0,3,Target,card,1.395,chairs,2.0,pen,2.595,sock,3.195,card,4.0,desks,5.0,pen,5.0,card,5.595,chairs,6.0,shoe,6.795,card,8.0,shoe,8.0,bag,8.595,green,9.0,card,10.0,desks,10.395,sock,11.0,blue,12.0
m_noise__ild_10__itd_0__targ_l__control_0,3,Masker,noise,1.545,noise,1.995,noise,2.745,noise,3.345,noise,3.795,noise,4.395,noise,4.995,noise,5.745,noise,6.195,noise,6.945,noise,7.395,noise,7.995,noise,8.745,noise,9.195,noise,9.795,noise,10.545,noise,10.995,noise,11.595
m_noise__ild_10__itd_0__targ_r__control_0,0,Target,hat,2.0,desks,3.0,glove,4.0,spoons,4.0,chairs,5.0,glove,5.345,shoe,6.0,glove,7.0,shoe,7.145,toy,8.0,spoons,8.0,desks,8.945,shoe,9.545,green,10.0,hat,10.745,pen,11.0,green,12.0,green,12.545
m_noise__ild_10__itd_0__targ_r__control_0,0,Masker,noise,2.345,noise,2.945,noise,3.545,noise,4.145,noise,4.745,noise,5.495,noise,5.945,noise,6.545,noise,7.295,noise,7.745,noise,8.345,noise,9.095,noise,9.695,noise,10.145,noise,10.895,noise,11.345,noise,11.945,noise,12.695
m_noise__ild_10__itd_0__targ_r__control_0,1,Target,chairs,2.345,hat,2.945,shoe,3.545,sock,4.0,hat,5.0,red,5.345,hat,6.0,green,6.545,glove,7.145,hat,8.0,red,8.345,desks,8.945,glove,10.0,glove,10.0,glove,10.745,hat,11.345,red,11.945,shoe,12.545
m_noise__ild_10__itd_0__targ_r__control_0,1,Masker,noise,2.495,noise,3.095,noise,3.695,noise,4.145,noise,4.745,noise,5.495,noise,5.945,noise,6.695,noise,7.295,noise,7.745,noise,8.495,noise,9.095,noise,9.545,noise,10.145,noise,10.895,noise,11.495,noise,12.095,noise,12.695
m_noise__ild_10__itd_0__targ_r__control_0,2,Target,blue,2.345,desks,2.945,pen,4.0,desks,4.0,hat,5.0,sock,5.345,hat,5.945,desks,6.545,tables,7.0,pen,8.0,bag,8.345,spoons,8.945,sock,10.0,green,10.145,blue,10.745,card,11.345,hat,12.0,desks,12.545
m_noise__ild_10__itd_0__targ_r__control_0,2,Masker,noise,2.495,noise,3.095,noise,3.545,noise,4.145,noise,4.745,noise,5.495,noise,6.095,noise,6.695,noise,7.145,noise,7.745,noise,8.495,noise,9.095,noise,9.545,noise,10.295,noise,10.895,noise,11.495,noise,11.945,noise,12.695
m_noise__ild_10__itd_0__targ_r__control_0,3,Target,spoons,2.0,sock,2.945,spoons,3.545,bag,4.145,sock,5.0,white,5.0,bag,5.945,pen,7.0,pen,7.0,toy,8.0,bag,8.0,card,8.945,toy,10.0,blue,10.145,chairs,10.745,tables,11.0,desks,11.945,chairs,13.0
m_noise__ild_10__itd_0__targ_r__control_0,3,Masker,noise,2.345,noise,3.095,noise,3.695,noise,4.295,noise,4.745,noise,5.345,noise,6.095,noise,6.545,noise,7.145,noise,7.745,noise,8.345,noise,9.095,noise,9.545,noise,10.295,noise,10.895,noise,11.345,noise,12.095,noise,12.545
m_speech__ild_70n__itd_0__targ_l__control_0,0,Target,glove,2.189,hat,2.789,glove,3.389,spoons,3.989,sock,5.0,green,5.189,chairs,6.0,sock,7.0,shoe,6.989,chairs,8.0,toy,8.0,red,8.789,chairs,9.389,chairs,10.0,toy,11.0,chairs,11.189,chairs,12.0,sock,13.0
m_speech__ild_70n__itd_0__targ_l__control_0,0,Masker,desks,2.339,chairs,2.939,shoe,3.539,sock,4.139,glove,4.589,bag,5.339,glove,5.789,sock,6.389,glove,7.139,hat,7.589,red,8.189,chairs,8.939,desks,9.539,spoons,9.989,hat,10.589,sock,11.339,white,11.789,bag,12.389
m_speech__ild_70n__itd_0__targ_l__control_0,1,Target,sock,2.189,red,3.0,shoe,3.389,shoe,3.989,white,4.589,pen,5.189,hat,5.789,chairs,6.389,desks,6.989,sock,8.0,shoe,8.189,card,8.789,blue,10.0,sock,10.0,shoe,10.589,blue,11.189,card,12.0,spoons,12.389
m_speech__ild_70n__itd_0__targ_l__control_0,1,Masker,desks,2.339,pen,2.789,glove,3.539,card,4.139,card,4.739,sock,5.339,desks,5.939,card,6.539,glove,7.139,desks,7.589,toy,8.339,white,8.939,bag,9.389,shoe,9.989,sock,10.739,sock,11.339,white,11.789,glove,12.539
m_speech__ild_70n__itd_0__targ_l__control_0,2,Target,toy,2.0,glove,2.789,toy,3.389,desks,3.989,glove,5.0,glove,5.0,shoe,5.789,white,6.389,sock,6.989,red,8.0,spoons,8.0,desks,9.0,toy,10.0,green,10.0,spoons,10.589,white,11.0,desks,12.0,pen,12.389
m_speech__ild_70n__itd_0__targ_l__control_0,2,Masker,glove,2.189,white,2.939,chairs,3.539,hat,4.139,toy,4.589,green,5.189,blue,5.939,chairs,6.539,blue,7.139,hat,7.589,desks,8.189,pen,8.789,chairs,9.389,glove,9.989,sock,10.739,glove,11.189,sock,11.789,hat,12.539
m_speech__ild_70n__itd_0__targ_l__control_0,3,Target,tables,2.189,green,3.0,bag,4.0,tables,3.989,shoe,5.0,tables,5.189,tables,5.789,card,6.389,hat,6.989,blue,7.589,tables,8.0,tables,8.789,sock,9.389,tables,10.0,hat,11.0,green,11.0,green,12.0,tables,13.0
m_speech__ild_70n__itd_0__targ_l__control_0,3,Masker,red,2.339,spoons,2.789,toy,3.389,red,4.139,hat,4.589,tables,5.339,toy,5.939,pen,6.539,card,7.139,chairs,7.739,tables,8.189,shoe,8.939,tables,9.539,white,9.989,shoe,10.589,shoe,11.189,tables,11.789,hat,12.389
m_speech__ild_70n__itd_0__targ_r__control_0,0,Target,glove,2.0,bag,2.085,sock,2.685,card,3.0,shoe,4.0,chairs,4.485,desks,5.0,red,5.685,chairs,6.285,hat,7.0,tables,7.485,shoe,8.0,desks,8.685,shoe,9.285,spoons,9.885,sock,10.485,blue,11.085,white,11.685
m_speech__ild_70n__itd_0__targ_r__control_0,0,Masker,desks,1.485,blue,2.235,green,2.835,card,3.285,sock,3.885,hat,4.635,chairs,5.085,sock,5.835,card,6.435,shoe,6.885,glove,7.635,pen,8.085,sock,8.835,glove,9.435,spoons,10.035,card,10.635,card,11.235,desks,11.835
m_speech__ild_70n__itd_0__targ_r__control_0,1,Target,sock,2.0,red,2.0,white,3.0,card,3.0,tables,3.885,green,4.485,sock,5.0,pen,5.685,shoe,6.0,bag,7.0,spoons,7.485,tables,8.085,hat,9.0,desks,9.0,spoons,9.885,bag,11.0,shoe,11.0,toy,12.0
m_speech__ild_70n__itd_0__targ_r__control_0,1,Masker,pen,1.485,pen,2.085,shoe,2.685,shoe,3.285,green,4.035,tables,4.635,glove,5.085,white,5.835,chairs,6.285,shoe,6.885,white,7.635,spoons,8.235,card,8.685,hat,9.285,spoons,10.035,spoons,10.485,desks,11.085,bag,11.685
m_speech__ild_70n__itd_0__targ_r__control_0,2,Target,white,1.485,sock,2.0,bag,2.685,hat,3.285,glove,4.0,chairs,4.485,toy,5.085,blue,6.0,tables,6.285,shoe,6.885,hat,8.0,spoons,8.085,blue,8.685,tables,9.285,tables,9.885,hat,11.0,shoe,11.085,hat,11.685
m_speech__ild_70n__itd_0__targ_r__control_0,2,Masker,chairs,1.635,red,2.085,pen,2.835,pen,3.435,sock,3.885,glove,4.635,tables,5.235,card,5.685,red,6.435,glove,7.035,spoons,7.485,glove,8.235,tables,8.835,bag,9.435,green,10.035,toy,10.485,white,11.235,shoe,11.835
m_speech__ild_70n__itd_0__targ_r__control_0,3,Target,desks,2.0,spoons,2.0,bag,2.685,bag,3.0,card,3.885,white,4.485,glove,5.085,card,6.0,hat,6.0,card,6.885,white,8.0,shoe,8.085,chairs,8.685,card,9.0,chairs,10.0,spoons,10.485,pen,11.085,spoons,11.685
m_speech__ild_70n__itd_0__targ_r__control_0,3,Masker,green,1.485,shoe,2.085,sock,2.835,green,3.285,spoons,4.035,glove,4.635,green,5.235,spoons,5.685,glove,6.285,bag,7.035,desks,7.485,blue,8.235,glove,8.835,toy,9.285,spoons,9.885,desks,10.635,card,11.235,desks,11.835
m_noise__ild_70n__itd_0__targ_l__control_0,0,Target,blue,1.0,hat,1.82,desks,3.0,toy,3.02,bag,3.62,toy,4.22,spoons,5.0,card,6.0,sock,6.02,toy,7.0,tables,7.22,sock,8.0,bag,8.42,shoe,9.02,white,10.0,sock,10.0,glove,11.0,red,11.42
m_noise__ild_70n__itd_0__targ_l__control_0,0,Masker,noise,1.22,noise,1.97,noise,2.42,noise,3.17,noise,3.77,noise,4.37,noise,4.82,noise,5.42,noise,6.17,noise,6.62,noise,7.37,noise,7.82,noise,8.57,noise,9.17,noise,9.62,noise,10.22,noise,10.82,noise,11.57
m_noise__ild_70n__itd_0__targ_l__control_0,1,Target,glove,1.22,white,1.82,chairs,2.42,glove,3.0,green,4.0,bag,4.22,sock,5.0,hat,5.42,spoons,6.02,hat,7.0,sock,7.0,hat,7.82,red,8.42,desks,9.02,spoons,9.62,card,10.0,sock,10.82,white,12.0
m_noise__ild_70n__itd_0__targ_l__control_0,1,Masker,noise,1.37,noise,1.97,noise,2.57,noise,3.02,noise,3.62,noise,4.37,noise,4.82,noise,5.57,noise,6.17,noise,6.62,noise,7.22,noise,7.97,noise,8.57,noise,9.17,noise,9.77,noise,10.22,noise,10.97,noise,11.42
m_noise__ild_70n__itd_0__targ_l__control_0,2,Target,tables,1.0,chairs,1.82,pen,3.0,chairs,3.0,spoons,3.62,card,4.0,tables,4.82,desks,5.42,white,6.0,red,6.62,desks,7.0,green,7.82,glove,8.42,chairs,9.02,card,9.62,desks,10.22,chairs,11.0,chairs,12.0
m_noise__ild_70n__itd_0__targ_l__control_0,2,Masker,noise,1.22,noise,1.97,noise,2.42,noise,3.02,noise,3.77,noise,4.22,noise,4.97,noise,5.57,noise,6.02,noise,6.77,noise,7.22,noise,7.97,noise,8.57,noise,9.17,noise,9.77,noise,10.37,noise,10.82,noise,11.42
m_noise__ild_70n__itd_0__targ_l__control_0,3,Target,red,1.22,blue,1.82,spoons,3.0,tables,3.02,chairs,4.0,shoe,4.22,card,4.82,shoe,5.42,toy,6.02,spoons,7.0,hat,7.22,chairs,8.0,chairs,8.42,spoons,9.0,white,9.62,tables,10.0,sock,11.0,chairs,11.42
m_noise__ild_70n__itd_0__targ_l__control_0,3,Masker,noise,1.37,noise,1.97,noise,2.42,noise,3.17,noise,3.62,noise,4.37,noise,4.97,noise,5.57,noise,6.17,noise,6.62,noise,7.37,noise,7.82,noise,8.57,noise,9.02,noise,9.77,noise,10.22,noise,10.82,noise,11.57
m_noise__ild_70n__itd_0__targ_r__control_0,0,Target,shoe,2.276,sock,3.0,red,4.0,card,4.0,blue,4.676,tables,5.0,chairs,6.0,sock,7.0,card,7.0,tables,8.0,hat,8.0,shoe,9.0,tables,9.476,card,10.0,desks,10.676,blue,11.276,bag,11.876,spoons,13.0
m_noise__ild_70n__itd_0__targ_r__control_0,0,Masker,noise,2.426,noise,2.876,noise,3.476,noise,4.076,noise,4.826,noise,5.276,noise,5.876,noise,6.476,noise,7.076,noise,7.676,noise,8.276,noise,8.876,noise,9.626,noise,10.076,noise,10.826,noise,11.426,noise,12.026,noise,12.476
m_noise__ild_70n__itd_0__targ_r__control_0,1,Target,pen,2.0,glove,2.876,toy,4.0,green,4.076,glove,4.676,toy,5.0,chairs,6.0,red,6.476,card,7.0,chairs,8.0,desks,8.276,card,8.876,white,10.0,green,10.076,card,11.0,card,11.0,glove,12.0,pen,12.476
m_noise__ild_70n__itd_0__targ_r__control_0,1,Masker,noise,2.276,noise,3.026,noise,3.476,noise,4.226,noise,4.826,noise,5.276,noise,5.876,noise,6.626,noise,7.076,noise,7.676,noise,8.426,noise,9.026,noise,9.476,noise,10.226,noise,10.676,noise,11.276,noise,11.876,noise,12.626
m_noise__ild_70n__itd_0__targ_r__control_0,2,Target,desks,2.0,sock,2.876,desks,4.0,hat,4.076,red,4.676,desks,5.0,sock,6.0,desks,7.0,chairs,7.0,shoe,8.0,green,8.0,toy,8.876,chairs,10.0,blue,10.0,desks,10.676,chairs,11.276,toy,12.0,spoons,12.476
m_noise__ild_70n__itd_0__targ_r__control_0,2,Masker,noise,2.276,noise,3.026,noise,3.476,noise,4.226,noise,4.826,noise,5.276,noise,5.876,noise,6.476,noise,7.076,noise,7.676,noise,8.276,noise,9.026,noise,9.476,noise,10.076,noise,10.826,noise,11.426,noise,11.876,noise,12.626
m_noise__ild_70n__itd_0__targ_r__control_0,3,Target,card,2.0,hat,3.0,sock,3.476,desks,4.0,green,4.676,desks,5.276,desks,6.0,bag,7.0,green,7.0,pen,7.676,tables,8.276,toy,8.876,shoe,9.476,hat,10.0,sock,11.0,spoons,11.0,tables,12.0,desks,13.0
m_noise__ild_70n__itd_0__targ_r__control_0,3,Masker,noise,2.276,noise,2.876,noise,3.626,noise,4.076,noise,4.826,noise,5.426,noise,5.876,noise,6.476,noise,7.076,noise,7.826,noise,8.426,noise,9.026,noise,9.626,noise,10.076,noise,10.676,noise,11.276,noise,11.876,noise,12.476
m_speech__ild_0__itd_500__targ_l__control_1,0,Target,blue,3.0,card,3.0,blue,3.787,toy,5.0,pen,4.987,bag,6.0,card,6.0,glove,7.0,red,7.387,desks,7.987,spoons,9.0,glove,9.0,desks,9.787,sock,11.0,pen,11.0,glove,12.0,card,12.0,red,13.0
m_speech__ild_0__itd_500__targ_l__control_1,0,Masker,spoons,2.587,desks,3.187,bag,3.937,card,4.387,card,5.137,toy,5.587,white,6.187,red,6.787,chairs,7.537,shoe,8.137,card,8.587,card,9.187,desks,9.937,card,10.387,chairs,10.987,shoe,11.587,glove,12.187,card,12.787
m_speech__ild_0__itd_500__targ_l__control_1,1,Target,pen,2.587,toy,3.187,chairs,3.787,blue,5.0,bag,4.987,hat,5.587,spoons,6.187,toy,7.0,chairs,8.0,tables,8.0,green,8.587,desks,9.0,pen,10.0,sock,10.387,pen,11.0,card,12.0,desks,12.187,white,12.787
m_speech__ild_0__itd_500__targ_l__control_1,1,Masker,chairs,2.737,desks,3.337,glove,3.937,tables,4.387,hat,5.137,sock,5.737,green,6.337,shoe,6.787,sock,7.387,chairs,7.987,pen,8.737,white,9.187,tables,9.787,glove,10.537,pen,10.987,white,11.587,red,12.337,pen,12.937
m_speech__ild_0__itd_500__targ_l__control_1,2,Target,bag,2.587,bag,3.187,glove,3.787,sock,5.0,glove,5.0,card,6.0,tables,6.187,card,7.0,green,8.0,chairs,8.0,spoons,8.587,sock,9.0,green,10.0,desks,11.0,glove,11.0,shoe,11.587,card,12.0,bag,12.787
m_speech__ild_0__itd_500__targ_l__control_1,2,Masker,spoons,2.737,shoe,3.337,bag,3.937,glove,4.387,red,4.987,blue,5.587,glove,6.337,glove,6.787,glove,7.387,white,7.987,chairs,8.737,shoe,9.187,sock,9.787,shoe,10.387,green,10.987,card,11.737,pen,12.187,sock,12.937
m_speech__ild_0__itd_500__targ_l__control_1,3,Target,tables,3.0,glove,3.187,tables,3.787,hat,4.387,bag,5.0,sock,5.587,red,6.187,glove,7.0,bag,7.387,green,8.0,green,8.587,bag,9.0,desks,10.0,toy,11.0,bag,10.987,desks,11.587,green,12.0,desks,13.0
m_speech__ild_0__itd_500__targ_l__control_1,3,Masker,shoe,2.587,red,3.337,toy,3.937,spoons,4.537,glove,4.987,chairs,5.737,chairs,6.337,hat,6.787,card,7.537,hat,7.987,spoons,8.737,blue,9.187,blue,9.787,chairs,10.387,red,11.137,tables,11.737,card,12.187,bag,12.787
m_speech__ild_0__itd_500__targ_r__control_1,0,Target,white,1.871,red,2.471,spoons,3.071,toy,4.0,chairs,4.271,desks,4.871,chairs,6.0,desks,6.0,blue,7.0,hat,7.271,card,7.871,red,8.471,desks,9.0,pen,10.0,sock,10.0,card,11.0,pen,12.0,toy,12.071
m_speech__ild_0__itd_500__targ_r__control_1,0,Masker,hat,2.021,sock,2.621,shoe,3.221,green,3.671,blue,4.421,sock,5.021,card,5.471,blue,6.071,tables,6.671,shoe,7.421,pen,8.021,pen,8.621,chairs,9.071,red,9.671,glove,10.271,desks,10.871,shoe,11.471,hat,12.221
m_speech__ild_0__itd_500__targ_r__control_1,1,Target,tables,2.0,spoons,2.471,glove,3.071,spoons,4.0,glove,4.0,glove,4.871,white,5.471,green,6.071,toy,7.0,hat,7.0,glove,7.871,toy,9.0,spoons,9.071,desks,10.0,bag,10.0,glove,11.0,glove,11.471,toy,12.071
m_speech__ild_0__itd_500__targ_r__control_1,1,Masker,pen,1.871,white,2.621,chairs,3.221,chairs,3.671,glove,4.271,desks,5.021,desks,5.621,toy,6.221,tables,6.671,spoons,7.271,spoons,8.021,bag,8.471,chairs,9.221,green,9.671,spoons,10.271,pen,10.871,chairs,11.621,chairs,12.221
m_speech__ild_0__itd_500__targ_r__control_1,2,Target,pen,2.0,white,3.0,red,3.071,bag,4.0,hat,4.271,hat,4.871,desks,6.0,hat,6.071,bag,6.671,desks,7.271,glove,7.871,tables,8.471,hat,9.0,hat,10.0,hat,10.0,spoons,11.0,card,12.0,hat,12.0
m_speech__ild_0__itd_500__targ_r__control_1,2,Masker,spoons,1.871,bag,2.471,hat,3.221,spoons,3.671,spoons,4.421,tables,5.021,chairs,5.471,spoons,6.221,spoons,6.821,green,7.421,chairs,8.021,hat,8.621,green,9.071,blue,9.671,card,10.271,red,10.871,chairs,11.471,tables,12.071
m_speech__ild_0__itd_500__targ_r__control_1,3,Target,tables,2.0,green,3.0,spoons,3.071,card,4.0,shoe,4.271,toy,4.871,hat,6.0,red,6.0,sock,6.671,shoe,7.0,spoons,8.0,white,8.471,sock,9.071,hat,9.671,spoons,10.0,glove,10.871,white,11.471,spoons,12.071
m_speech__ild_0__itd_500__targ_r__control_1,3,Masker,hat,1.871,spoons,2.471,bag,3.221,green,3.671,glove,4.421,desks,5.021,white,5.471,tables,6.071,desks,6.821,toy,7.271,green,7.871,chairs,8.621,blue,9.221,toy,9.821,spoons,10.271,card,11.021,glove,11.621,card,12.221
m_noise__ild_0__itd_500__targ_l__control_1,0,Target,pen,2.846,desks,3.446,desks,4.0,glove,5.0,desks,5.246,desks,6.0,bag,7.0,toy,7.0,bag,8.0,toy,8.246,card,8.846,blue,9.446,hat,10.0,pen,10.646,desks,11.246,spoons,12.0,pen,13.0,red,13.046
m_noise__ild_0__itd_500__targ_l__control_1,0,Masker,noise,2.996,noise,3.596,noise,4.046,noise,4.646,noise,5.396,noise,5.846,noise,6.446,noise,7.046,noise,7.646,noise,8.396,noise,8.996,noise,9.596,noise,10.046,noise,10.796,noise,11.396,noise,11.846,noise,12.446,noise,13.196
m_noise__ild_0__itd_500__targ_l__control_1,1,Target,desks,2.846,glove,4.0,green,4.046,chairs,5.0,shoe,5.0,chairs,5.846,red,7.0,chairs,7.046,bag,8.0,spoons,8.0,glove,9.0,tables,10.0,glove,10.0,pen,11.0,desks,11.0,hat,11.846,white,13.0,spoons,13.046
m_noise__ild_0__itd_500__targ_l__control_1,1,Masker,noise,2.996,noise,3.446,noise,4.196,noise,4.646,noise,5.246,noise,5.996,noise,6.446,noise,7.196,noise,7.646,noise,8.246,noise,8.846,noise,9.446,noise,10.046,noise,10.646,noise,11.246,noise,11.996,noise,12.446,noise,13.196
m_noise__ild_0__itd_500__targ_l__control_1,2,Target,pen,3.0,green,3.446,blue,4.0,chairs,5.0,sock,5.0,chairs,5.846,hat,7.0,bag,7.046,red,7.646,hat,8.0,shoe,8.846,toy,10.0,glove,10.0,tables,10.646,bag,11.0,bag,12.0,red,13.0,desks,13.046
m_noise__ild_0__itd_500__targ_l__control_1,2,Masker,noise,2.846,noise,3.596,noise,4.046,noise,4.646,noise,5.246,noise,5.996,noise,6.446,noise,7.196,noise,7.796,noise,8.246,noise,8.996,noise,9.446,noise,10.046,noise,10.796,noise,11.246,noise,11.846,noise,12.446,noise,13.196
m_noise__ild_0__itd_500__targ_l__control_1,3,Target,hat,3.0,pen,3.446,desks,4.046,spoons,5.0,pen,5.0,card,5.846,spoons,6.446,pen,7.046,desks,8.0,pen,8.246,desks,9.0,spoons,9.446,green,10.0,blue,10.646,glove,11.0,toy,12.0,spoons,12.446,shoe,13.046
m_noise__ild_0__itd_500__targ_l__control_1,3,Masker,noise,2.846,noise,3.596,noise,4.196,noise,4.646,noise,5.246,noise,5.996,noise,6.596,noise,7.196,noise,7.646,noise,8.396,noise,8.846,noise,9.596,noise,10.046,noise,10.796,noise,11.246,noise,11.846,noise,12.596,noise,13.196
m_noise__ild_0__itd_500__targ_r__control_1,0,Target,glove,1.0,desks,2.0,card,3.0,pen,3.0,sock,4.0,pen,4.151,red,4.751,pen,5.351,spoons,6.0,pen,6.551,toy,7.0,card,8.0,bag,9.0,pen,8.951,shoe,10.0,pen,10.0,white,11.0,sock,12.0
m_noise__ild_0__itd_500__targ_r__control_1,0,Masker,noise,1.151,noise,1.751,noise,2.351,noise,2.951,noise,3.551,noise,4.301,noise,4.901,noise,5.501,noise,5.951,noise,6.701,noise,7.151,noise,7.751,noise,8.351,noise,9.101,noise,9.551,noise,10.151,noise,10.751,noise,11.351
m_noise__ild_0__itd_500__targ_r__control_1,1,Target,bag,1.151,red,1.751,pen,2.351,hat,3.0,card,3.551,blue,4.151,bag,4.751,glove,5.351,chairs,5.951,shoe,6.551,sock,7.151,bag,8.0,toy,8.351,bag,9.0,desks,10.0,hat,10.151,bag,11.0,desks,11.351
m_noise__ild_0__itd_500__targ_r__control_1,1,Masker,noise,1.301,noise,1.901,noise,2.501,noise,2.951,noise,3.701,noise,4.301,noise,4.901,noise,5.501,noise,6.101,noise,6.701,noise,7.301,noise,7.751,noise,8.501,noise,8.951,noise,9.551,noise,10.301,noise,10.751,noise,11.501
m_noise__ild_0__itd_500__targ_r__control_1,2,Target,glove,1.151,red,1.751,sock,3.0,desks,3.0,white,4.0,bag,4.151,hat,4.751,spoons,5.351,glove,6.0,toy,6.551,sock,7.0,bag,8.0,pen,8.351,bag,9.0,spoons,9.551,bag,10.0,chairs,11.0,pen,11.351
m_noise__ild_0__itd_500__targ_r__control_1,2,Masker,noise,1.301,noise,1.901,noise,2.351,noise,2.951,noise,3.551,noise,4.301,noise,4.901,noise,5.501,noise,5.951,noise,6.701,noise,7.151,noise,7.751,noise,8.501,noise,8.951,noise,9.701,noise,10.151,noise,10.751,noise,11.501
m_noise__ild_0__itd_500__targ_r__control_1,3,Target,chairs,1.0,pen,1.751,green,3.0,tables,2.951,bag,3.551,hat,4.151,bag,4.751,card,5.351,white,6.0,desks,6.551,pen,7.151,bag,7.751,glove,8.351,chairs,9.0,bag,10.0,hat,10.0,shoe,11.0,tables,11.351
m_noise__ild_0__itd_500__targ_r__control_1,3,Masker,noise,1.151,noise,1.901,noise,2.351,noise,3.101,noise,3.701,noise,4.301,noise,4.901,noise,5.501,noise,5.951,noise,6.701,noise,7.301,noise,7.901,noise,8.501,noise,8.951,noise,9.551,noise,10.151,noise,10.751,noise,11.501
