Condition,Run,Type,Word0,Time0,Word1,Time1,Word2,Time2,Word3,Time3,Word4,Time4,Word5,Time5,Word6,Time6,Word7,Time7,Word8,Time8,Word9,Time9,Word10,Time10,Word11,Time11,Word12,Time12,Word13,Time13,Word14,Time14,Word15,Time15,Word16,Time16,Word17,Time17
practice,0,Target,pen,1.925,green,2.525,hat,3.0,bag,3.725,shoe,4.325,toy,4.925,white,6.0,glove,6.125,desks,7.0,shoe,7.0,glove,8.0,shoe,8.525,chairs,9.125,shoe,9.725,card,10.325,red,10.925,pen,11.525,shoe,12.0
practice,0,Masker,none,2.075,none,2.675,none,3.125,none,3.875,none,4.475,none,5.075,none,5.525,none,6.275,none,6.725,none,7.325,none,7.925,none,8.675,none,9.275,none,9.875,none,10.475,none,11.075,none,11.675,none,12.125
practice,1,Target,hat,2.0,pen,2.525,hat,3.125,tables,3.725,hat,4.0,chairs,4.925,hat,5.525,white,6.0,white,6.725,hat,7.325,toy,8.0,shoe,8.525,pen,9.125,white,9.725,shoe,10.325,shoe,11.0,hat,12.0,spoons,12.0
practice,1,Masker,none,1.925,none,2.675,none,3.275,none,3.875,none,4.325,none,5.075,none,5.675,none,6.125,none,6.875,none,7.475,none,7.925,none,8.675,none,9.275,none,9.875,none,10.475,none,10.925,none,11.525,none,12.125
practice,2,Target,sock,1.925,tables,2.525,glove,3.0,bag,4.0,shoe,4.325,glove,5.0,card,5.525,pen,6.125,shoe,7.0,chairs,7.0,blue,7.925,shoe,9.0,hat,9.125,spoons,9.725,toy,10.325,desks,10.925,hat,11.525,green,12.0
practice,2,Masker,none,2.075,none,2.675,none,3.125,none,3.725,none,4.475,none,4.925,none,5.675,none,6.275,none,6.725,none,7.325,none,8.075,none,8.525,none,9.275,none,9.875,none,10.475,none,11.075,none,11.675,none,12.125
practice,3,Target,toy,2.0,shoe,3.0,toy,3.125,sock,4.0,pen,4.325,desks,5.0,toy,5.525,chairs,6.0,sock,6.725,green,7.0,bag,7.925,red,9.0,toy,9.125,hat,9.725,hat,10.0,card,10.925,hat,11.525,toy,12.125
practice,3,Masker,none,1.925,none,2.525,none,3.275,none,3.725,none,4.475,none,4.925,none,5.675,none,6.125,none,6.875,none,7.325,none,8.075,none,8.525,none,9.275,none,9.875,none,10.325,none,11.075,none,11.675,none,12.275
m_speech__ild_0__itd_50__targ_l__control_0,0,Target,green,1.0,spoons,2.0,blue,3.0,shoe,3.067,sock,4.0,red,4.0,spoons,4.867,shoe,6.0,chairs,6.0,hat,7.0,spoons,7.0,sock,7.867,pen,8.467,sock,9.0,chairs,10.0,toy,10.0,bag,10.867,white,11.467
m_speech__ild_0__itd_50__targ_l__control_0,0,Masker,shoe,1.267,shoe,1.867,desks,2.467,shoe,3.217,green,3.667,pen,4.267,spoons,5.017,card,5.467,bag,6.067,card,6.667,shoe,7.267,spoons,8.017,red,8.617,blue,9.067,pen,9.667,spoons,10.267,card,11.017,shoe,11.617
m_speech__ild_0__itd_50__targ_l__control_0,1,Target,spoons,1.267,spoons,2.0,glove,2.467,shoe,3.067,card,4.0,tables,4.0,glove,5.0,bag,6.0,spoons,6.067,toy,7.0,green,7.0,desks,7.867,desks,8.467,shoe,9.067,spoons,9.667,red,10.267,green,10.867,pen,12.0
m_speech__ild_0__itd_50__targ_l__control_0,1,Masker,tables,1.417,desks,1.867,shoe,2.617,shoe,3.217,desks,3.667,desks,4.267,green,4.867,desks,5.467,desks,6.217,white,6.667,spoons,7.267,bag,8.017,white,8.617,toy,9.217,desks,9.817,spoons,10.417,shoe,11.017,spoons,11.467
m_speech__ild_0__itd_50__targ_l__control_0,2,Target,bag,1.267,sock,1.867,pen,3.0,shoe,3.0,card,4.0,card,4.267,spoons,4.867,desks,5.467,spoons,6.0,glove,7.0,red,7.267,glove,8.0,chairs,9.0,card,9.067,card,10.0,red,10.267,shoe,10.867,toy,11.467
m_speech__ild_0__itd_50__targ_l__control_0,2,Masker,spoons,1.417,shoe,2.017,card,2.467,spoons,3.067,tables,3.667,blue,4.417,glove,5.017,chairs,5.617,glove,6.067,tables,6.667,glove,7.417,bag,7.867,hat,8.467,blue,9.217,spoons,9.667,hat,10.417,card,11.017,sock,11.617
m_speech__ild_0__itd_50__targ_l__control_0,3,Target,hat,1.267,bag,2.0,green,3.0,bag,3.067,shoe,4.0,spoons,4.0,desks,4.867,card,6.0,bag,6.0,glove,6.667,blue,7.0,bag,7.867,chairs,8.467,desks,9.067,hat,9.667,blue,10.267,spoons,11.0,desks,11.467
m_speech__ild_0__itd_50__targ_l__control_0,3,Masker,toy,1.417,card,1.867,toy,2.467,spoons,3.217,chairs,3.667,glove,4.267,bag,5.017,tables,5.467,sock,6.067,blue,6.817,bag,7.267,white,8.017,hat,8.617,tables,9.217,bag,9.817,desks,10.417,toy,10.867,green,11.617
m_speech__ild_0__itd_50__targ_r__control_0,0,Target,tables,3.0,red,3.216,toy,4.0,tables,4.416,red,5.0,chairs,5.616,green,6.0,glove,6.816,desks,7.416,chairs,8.016,shoe,8.616,spoons,9.216,glove,10.0,card,11.0,desks,11.0,toy,12.0,bag,12.216,desks,12.816
m_speech__ild_0__itd_50__targ_r__control_0,0,Masker,chairs,2.616,tables,3.366,green,3.816,desks,4.566,glove,5.016,sock,5.766,desks,6.216,card,6.966,desks,7.566,hat,8.166,tables,8.766,glove,9.366,red,9.816,green,10.416,tables,11.016,tables,11.616,tables,12.366,toy,12.966
m_speech__ild_0__itd_50__targ_r__control_0,1,Target,white,3.0,blue,3.216,chairs,3.816,bag,5.0,chairs,5.0,desks,6.0,sock,6.216,hat,7.0,toy,7.416,red,8.0,bag,9.0,blue,9.0,sock,10.0,tables,11.0,pen,11.016,glove,12.0,bag,12.216,card,12.816
m_speech__ild_0__itd_50__targ_r__control_0,1,Masker,spoons,2.616,sock,3.366,blue,3.966,sock,4.416,pen,5.016,blue,5.616,sock,6.366,card,6.816,toy,7.566,shoe,8.016,sock,8.616,tables,9.216,blue,9.816,card,10.416,green,11.166,card,11.616,shoe,12.366,spoons,12.966
m_speech__ild_0__itd_50__targ_r__control_0,2,Target,sock,2.616,tables,3.216,card,4.0,card,5.0,desks,5.0,card,6.0,toy,6.0,hat,7.0,pen,8.0,white,8.0,card,8.616,white,9.216,toy,10.0,green,10.416,shoe,11.0,pen,12.0,green,12.216,toy,12.816
m_speech__ild_0__itd_50__targ_r__control_0,2,Masker,card,2.766,card,3.366,chairs,3.816,sock,4.416,toy,5.016,green,5.616,green,6.216,spoons,6.816,toy,7.416,chairs,8.016,card,8.766,shoe,9.366,pen,9.816,pen,10.566,hat,11.016,blue,11.616,desks,12.366,toy,12.966
m_speech__ild_0__itd_50__targ_r__control_0,3,Target,white,3.0,toy,3.216,desks,3.816,white,4.416,blue,5.0,desks,6.0,desks,6.0,sock,6.816,toy,8.0,hat,8.0,red,9.0,tables,9.216,glove,9.816,hat,11.0,sock,11.016,tables,11.616,shoe,12.216,card,12.816
m_speech__ild_0__itd_50__targ_r__control_0,3,Masker,chairs,2.616,sock,3.366,glove,3.966,desks,4.566,hat,5.016,tables,5.616,green,6.216,hat,6.966,desks,7.416,spoons,8.016,shoe,8.616,shoe,9.366,glove,9.966,blue,10.416,spoons,11.166,glove,11.766,chairs,12.366,sock,12.966
m_noise__ild_0__itd_50__targ_l__control_0,0,Target,toy,2.797,glove,4.0,hat,4.0,desks,5.0,red,5.0,chairs,6.0,bag,6.397,red,6.997,green,8.0,glove,8.197,hat,8.797,bag,10.0,spoons,9.997,tables,10.597,hat,11.197,bag,11.797,hat,12.397,spoons,13.0
m_noise__ild_0__itd_50__targ_l__control_0,0,Masker,noise,2.947,noise,3.397,noise,3.997,noise,4.597,noise,5.197,noise,5.797,noise,6.547,noise,7.147,noise,7.597,noise,8.347,noise,8.947,noise,9.397,noise,10.147,noise,10.747,noise,11.347,noise,11.947,noise,12.547,noise,12.997
m_noise__ild_0__itd_50__targ_l__control_0,1,Target,desks,2.797,desks,4.0,toy,3.997,toy,4.597,glove,5.197,desks,5.797,desks,7.0,pen,7.0,bag,8.0,desks,8.0,desks,9.0,bag,10.0,sock,9.997,white,11.0,red,11.0,bag,11.797,toy,13.0,pen,12.997
m_noise__ild_0__itd_50__targ_l__control_0,1,Masker,noise,2.947,noise,3.397,noise,4.147,noise,4.747,noise,5.347,noise,5.947,noise,6.397,noise,6.997,noise,7.597,noise,8.197,noise,8.797,noise,9.397,noise,10.147,noise,10.597,noise,11.197,noise,11.947,noise,12.397,noise,13.147
m_noise__ild_0__itd_50__targ_l__control_0,2,Target,spoons,3.0,green,3.397,white,3.997,bag,5.0,card,5.197,bag,6.0,bag,7.0,glove,7.0,sock,8.0,desks,8.197,glove,8.797,sock,10.0,shoe,9.997,toy,11.0,glove,11.0,chairs,12.0,toy,13.0,desks,12.997
m_noise__ild_0__itd_50__targ_l__control_0,2,Masker,noise,2.797,noise,3.547,noise,4.147,noise,4.597,noise,5.347,noise,5.797,noise,6.397,noise,6.997,noise,7.597,noise,8.347,noise,8.947,noise,9.397,noise,10.147,noise,10.597,noise,11.197,noise,11.797,noise,12.397,noise,13.147
m_noise__ild_0__itd_50__targ_l__control_0,3,Target,green,3.0,card,4.0,desks,3.997,chairs,5.0,white,5.0,toy,5.797,toy,6.397,spoons,7.0,desks,7.597,chairs,8.0,card,8.797,shoe,10.0,pen,9.997,glove,10.597,glove,11.197,pen,11.797,glove,13.0,card,13.0
m_noise__ild_0__itd_50__targ_l__control_0,3,Masker,noise,2.797,noise,3.397,noise,4.147,noise,4.597,noise,5.197,noise,5.947,noise,6.547,noise,6.997,noise,7.747,noise,8.197,noise,8.947,noise,9.397,noise,10.147,noise,10.747,noise,11.347,noise,11.947,noise,12.397,noise,12.997
m_noise__ild_0__itd_50__targ_r__control_0,0,Target,chairs,2.582,white,3.182,glove,3.782,desks,5.0,shoe,5.0,chairs,5.582,white,6.182,desks,6.782,card,7.382,bag,7.982,card,9.0,glove,9.0,pen,10.0,hat,10.382,card,11.0,green,11.582,bag,12.0,red,13.0
m_noise__ild_0__itd_50__targ_r__control_0,0,Masker,noise,2.732,noise,3.332,noise,3.932,noise,4.382,noise,4.982,noise,5.732,noise,6.332,noise,6.932,noise,7.532,noise,8.132,noise,8.582,noise,9.182,noise,9.782,noise,10.532,noise,10.982,noise,11.732,noise,12.182,noise,12.782
m_noise__ild_0__itd_50__targ_r__control_0,1,Target,red,2.582,hat,3.182,blue,3.782,card,4.382,pen,4.982,sock,5.582,bag,6.0,hat,7.0,glove,8.0,sock,7.982,desks,8.582,sock,9.0,card,10.0,hat,10.382,glove,11.0,card,12.0,glove,12.182,card,12.782
m_noise__ild_0__itd_50__targ_r__control_0,1,Masker,noise,2.732,noise,3.332,noise,3.932,noise,4.532,noise,5.132,noise,5.732,noise,6.182,noise,6.782,noise,7.382,noise,8.132,noise,8.732,noise,9.182,noise,9.782,noise,10.532,noise,10.982,noise,11.582,noise,12.332,noise,12.932
m_noise__ild_0__itd_50__targ_r__control_0,2,Target,tables,3.0,spoons,3.0,pen,3.782,shoe,4.382,white,5.0,pen,6.0,white,6.182,card,6.782,chairs,7.382,pen,7.982,desks,9.0,card,9.182,hat,9.782,spoons,10.382,pen,11.0,toy,12.0,chairs,12.182,green,13.0
m_noise__ild_0__itd_50__targ_r__control_0,2,Masker,noise,2.582,noise,3.182,noise,3.932,noise,4.532,noise,4.982,noise,5.582,noise,6.332,noise,6.932,noise,7.532,noise,8.132,noise,8.582,noise,9.332,noise,9.932,noise,10.532,noise,10.982,noise,11.582,noise,12.332,noise,12.782
m_noise__ild_0__itd_50__targ_r__control_0,3,Target,hat,2.582,chairs,3.0,toy,4.0,pen,4.382,hat,4.982,toy,6.0,spoons,6.0,bag,7.0,spoons,8.0,pen,7.982,bag,8.582,red,9.182,bag,10.0,toy,10.382,white,11.0,spoons,12.0,chairs,12.0,toy,13.0
m_noise__ild_0__itd_50__targ_r__control_0,3,Masker,noise,2.732,noise,3.182,noise,3.782,noise,4.532,noise,5.132,noise,5.582,noise,6.182,noise,6.782,noise,7.382,noise,8.132,noise,8.732,noise,9.332,noise,9.782,noise,10.532,noise,10.982,noise,11.582,noise,12.182,noise,12.782
m_speech__ild_0__itd_500__targ_l__control_0,0,Target,shoe,3.0,tables,3.0,desks,4.0,blue,4.17,hat,5.0,toy,6.0,chairs,6.0,desks,6.57,card,7.0,white,7.77,red,8.37,toy,9.0,desks,10.0,white,10.0,card,11.0,bag,11.37,spoons,12.0,chairs,13.0
m_speech__ild_0__itd_500__targ_l__control_0,0,Masker,toy,2.37,shoe,2.97,chairs,3.57,bag,4.32,card,4.77,pen,5.37,green,5.97,card,6.72,red,7.17,bag,7.92,sock,8.52,toy,8.97,glove,9.57,pen,10.17,toy,10.77,glove,11.52,card,11.97,bag,12.57
m_speech__ild_0__itd_500__targ_l__control_0,1,Target,blue,2.37,card,3.0,hat,3.57,card,4.0,pen,5.0,green,6.0,blue,5.97,sock,7.0,red,7.0,glove,7.77,toy,8.37,bag,8.97,hat,9.57,toy,10.0,shoe,10.77,glove,11.37,card,12.0,pen,13.0
m_speech__ild_0__itd_500__targ_l__control_0,1,Masker,bag,2.52,sock,2.97,green,3.72,red,4.17,pen,4.77,pen,5.37,sock,6.12,card,6.57,toy,7.17,blue,7.92,chairs,8.52,card,9.12,spoons,9.72,hat,10.17,chairs,10.92,red,11.52,pen,11.97,spoons,12.57
m_speech__ild_0__itd_500__targ_l__control_0,2,Target,red,2.37,pen,3.0,white,3.57,spoons,4.17,pen,4.77,bag,5.37,blue,5.97,spoons,6.57,glove,7.17,spoons,8.0,pen,8.37,tables,9.0,green,10.0,card,10.0,chairs,11.0,spoons,11.37,pen,12.0,hat,12.57
m_speech__ild_0__itd_500__targ_l__control_0,2,Masker,hat,2.52,shoe,2.97,glove,3.72,green,4.32,blue,4.92,chairs,5.52,pen,6.12,pen,6.72,tables,7.32,bag,7.77,bag,8.52,toy,8.97,glove,9.57,spoons,10.17,glove,10.77,desks,11.52,desks,11.97,spoons,12.72
m_speech__ild_0__itd_500__targ_l__control_0,3,Target,bag,3.0,chairs,2.97,pen,4.0,tables,4.0,sock,5.0,blue,5.37,hat,6.0,card,7.0,glove,7.0,chairs,8.0,sock,9.0,green,9.0,desks,9.57,hat,10.0,chairs,11.0,toy,11.37,glove,12.0,white,13.0
m_speech__ild_0__itd_500__targ_l__control_0,3,Masker,tables,2.37,desks,3.12,bag,3.57,pen,4.17,white,4.77,chairs,5.52,spoons,5.97,red,6.57,pen,7.17,hat,7.77,chairs,8.37,sock,8.97,blue,9.72,toy,10.17,blue,10.77,glove,11.52,desks,11.97,hat,12.57
m_speech__ild_0__itd_500__targ_r__control_0,0,Target,hat,2.138,shoe,3.0,sock,3.338,bag,3.938,desks,5.0,glove,5.0,card,5.738,hat,6.0,green,6.938,green,7.538,hat,8.138,red,8.738,chairs,9.338,desks,10.0,tables,10.538,toy,11.0,sock,11.738,shoe,12.0
m_speech__ild_0__itd_500__targ_r__control_0,0,Masker,toy,2.288,bag,2.738,card,3.488,hat,4.088,pen,4.538,hat,5.138,hat,5.888,shoe,6.338,hat,7.088,spoons,7.688,hat,8.288,desks,8.888,white,9.488,toy,9.938,toy,10.688,red,11.138,green,11.888,desks,12.338
m_speech__ild_0__itd_500__targ_r__control_0,1,Target,pen,2.0,desks,3.0,hat,3.0,glove,4.0,spoons,5.0,tables,5.0,pen,6.0,glove,6.0,red,6.938,chairs,7.538,desks,8.138,blue,9.0,tables,9.338,toy,9.938,bag,10.538,chairs,11.138,green,12.0,tables,12.338
m_speech__ild_0__itd_500__targ_r__control_0,1,Masker,chairs,2.138,pen,2.738,glove,3.338,red,3.938,sock,4.538,card,5.138,tables,5.738,pen,6.338,toy,7.088,desks,7.688,chairs,8.288,desks,8.738,pen,9.488,bag,10.088,white,10.688,tables,11.288,toy,11.738,hat,12.488
m_speech__ild_0__itd_500__targ_r__control_0,2,Target,bag,2.138,shoe,3.0,red,3.0,tables,3.938,red,4.538,glove,5.0,red,6.0,card,6.0,toy,6.938,tables,7.538,toy,8.138,sock,8.738,card,9.0,toy,9.938,blue,10.538,desks,11.0,hat,11.738,chairs,12.0
m_speech__ild_0__itd_500__targ_r__control_0,2,Masker,pen,2.288,spoons,2.738,glove,3.338,spoons,4.088,shoe,4.688,desks,5.138,pen,5.738,shoe,6.338,green,7.088,desks,7.688,card,8.288,card,8.888,white,9.338,card,10.088,tables,10.688,card,11.138,red,11.888,pen,12.338
m_speech__ild_0__itd_500__targ_r__control_0,3,Target,shoe,2.138,tables,3.0,glove,3.338,shoe,4.0,chairs,4.538,shoe,5.138,sock,6.0,desks,6.338,white,6.938,red,7.538,sock,8.138,bag,9.0,hat,9.0,shoe,10.0,toy,10.538,tables,11.0,glove,11.738,bag,12.338
m_speech__ild_0__itd_500__targ_r__control_0,3,Masker,desks,2.288,red,2.738,pen,3.488,spoons,3.938,toy,4.688,hat,5.288,glove,5.738,card,6.488,tables,7.088,sock,7.688,pen,8.288,toy,8.738,chairs,9.338,card,9.938,green,10.688,spoons,11.138,card,11.888,sock,12.488
m_noise__ild_0__itd_500__targ_l__control_0,0,Target,spoons,2.085,card,3.0,tables,3.0,bag,3.885,pen,5.0,desks,5.0,bag,6.0,green,6.285,tables,6.885,spoons,7.485,blue,8.0,glove,9.0,pen,9.0,red,9.885,white,11.0,desks,11.085,spoons,11.685,shoe,12.0
m_noise__ild_0__itd_500__targ_l__control_0,0,Masker,noise,2.235,noise,2.685,noise,3.285,noise,4.035,noise,4.485,noise,5.085,noise,5.685,noise,6.435,noise,7.035,noise,7.635,noise,8.085,noise,8.685,noise,9.285,noise,10.035,noise,10.485,noise,11.235,noise,11.835,noise,12.285
m_noise__ild_0__itd_500__targ_l__control_0,1,Target,toy,2.0,sock,3.0,toy,3.0,spoons,3.885,spoons,4.485,blue,5.085,sock,6.0,toy,6.0,sock,7.0,blue,8.0,glove,8.0,tables,8.685,pen,9.0,sock,9.885,glove,11.0,chairs,11.085,spoons,12.0,toy,12.285
m_noise__ild_0__itd_500__targ_l__control_0,1,Masker,noise,2.085,noise,2.685,noise,3.285,noise,4.035,noise,4.635,noise,5.235,noise,5.685,noise,6.285,noise,6.885,noise,7.485,noise,8.085,noise,8.835,noise,9.285,noise,10.035,noise,10.485,noise,11.235,noise,11.685,noise,12.435
m_noise__ild_0__itd_500__targ_l__control_0,2,Target,bag,2.085,card,3.0,sock,3.285,spoons,4.0,toy,5.0,green,5.0,red,6.0,toy,6.285,glove,6.885,sock,7.485,tables,8.0,bag,9.0,desks,9.285,green,10.0,hat,10.485,glove,11.0,blue,12.0,card,12.285
m_noise__ild_0__itd_500__targ_l__control_0,2,Masker,noise,2.235,noise,2.685,noise,3.435,noise,3.885,noise,4.485,noise,5.085,noise,5.685,noise,6.435,noise,7.035,noise,7.635,noise,8.085,noise,8.685,noise,9.435,noise,9.885,noise,10.635,noise,11.085,noise,11.685,noise,12.435
m_noise__ild_0__itd_500__targ_l__control_0,3,Target,sock,2.0,hat,3.0,spoons,3.285,toy,3.885,glove,5.0,shoe,5.085,desks,5.685,tables,6.285,red,7.0,pen,8.0,white,8.0,tables,9.0,sock,9.285,shoe,9.885,chairs,10.485,desks,11.0,bag,11.685,shoe,12.0
m_noise__ild_0__itd_500__targ_l__control_0,3,Masker,noise,2.085,noise,2.685,noise,3.435,noise,4.035,noise,4.485,noise,5.235,noise,5.835,noise,6.435,noise,6.885,noise,7.485,noise,8.085,noise,8.685,noise,9.435,noise,10.035,noise,10.635,noise,11.085,noise,11.835,noise,12.285
m_noise__ild_0__itd_500__targ_r__control_0,0,Target,shoe,1.527,white,2.0,glove,3.0,toy,3.0,desks,3.927,chairs,4.527,bag,5.127,tables,6.0,green,6.327,toy,6.927,bag,8.0,hat,8.127,glove,9.0,bag,9.327,bag,10.0,glove,10.527,glove,11.0,bag,11.727
m_noise__ild_0__itd_500__targ_r__control_0,0,Masker,noise,1.677,noise,2.127,noise,2.727,noise,3.327,noise,4.077,noise,4.677,noise,5.277,noise,5.727,noise,6.477,noise,7.077,noise,7.527,noise,8.277,noise,8.727,noise,9.477,noise,9.927,noise,10.677,noise,11.127,noise,11.877
m_noise__ild_0__itd_500__targ_r__control_0,1,Target,shoe,2.0,card,2.0,hat,2.727,card,3.0,desks,4.0,sock,5.0,desks,5.0,shoe,5.727,shoe,6.327,shoe,6.927,tables,8.0,tables,8.0,shoe,9.0,spoons,9.327,blue,9.927,spoons,11.0,blue,11.127,tables,12.0
m_noise__ild_0__itd_500__targ_r__control_0,1,Masker,noise,1.527,noise,2.127,noise,2.877,noise,3.327,noise,3.927,noise,4.527,noise,5.127,noise,5.877,noise,6.477,noise,7.077,noise,7.527,noise,8.127,noise,8.727,noise,9.477,noise,10.077,noise,10.527,noise,11.277,noise,11.727
m_noise__ild_0__itd_500__targ_r__control_0,2,Target,red,1.527,spoons,2.0,pen,2.727,tables,3.327,sock,3.927,tables,4.527,card,5.127,desks,6.0,bag,6.0,glove,7.0,card,8.0,tables,8.0,toy,9.0,red,9.0,bag,9.927,red,10.527,sock,11.0,tables,11.727
m_noise__ild_0__itd_500__targ_r__control_0,2,Masker,noise,1.677,noise,2.127,noise,2.877,noise,3.477,noise,4.077,noise,4.677,noise,5.277,noise,5.727,noise,6.327,noise,6.927,noise,7.527,noise,8.127,noise,8.727,noise,9.327,noise,10.077,noise,10.677,noise,11.127,noise,11.877
m_noise__ild_0__itd_500__targ_r__control_0,3,Target,tables,1.527,tables,2.0,sock,3.0,white,3.327,sock,4.0,tables,5.0,shoe,5.127,desks,5.727,toy,6.0,hat,6.927,red,8.0,spoons,8.0,shoe,9.0,glove,9.0,hat,10.0,tables,11.0,hat,11.0,tables,11.727
m_noise__ild_0__itd_500__targ_r__control_0,3,Masker,noise,1.677,noise,2.127,noise,2.727,noise,3.477,noise,3.927,noise,4.527,noise,5.277,noise,5.877,noise,6.327,noise,7.077,noise,7.527,noise,8.127,noise,8.727,noise,9.327,noise,9.927,noise,10.527,noise,11.127,noise,11.877
m_speech__ild_10__itd_0__targ_l__control_0,0,Target,glove,1.599,desks,2.0,pen,2.799,pen,4.0,pen,3.999,glove,4.599,red,5.199,hat,5.799,glove,6.399,pen,7.0,chairs,8.0,hat,8.0,toy,8.799,sock,10.0,pen,10.0,red,10.599,tables,11.199,pen,11.799
m_speech__ild_10__itd_0__targ_l__control_0,0,Masker,pen,1.749,shoe,2.199,pen,2.949,green,3.399,tables,4.149,pen,4.749,bag,5.349,red,5.949,white,6.549,hat,6.999,spoons,7.599,spoons,8.199,tables,8.949,shoe,9.399,white,9.999,toy,10.749,hat,11.349,chairs,11.949
m_speech__ild_10__itd_0__targ_l__control_0,1,Target,toy,2.0,blue,2.0,tables,3.0,toy,3.399,sock,4.0,shoe,4.599,shoe,5.0,toy,6.0,toy,6.399,blue,6.999,toy,8.0,tables,8.0,shoe,9.0,toy,10.0,sock,9.999,pen,11.0,tables,11.0,red,11.799
m_speech__ild_10__itd_0__targ_l__control_0,1,Masker,desks,1.599,shoe,2.199,pen,2.799,desks,3.549,pen,3.999,bag,4.749,toy,5.199,green,5.799,blue,6.549,tables,7.149,bag,7.599,toy,8.199,toy,8.799,hat,9.399,toy,10.149,glove,10.599,shoe,11.199,bag,11.949
m_speech__ild_10__itd_0__targ_l__control_0,2,Target,chairs,2.0,sock,2.0,hat,3.0,green,3.399,glove,3.999,spoons,4.599,blue,5.199,card,6.0,white,7.0,sock,7.0,spoons,7.599,toy,8.0,shoe,8.799,glove,10.0,chairs,10.0,hat,10.599,pen,11.199,shoe,12.0
m_speech__ild_10__itd_0__targ_l__control_0,2,Masker,card,1.599,tables,2.199,card,2.799,spoons,3.549,shoe,4.149,red,4.749,spoons,5.349,spoons,5.799,pen,6.399,shoe,6.999,card,7.749,green,8.199,card,8.949,green,9.399,hat,9.999,spoons,10.749,green,11.349,hat,11.799
m_speech__ild_10__itd_0__targ_l__control_0,3,Target,pen,1.599,spoons,2.0,desks,3.0,red,4.0,sock,3.999,pen,4.599,glove,5.199,shoe,6.0,toy,7.0,glove,7.0,spoons,7.599,red,8.0,pen,8.799,spoons,9.399,tables,10.0,white,10.599,red,11.199,hat,12.0
m_speech__ild_10__itd_0__targ_l__control_0,3,Masker,sock,1.749,desks,2.199,hat,2.799,bag,3.399,red,4.149,desks,4.749,chairs,5.349,shoe,5.799,red,6.399,blue,6.999,sock,7.749,spoons,8.199,sock,8.949,pen,9.549,hat,9.999,shoe,10.749,tables,11.349,chairs,11.799
m_speech__ild_10__itd_0__targ_r__control_0,0,Target,toy,1.134,tables,2.0,bag,2.334,tables,3.0,card,3.534,tables,4.134,red,4.734,green,5.334,card,5.934,hat,6.534,chairs,7.134,sock,7.734,glove,8.0,shoe,8.934,tables,10.0,hat,10.134,card,10.734,chairs,11.0
m_speech__ild_10__itd_0__targ_r__control_0,0,Masker,desks,1.284,toy,1.734,blue,2.484,shoe,2.934,chairs,3.684,toy,4.284,toy,4.884,tables,5.484,white,6.084,spoons,6.684,shoe,7.284,hat,7.884,tables,8.334,glove,9.084,hat,9.534,blue,10.284,shoe,10.884,toy,11.334
m_speech__ild_10__itd_0__targ_r__control_0,1,Target,green,1.134,sock,2.0,toy,2.0,pen,2.934,spoons,4.0,pen,4.0,card,4.734,hat,5.334,toy,6.0,hat,7.0,red,7.0,red,7.734,shoe,8.334,chairs,9.0,shoe,10.0,hat,10.0,blue,10.734,hat,11.334
m_speech__ild_10__itd_0__targ_r__control_0,1,Masker,card,1.284,hat,1.734,desks,2.334,chairs,3.084,bag,3.534,toy,4.134,shoe,4.884,glove,5.484,card,5.934,red,6.534,hat,7.134,shoe,7.884,sock,8.484,desks,8.934,hat,9.534,sock,10.134,hat,10.884,green,11.484
m_speech__ild_10__itd_0__targ_r__control_0,2,Target,chairs,1.134,card,1.734,spoons,2.0,hat,3.0,sock,3.534,desks,4.134,glove,4.734,chairs,5.0,glove,5.934,hat,7.0,desks,7.134,hat,7.734,green,8.334,blue,8.934,sock,9.534,chairs,10.0,pen,10.734,hat,11.334
m_speech__ild_10__itd_0__targ_r__control_0,2,Masker,blue,1.284,red,1.884,glove,2.334,hat,2.934,shoe,3.684,toy,4.284,white,4.884,shoe,5.334,desks,6.084,chairs,6.534,bag,7.284,bag,7.884,pen,8.484,hat,9.084,bag,9.684,sock,10.134,card,10.884,tables,11.484
m_speech__ild_10__itd_0__targ_r__control_0,3,Target,desks,1.134,bag,2.0,spoons,2.0,glove,3.0,sock,4.0,spoons,4.0,blue,4.734,tables,5.0,hat,5.934,blue,7.0,pen,7.134,blue,8.0,pen,8.334,card,8.934,bag,10.0,pen,10.134,tables,10.734,chairs,11.334
m_speech__ild_10__itd_0__targ_r__control_0,3,Masker,pen,1.284,glove,1.734,chairs,2.334,pen,2.934,bag,3.534,tables,4.134,spoons,4.884,red,5.334,glove,6.084,spoons,6.534,card,7.284,bag,7.734,pen,8.484,chairs,9.084,red,9.534,chairs,10.284,green,10.884,blue,11.484
m_noise__ild_10__itd_0__targ_l__control_0,0,Target,bag,3.0,tables,3.0,bag,4.0,bag,5.0,white,5.0,tables,5.653,sock,6.253,toy,7.0,tables,7.453,desks,8.053,tables,9.0,chairs,9.253,white,9.853,desks,11.0,glove,11.0,tables,11.653,green,12.253,pen,12.853
m_noise__ild_10__itd_0__targ_l__control_0,0,Masker,noise,2.653,noise,3.253,noise,3.853,noise,4.453,noise,5.053,noise,5.803,noise,6.403,noise,6.853,noise,7.603,noise,8.203,noise,8.653,noise,9.403,noise,10.003,noise,10.453,noise,11.053,noise,11.803,noise,12.403,noise,13.003
m_noise__ild_10__itd_0__targ_l__control_0,1,Target,spoons,3.0,red,3.0,pen,4.0,tables,5.0,spoons,5.0,glove,6.0,hat,6.253,red,7.0,desks,8.0,pen,8.053,red,8.653,toy,9.0,card,9.853,tables,11.0,card,11.0,red,11.653,spoons,12.0,bag,13.0
m_noise__ild_10__itd_0__targ_l__control_0,1,Masker,noise,2.653,noise,3.253,noise,3.853,noise,4.453,noise,5.053,noise,5.653,noise,6.403,noise,6.853,noise,7.453,noise,8.203,noise,8.803,noise,9.253,noise,10.003,noise,10.453,noise,11.053,noise,11.803,noise,12.253,noise,12.853
m_noise__ild_10__itd_0__targ_l__control_0,2,Target,card,3.0,toy,3.0,chairs,4.0,glove,4.453,sock,5.0,pen,6.0,glove,6.0,toy,6.853,pen,8.0,tables,8.053,bag,8.653,green,9.0,chairs,10.0,card,10.453,tables,11.0,sock,11.653,green,12.253,glove,12.853
m_noise__ild_10__itd_0__targ_l__control_0,2,Masker,noise,2.653,noise,3.253,noise,3.853,noise,4.603,noise,5.053,noise,5.653,noise,6.253,noise,7.003,noise,7.453,noise,8.203,noise,8.803,noise,9.253,noise,9.853,noise,10.603,noise,11.053,noise,11.803,noise,12.403,noise,13.003
m_noise__ild_10__itd_0__targ_l__control_0,3,Target,glove,3.0,toy,3.0,blue,4.0,hat,4.453,bag,5.053,sock,5.653,green,6.253,green,6.853,chairs,7.453,toy,8.053,pen,9.0,blue,9.0,chairs,10.0,toy,10.453,glove,11.0,shoe,12.0,glove,12.253,glove,13.0
m_noise__ild_10__itd_0__targ_l__control_0,3,Masker,noise,2.653,noise,3.253,noise,3.853,noise,4.603,noise,5.203,noise,5.803,noise,6.403,noise,7.003,noise,7.603,noise,8.203,noise,8.653,noise,9.253,noise,9.853,noise,10.603,noise,11.053,noise,11.653,noise,12.403,noise,12.853
m_noise__ild_10__itd_0__targ_r__control_0,0,Target,glove,2.0,bag,3.0,sock,3.0,red,4.0,shoe,4.459,green,5.059,card,5.659,hat,6.0,pen,7.0,shoe,8.0,shoe,8.059,chairs,9.0,hat,9.259,chairs,9.859,tables,10.459,hat,11.0,pen,12.0,shoe,12.0
m_noise__ild_10__itd_0__targ_r__control_0,0,Masker,noise,2.059,noise,2.659,noise,3.259,noise,3.859,noise,4.609,noise,5.209,noise,5.809,noise,6.259,noise,6.859,noise,7.459,noise,8.209,noise,8.659,noise,9.409,noise,10.009,noise,10.609,noise,11.059,noise,11.659,noise,12.259
m_noise__ild_10__itd_0__targ_r__control_0,1,Target,sock,2.059,desks,3.0,sock,3.259,bag,3.859,white,5.0,spoons,5.059,green,6.0,sock,6.259,tables,6.859,spoons,8.0,bag,8.0,bag,8.659,blue,9.0,bag,9.859,hat,10.459,card,11.0,shoe,11.659,sock,12.0
m_noise__ild_10__itd_0__targ_r__control_0,1,Masker,noise,2.209,noise,2.659,noise,3.409,noise,4.009,noise,4.459,noise,5.209,noise,5.659,noise,6.409,noise,7.009,noise,7.459,noise,8.059,noise,8.809,noise,9.259,noise,10.009,noise,10.609,noise,11.059,noise,11.809,noise,12.259
m_noise__ild_10__itd_0__targ_r__control_0,2,Target,spoons,2.0,chairs,2.659,red,3.0,white,3.859,toy,5.0,red,5.0,chairs,6.0,tables,6.259,blue,6.859,pen,8.0,hat,8.059,bag,9.0,toy,9.259,desks,10.0,chairs,11.0,card,11.059,glove,11.659,hat,12.259
m_noise__ild_10__itd_0__targ_r__control_0,2,Masker,noise,2.059,noise,2.809,noise,3.259,noise,4.009,noise,4.459,noise,5.059,noise,5.659,noise,6.409,noise,7.009,noise,7.459,noise,8.209,noise,8.659,noise,9.409,noise,9.859,noise,10.459,noise,11.209,noise,11.809,noise,12.409
m_noise__ild_10__itd_0__targ_r__control_0,3,Target,sock,2.059,green,3.0,desks,3.259,hat,4.0,sock,5.0,spoons,5.059,green,5.659,sock,6.259,bag,7.0,toy,7.459,shoe,8.0,glove,8.659,spoons,9.259,pen,10.0,hat,11.0,tables,11.059,desks,11.659,pen,12.259
m_noise__ild_10__itd_0__targ_r__control_0,3,Masker,noise,2.209,noise,2.659,noise,3.409,noise,3.859,noise,4.459,noise,5.209,noise,5.809,noise,6.409,noise,6.859,noise,7.609,noise,8.059,noise,8.809,noise,9.409,noise,9.859,noise,10.459,noise,11.209,noise,11.809,noise,12.409
m_speech__ild_70n__itd_0__targ_l__control_0,0,Target,sock,1.834,toy,3.0,chairs,3.034,blue,4.0,glove,4.0,pen,4.834,glove,5.434,blue,6.0,hat,7.0,shoe,7.0,desks,7.834,card,9.0,green,9.0,toy,9.634,shoe,10.0,hat,11.0,red,12.0,shoe,12.0
m_speech__ild_70n__itd_0__targ_l__control_0,0,Masker,hat,1.984,spoons,2.434,tables,3.184,pen,3.634,bag,4.234,blue,4.984,toy,5.584,bag,6.034,red,6.634,card,7.234,hat,7.984,bag,8.434,shoe,9.034,bag,9.784,chairs,10.234,hat,10.834,tables,11.434,pen,12.034
m_speech__ild_70n__itd_0__targ_l__control_0,1,Target,desks,2.0,hat,2.434,glove,3.034,green,3.634,white,4.0,blue,4.834,spoons,6.0,hat,6.034,glove,6.634,sock,7.234,desks,7.834,toy,8.434,glove,9.034,shoe,9.634,shoe,10.0,sock,11.0,red,12.0,glove,12.0
m_speech__ild_70n__itd_0__targ_l__control_0,1,Masker,shoe,1.834,blue,2.584,sock,3.184,pen,3.784,spoons,4.234,sock,4.984,white,5.434,glove,6.184,toy,6.784,pen,7.384,pen,7.984,shoe,8.584,desks,9.184,green,9.784,red,10.234,sock,10.834,glove,11.434,spoons,12.034
m_speech__ild_70n__itd_0__targ_l__control_0,2,Target,tables,1.834,chairs,2.434,shoe,3.034,green,3.634,bag,4.0,chairs,5.0,tables,5.434,toy,6.034,pen,7.0,toy,7.234,red,7.834,chairs,9.0,shoe,9.034,tables,10.0,red,10.0,card,10.834,spoons,12.0,glove,12.0
m_speech__ild_70n__itd_0__targ_l__control_0,2,Masker,white,1.984,tables,2.584,desks,3.184,desks,3.784,shoe,4.234,tables,4.834,spoons,5.584,pen,6.184,white,6.634,chairs,7.384,chairs,7.984,glove,8.434,chairs,9.184,desks,9.634,chairs,10.234,tables,10.984,blue,11.434,toy,12.034
m_speech__ild_70n__itd_0__targ_l__control_0,3,Target,chairs,1.834,desks,3.0,red,3.0,hat,3.634,spoons,4.0,green,5.0,chairs,6.0,chairs,6.0,white,7.0,hat,7.0,spoons,8.0,bag,8.434,tables,9.0,sock,9.634,pen,10.0,desks,11.0,green,12.0,sock,12.034
m_speech__ild_70n__itd_0__targ_l__control_0,3,Masker,white,1.984,sock,2.434,card,3.034,green,3.784,card,4.234,glove,4.834,hat,5.434,shoe,6.034,chairs,6.634,sock,7.234,toy,7.834,hat,8.584,hat,9.034,green,9.784,chairs,10.234,toy,10.834,spoons,11.434,chairs,12.184
m_speech__ild_70n__itd_0__targ_r__control_0,0,Target,desks,1.0,green,1.62,pen,2.0,red,3.0,shoe,4.0,desks,4.02,pen,4.62,green,5.22,bag,6.0,white,7.0,shoe,7.0,bag,8.0,desks,8.0,tables,9.0,glove,10.0,chairs,10.02,bag,10.62,tables,11.22
m_speech__ild_70n__itd_0__targ_r__control_0,0,Masker,tables,1.02,desks,1.77,shoe,2.22,bag,2.82,pen,3.42,desks,4.17,desks,4.77,pen,5.37,pen,5.82,desks,6.42,toy,7.02,desks,7.62,bag,8.22,white,8.82,chairs,9.42,red,10.17,tables,10.77,bag,11.37
m_speech__ild_70n__itd_0__targ_r__control_0,1,Target,shoe,1.02,chairs,1.62,pen,2.22,toy,2.82,sock,4.0,spoons,4.02,glove,4.62,bag,5.0,hat,5.82,bag,6.42,bag,7.02,bag,7.62,blue,8.22,card,9.0,sock,10.0,white,10.02,shoe,11.0,hat,11.22
m_speech__ild_70n__itd_0__targ_r__control_0,1,Masker,red,1.17,green,1.77,blue,2.37,hat,2.97,chairs,3.42,toy,4.17,pen,4.77,pen,5.22,toy,5.97,blue,6.57,spoons,7.17,pen,7.77,tables,8.37,glove,8.82,desks,9.42,pen,10.17,tables,10.62,shoe,11.37
m_speech__ild_70n__itd_0__targ_r__control_0,2,Target,desks,1.02,tables,1.62,sock,2.22,spoons,3.0,pen,3.42,desks,4.02,desks,4.62,bag,5.22,shoe,5.82,red,7.0,spoons,7.0,sock,8.0,toy,8.0,desks,8.82,shoe,9.42,spoons,10.02,glove,11.0,red,11.0
m_speech__ild_70n__itd_0__targ_r__control_0,2,Masker,hat,1.17,hat,1.77,red,2.37,sock,2.82,white,3.57,card,4.17,green,4.77,card,5.37,chairs,5.97,spoons,6.42,card,7.02,spoons,7.62,spoons,8.22,hat,8.97,card,9.57,spoons,10.17,white,10.62,hat,11.22
m_speech__ild_70n__itd_0__targ_r__control_0,3,Target,spoons,1.0,bag,1.62,tables,2.0,green,2.82,blue,4.0,spoons,4.02,card,4.62,sock,5.0,shoe,5.82,green,7.0,pen,7.02,bag,7.62,shoe,8.0,card,9.0,shoe,10.0,card,10.02,tables,11.0,shoe,11.0
m_speech__ild_70n__itd_0__targ_r__control_0,3,Masker,tables,1.02,tables,1.77,card,2.22,desks,2.97,desks,3.42,red,4.17,shoe,4.77,tables,5.22,chairs,5.97,chairs,6.42,glove,7.17,glove,7.77,card,8.22,green,8.82,red,9.42,hat,10.17,hat,10.62,tables,11.22
m_noise__ild_70n__itd_0__targ_l__control_0,0,Target,toy,2.219,spoons,3.0,card,4.0,toy,4.0,hat,4.619,desks,5.0,bag,6.0,shoe,6.419,card,7.019,hat,8.0,desks,8.219,bag,8.819,blue,9.419,desks,10.0,spoons,10.619,pen,11.219,blue,11.819,chairs,13.0
m_noise__ild_70n__itd_0__targ_l__control_0,0,Masker,noise,2.369,noise,2.819,noise,3.419,noise,4.019,noise,4.769,noise,5.219,noise,5.819,noise,6.569,noise,7.169,noise,7.619,noise,8.369,noise,8.969,noise,9.569,noise,10.019,noise,10.769,noise,11.369,noise,11.969,noise,12.419
m_noise__ild_70n__itd_0__targ_l__control_0,1,Target,toy,2.0,tables,2.819,desks,3.419,sock,4.019,chairs,4.619,glove,5.219,red,5.819,glove,6.419,pen,7.0,chairs,8.0,desks,8.0,chairs,9.0,shoe,9.419,tables,10.019,shoe,10.619,red,11.219,red,12.0,tables,12.419
m_noise__ild_70n__itd_0__targ_l__control_0,1,Masker,noise,2.219,noise,2.969,noise,3.569,noise,4.169,noise,4.769,noise,5.369,noise,5.969,noise,6.569,noise,7.019,noise,7.619,noise,8.219,noise,8.819,noise,9.569,noise,10.169,noise,10.769,noise,11.369,noise,11.819,noise,12.569
m_noise__ild_70n__itd_0__targ_l__control_0,2,Target,shoe,2.0,spoons,2.819,spoons,4.0,tables,4.0,pen,4.619,shoe,5.0,white,6.0,tables,6.419,bag,7.019,shoe,7.619,desks,8.0,bag,8.819,white,10.0,shoe,10.019,red,11.0,blue,11.219,pen,12.0,card,12.419
m_noise__ild_70n__itd_0__targ_l__control_0,2,Masker,noise,2.219,noise,2.969,noise,3.419,noise,4.019,noise,4.769,noise,5.219,noise,5.819,noise,6.569,noise,7.169,noise,7.769,noise,8.219,noise,8.969,noise,9.419,noise,10.169,noise,10.619,noise,11.369,noise,11.819,noise,12.569
m_noise__ild_70n__itd_0__targ_l__control_0,3,Target,shoe,2.0,red,2.819,white,4.0,chairs,4.019,bag,4.619,chairs,5.219,sock,6.0,chairs,7.0,bag,7.0,tables,8.0,blue,8.219,white,9.0,shoe,9.419,desks,10.019,tables,11.0,spoons,11.0,pen,12.0,hat,13.0
m_noise__ild_70n__itd_0__targ_l__control_0,3,Masker,noise,2.219,noise,2.969,noise,3.419,noise,4.169,noise,4.769,noise,5.369,noise,5.819,noise,6.419,noise,7.019,noise,7.619,noise,8.369,noise,8.819,noise,9.569,noise,10.169,noise,10.619,noise,11.219,noise,11.819,noise,12.419
m_noise__ild_70n__itd_0__targ_r__control_0,0,Target,card,2.0,toy,2.0,card,2.618,glove,3.0,white,4.0,bag,5.0,green,5.0,red,6.0,toy,6.0,spoons,6.818,card,8.0,green,8.018,toy,8.618,shoe,9.0,spoons,10.0,toy,10.418,toy,11.018,hat,12.0
m_noise__ild_70n__itd_0__targ_r__control_0,0,Masker,noise,1.418,noise,2.018,noise,2.768,noise,3.218,noise,3.818,noise,4.418,noise,5.018,noise,5.618,noise,6.218,noise,6.968,noise,7.418,noise,8.168,noise,8.768,noise,9.218,noise,9.818,noise,10.568,noise,11.168,noise,11.618
m_noise__ild_70n__itd_0__targ_r__control_0,1,Target,sock,2.0,shoe,2.0,sock,2.618,spoons,3.218,red,3.818,toy,4.418,bag,5.018,card,5.618,tables,6.0,green,7.0,glove,8.0,toy,8.0,card,8.618,chairs,9.218,tables,9.818,sock,10.418,hat,11.0,tables,12.0
m_noise__ild_70n__itd_0__targ_r__control_0,1,Masker,noise,1.418,noise,2.018,noise,2.768,noise,3.368,noise,3.968,noise,4.568,noise,5.168,noise,5.768,noise,6.218,noise,6.818,noise,7.418,noise,8.018,noise,8.768,noise,9.368,noise,9.968,noise,10.568,noise,11.018,noise,11.618
m_noise__ild_70n__itd_0__targ_r__control_0,2,Target,hat,2.0,tables,2.0,card,3.0,glove,3.0,tables,4.0,bag,5.0,white,5.0,bag,5.618,green,6.218,bag,7.0,tables,8.0,sock,8.0,tables,8.618,sock,9.218,hat,9.818,tables,11.0,sock,11.018,card,11.618
m_noise__ild_70n__itd_0__targ_r__control_0,2,Masker,noise,1.418,noise,2.018,noise,2.618,noise,3.218,noise,3.818,noise,4.418,noise,5.018,noise,5.768,noise,6.368,noise,6.818,noise,7.418,noise,8.018,noise,8.768,noise,9.368,noise,9.968,noise,10.418,noise,11.168,noise,11.768
m_noise__ild_70n__itd_0__targ_r__control_0,3,Target,pen,2.0,white,2.0,white,3.0,hat,3.0,blue,4.0,hat,5.0,card,5.0,bag,6.0,tables,6.218,glove,6.818,tables,8.0,green,8.018,toy,9.0,hat,9.218,desks,9.818,bag,10.418,toy,11.0,spoons,11.618
m_noise__ild_70n__itd_0__targ_r__control_0,3,Masker,noise,1.418,noise,2.018,noise,2.618,noise,3.218,noise,3.818,noise,4.418,noise,5.018,noise,5.618,noise,6.368,noise,6.968,noise,7.418,noise,8.168,noise,8.618,noise,9.368,noise,9.968,noise,10.568,noise,11.018,noise,11.768
m_speech__ild_0__itd_500__targ_l__control_1,0,Target,hat,3.0,toy,3.006,spoons,4.0,desks,4.0,spoons,5.0,spoons,5.406,desks,6.0,sock,7.0,spoons,7.0,tables,8.0,red,8.406,blue,9.006,sock,10.0,glove,10.206,tables,10.806,white,12.0,red,12.0,bag,13.0
m_speech__ild_0__itd_500__targ_l__control_1,0,Masker,card,2.406,chairs,3.156,pen,3.606,blue,4.206,hat,4.806,card,5.556,card,6.006,card,6.606,hat,7.206,blue,7.806,spoons,8.556,glove,9.156,green,9.606,desks,10.356,red,10.956,hat,11.406,pen,12.006,card,12.606
m_speech__ild_0__itd_500__targ_l__control_1,1,Target,toy,2.406,chairs,3.006,spoons,3.606,shoe,4.206,sock,5.0,shoe,5.406,tables,6.006,hat,6.606,spoons,7.206,green,8.0,toy,9.0,blue,9.0,pen,9.606,hat,10.0,desks,10.806,shoe,12.0,spoons,12.006,shoe,13.0
m_speech__ild_0__itd_500__targ_l__control_1,1,Masker,spoons,2.556,sock,3.156,spoons,3.756,chairs,4.356,hat,4.806,hat,5.556,toy,6.156,bag,6.756,green,7.356,card,7.806,sock,8.406,card,9.006,glove,9.756,pen,10.206,card,10.956,blue,11.406,chairs,12.156,spoons,12.606
m_speech__ild_0__itd_500__targ_l__control_1,2,Target,shoe,2.406,blue,3.006,toy,3.606,sock,4.206,shoe,4.806,chairs,6.0,toy,6.0,card,6.606,blue,7.206,bag,7.806,chairs,8.406,glove,9.006,sock,10.0,pen,10.206,green,10.806,spoons,11.406,pen,12.0,sock,13.0
m_speech__ild_0__itd_500__targ_l__control_1,2,Masker,bag,2.556,sock,3.156,bag,3.756,card,4.356,red,4.956,sock,5.406,spoons,6.006,spoons,6.756,card,7.356,chairs,7.956,glove,8.556,white,9.156,pen,9.606,white,10.356,pen,10.956,card,11.556,desks,12.006,white,12.606
m_speech__ild_0__itd_500__targ_l__control_1,3,Target,pen,2.406,hat,3.0,hat,3.606,desks,4.206,card,4.806,hat,6.0,hat,6.0,spoons,6.606,glove,7.0,blue,8.0,bag,8.406,chairs,9.0,red,10.0,white,10.0,glove,10.806,pen,11.406,spoons,12.0,desks,12.606
m_speech__ild_0__itd_500__targ_l__control_1,3,Masker,card,2.556,bag,3.006,red,3.756,spoons,4.356,pen,4.956,bag,5.406,red,6.006,sock,6.756,card,7.206,chairs,7.806,blue,8.556,glove,9.006,toy,9.606,bag,10.206,chairs,10.956,card,11.556,bag,12.006,spoons,12.756
m_speech__ild_0__itd_500__targ_r__control_1,0,Target,toy,2.0,shoe,3.0,card,4.0,sock,4.0,hat,5.0,red,5.305,chairs,6.0,shoe,7.0,desks,7.105,toy,7.705,pen,8.0,shoe,8.905,sock,9.505,toy,10.105,chairs,11.0,card,11.0,hat,12.0,blue,13.0
m_speech__ild_0__itd_500__targ_r__control_1,0,Masker,sock,2.305,desks,2.905,shoe,3.505,shoe,4.105,white,4.705,shoe,5.455,toy,5.905,chairs,6.505,sock,7.255,sock,7.855,glove,8.305,sock,9.055,chairs,9.655,green,10.255,bag,10.705,chairs,11.305,hat,11.905,glove,12.505
m_speech__ild_0__itd_500__targ_r__control_1,1,Target,red,2.305,hat,3.0,tables,4.0,hat,4.0,glove,5.0,spoons,5.0,spoons,5.905,spoons,6.505,card,7.0,white,7.705,desks,8.0,spoons,9.0,blue,10.0,red,10.105,bag,10.705,shoe,11.305,spoons,12.0,pen,13.0
m_speech__ild_0__itd_500__targ_r__control_1,1,Masker,glove,2.455,tables,2.905,bag,3.505,hat,4.105,green,4.705,chairs,5.305,spoons,6.055,glove,6.655,sock,7.105,hat,7.855,tables,8.305,toy,8.905,spoons,9.505,spoons,10.255,glove,10.855,white,11.455,bag,11.905,desks,12.505
m_speech__ild_0__itd_500__targ_r__control_1,2,Target,green,2.305,desks,3.0,chairs,4.0,spoons,4.105,glove,4.705,hat,5.305,hat,6.0,glove,6.505,hat,7.105,hat,7.705,card,8.305,blue,9.0,chairs,10.0,toy,10.0,hat,11.0,blue,11.0,glove,12.0,card,12.505
m_speech__ild_0__itd_500__targ_r__control_1,2,Masker,sock,2.455,hat,2.905,glove,3.505,white,4.255,chairs,4.855,card,5.455,hat,5.905,bag,6.655,tables,7.255,desks,7.855,hat,8.455,tables,8.905,green,9.505,tables,10.105,desks,10.705,glove,11.305,hat,11.905,white,12.655
m_speech__ild_0__itd_500__targ_r__control_1,3,Target,chairs,2.0,toy,2.905,shoe,4.0,glove,4.105,sock,4.705,chairs,5.305,blue,5.905,tables,6.505,glove,7.105,tables,7.705,green,8.0,hat,9.0,red,9.505,shoe,10.105,desks,10.705,shoe,11.0,white,12.0,glove,13.0
m_speech__ild_0__itd_500__targ_r__control_1,3,Masker,shoe,2.305,pen,3.055,pen,3.505,chairs,4.255,red,4.855,hat,5.455,tables,6.055,hat,6.655,green,7.255,hat,7.855,shoe,8.305,bag,8.905,hat,9.655,tables,10.255,bag,10.855,red,11.305,bag,11.905,red,12.505
m_noise__ild_0__itd_500__targ_l__control_1,0,Target,toy,2.0,pen,2.316,red,2.916,desks,4.0,red,4.0,tables,5.0,glove,5.316,spoons,6.0,green,6.516,shoe,7.116,desks,8.0,sock,8.0,toy,8.916,sock,9.516,sock,10.0,shoe,10.716,chairs,11.316,hat,11.916
m_noise__ild_0__itd_500__targ_l__control_1,0,Masker,noise,1.716,noise,2.466,noise,3.066,noise,3.516,noise,4.116,noise,4.716,noise,5.466,noise,5.916,noise,6.666,noise,7.266,noise,7.716,noise,8.316,noise,9.066,noise,9.666,noise,10.116,noise,10.866,noise,11.466,noise,12.066
m_noise__ild_0__itd_500__targ_l__control_1,1,Target,pen,2.0,tables,2.0,sock,2.916,red,4.0,bag,4.116,pen,5.0,sock,5.316,blue,5.916,toy,6.516,pen,7.116,desks,7.716,white,8.316,pen,8.916,desks,9.516,pen,10.116,toy,11.0,hat,11.0,pen,11.916
m_noise__ild_0__itd_500__targ_l__control_1,1,Masker,noise,1.716,noise,2.316,noise,3.066,noise,3.516,noise,4.266,noise,4.716,noise,5.466,noise,6.066,noise,6.666,noise,7.266,noise,7.866,noise,8.466,noise,9.066,noise,9.666,noise,10.266,noise,10.716,noise,11.316,noise,12.066
m_noise__ild_0__itd_500__targ_l__control_1,2,Target,desks,2.0,toy,2.0,tables,2.916,red,3.516,white,4.116,desks,5.0,toy,5.316,hat,6.0,spoons,7.0,glove,7.116,blue,7.716,desks,8.316,shoe,9.0,desks,10.0,spoons,10.116,pen,11.0,toy,11.316,spoons,12.0
m_noise__ild_0__itd_500__targ_l__control_1,2,Masker,noise,1.716,noise,2.316,noise,3.066,noise,3.666,noise,4.266,noise,4.716,noise,5.466,noise,5.916,noise,6.516,noise,7.266,noise,7.866,noise,8.466,noise,8.916,noise,9.516,noise,10.266,noise,10.716,noise,11.466,noise,11.916
m_noise__ild_0__itd_500__targ_l__control_1,3,Target,white,2.0,glove,2.0,red,2.916,pen,4.0,hat,4.116,chairs,4.716,card,5.316,glove,5.916,desks,7.0,sock,7.116,desks,7.716,shoe,8.0,card,8.916,card,10.0,chairs,10.116,toy,10.716,sock,11.316,card,12.0
m_noise__ild_0__itd_500__targ_l__control_1,3,Masker,noise,1.716,noise,2.316,noise,3.066,noise,3.516,noise,4.266,noise,4.866,noise,5.466,noise,6.066,noise,6.516,noise,7.266,noise,7.866,noise,8.316,noise,9.066,noise,9.516,noise,10.266,noise,10.866,noise,11.466,noise,11.916
m_noise__ild_0__itd_500__targ_r__control_1,0,Target,chairs,3.0,shoe,3.0,bag,3.942,glove,4.542,tables,5.142,toy,5.742,bag,6.0,card,7.0,card,7.542,green,8.0,blue,8.742,card,9.342,tables,10.0,card,11.0,chairs,11.0,glove,12.0,tables,12.342,red,13.0
m_noise__ild_0__itd_500__targ_r__control_1,0,Masker,noise,2.742,noise,3.342,noise,4.092,noise,4.692,noise,5.292,noise,5.892,noise,6.342,noise,6.942,noise,7.692,noise,8.142,noise,8.892,noise,9.492,noise,9.942,noise,10.542,noise,11.142,noise,11.742,noise,12.492,noise,12.942
m_noise__ild_0__itd_500__targ_r__control_1,1,Target,tables,2.742,desks,3.0,green,3.942,sock,5.0,pen,5.0,sock,6.0,bag,6.0,spoons,7.0,desks,7.542,pen,8.142,desks,8.742,chairs,9.342,glove,9.942,sock,11.0,white,11.142,glove,12.0,pen,12.0,sock,13.0
m_noise__ild_0__itd_500__targ_r__control_1,1,Masker,noise,2.892,noise,3.342,noise,4.092,noise,4.542,noise,5.142,noise,5.742,noise,6.342,noise,6.942,noise,7.692,noise,8.292,noise,8.892,noise,9.492,noise,10.092,noise,10.542,noise,11.292,noise,11.742,noise,12.342,noise,12.942
m_noise__ild_0__itd_500__targ_r__control_1,2,Target,shoe,2.742,toy,3.342,hat,3.942,red,4.542,chairs,5.142,toy,5.742,pen,6.342,glove,7.0,green,7.542,toy,8.0,hat,9.0,tables,9.342,white,10.0,pen,11.0,desks,11.142,glove,12.0,blue,12.342,spoons,13.0
m_noise__ild_0__itd_500__targ_r__control_1,2,Masker,noise,2.892,noise,3.492,noise,4.092,noise,4.692,noise,5.292,noise,5.892,noise,6.492,noise,6.942,noise,7.692,noise,8.142,noise,8.742,noise,9.492,noise,9.942,noise,10.542,noise,11.292,noise,11.742,noise,12.492,noise,12.942
m_noise__ild_0__itd_500__targ_r__control_1,3,Target,tables,2.742,white,3.0,hat,4.0,bag,4.542,tables,5.142,tables,5.742,blue,6.342,hat,7.0,bag,8.0,bag,8.142,toy,8.742,green,9.0,spoons,10.0,tables,10.542,tables,11.142,chairs,12.0,spoons,12.342,shoe,12.942
m_noise__ild_0__itd_500__targ_r__control_1,3,Masker,noise,2.892,noise,3.342,noise,3.942,noise,4.692,noise,5.292,noise,5.892,noise,6.492,noise,6.942,noise,7.542,noise,8.292,noise,8.892,noise,9.342,noise,9.942,noise,10.692,noise,11.292,noise,11.742,noise,12.492,noise,13.092
