Condition,Run,Type,Word0,Time0,Word1,Time1,Word2,Time2,Word3,Time3,Word4,Time4,Word5,Time5,Word6,Time6,Word7,Time7,Word8,Time8,Word9,Time9,Word10,Time10,Word11,Time11,Word12,Time12,Word13,Time13,Word14,Time14,Word15,Time15,Word16,Time16,Word17,Time17
practice,0,Target,chairs,1.117,tables,2.0,toy,2.317,shoe,3.0,bag,3.517,chairs,4.0,green,5.0,pen,5.317,desks,5.917,red,7.0,sock,7.0,hat,7.717,shoe,8.317,hat,8.917,desks,10.0,card,10.117,spoons,11.0,chairs,11.317
practice,0,Masker,none,1.267,none,1.717,none,2.467,none,2.917,none,3.667,none,4.117,none,4.717,none,5.467,none,6.067,none,6.517,none,7.117,none,7.867,none,8.467,none,9.067,none,9.517,none,10.267,none,10.717,none,11.467
practice,1,Target,tables,1.117,toy,1.717,white,2.0,hat,2.917,bag,3.517,pen,4.0,shoe,4.717,tables,5.317,pen,5.917,glove,7.0,toy,7.0,desks,8.0,pen,8.0,glove,8.917,shoe,10.0,blue,10.117,hat,11.0,pen,11.317
practice,1,Masker,none,1.267,none,1.867,none,2.317,none,3.067,none,3.667,none,4.117,none,4.867,none,5.467,none,6.067,none,6.517,none,7.117,none,7.717,none,8.317,none,9.067,none,9.517,none,10.267,none,10.717,none,11.467
practice,2,Target,hat,1.117,tables,2.0,hat,2.317,glove,2.917,sock,4.0,red,4.117,white,4.717,spoons,5.0,bag,5.917,hat,7.0,glove,7.0,shoe,8.0,bag,8.0,chairs,9.0,bag,10.0,glove,10.117,bag,10.717,hat,11.317
practice,2,Masker,none,1.267,none,1.717,none,2.467,none,3.067,none,3.517,none,4.267,none,4.867,none,5.317,none,6.067,none,6.517,none,7.117,none,7.717,none,8.317,none,8.917,none,9.517,none,10.267,none,10.867,none,11.467
practice,3,Target,chairs,1.117,chairs,2.0,toy,2.317,chairs,3.0,white,3.517,chairs,4.117,card,5.0,desks,5.317,pen,6.0,card,7.0,toy,7.117,card,8.0,sock,8.317,chairs,8.917,chairs,9.517,glove,10.117,chairs,10.717,white,11.0
practice,3,Masker,none,1.267,none,1.717,none,2.467,none,2.917,none,3.667,none,4.267,none,4.717,none,5.467,none,5.917,none,6.517,none,7.267,none,7.717,none,8.467,none,9.067,none,9.667,none,10.267,none,10.867,none,11.317
m_speech__ild_0__itd_50__targ_l,0,Target,green,3.0,desks,3.242,sock,3.842,tables,4.442,spoons,5.0,hat,5.642,bag,6.0,pen,6.842,hat,8.0,glove,8.042,white,8.642,blue,9.0,bag,10.0,tables,11.0,bag,11.0,desks,11.642,pen,12.0,card,12.842
m_speech__ild_0__itd_50__targ_l,0,Masker,spoons,2.642,tables,3.392,hat,3.992,hat,4.592,green,5.042,white,5.792,tables,6.242,hat,6.992,tables,7.442,white,8.192,pen,8.792,card,9.242,card,9.842,spoons,10.442,sock,11.042,red,11.792,spoons,12.242,bag,12.992
m_speech__ild_0__itd_50__targ_l,1,Target,tables,3.0,pen,3.0,hat,4.0,chairs,5.0,blue,5.0,red,6.0,sock,6.242,chairs,7.0,chairs,7.442,sock,8.042,spoons,9.0,sock,9.242,shoe,10.0,bag,11.0,green,11.042,chairs,12.0,sock,12.242,hat,13.0
m_speech__ild_0__itd_50__targ_l,1,Masker,red,2.642,sock,3.242,card,3.842,card,4.442,shoe,5.042,sock,5.642,bag,6.392,hat,6.842,sock,7.592,red,8.192,green,8.642,sock,9.392,sock,9.842,glove,10.442,toy,11.192,card,11.642,green,12.392,card,12.842
m_speech__ild_0__itd_50__targ_l,2,Target,desks,2.642,card,3.0,blue,3.842,pen,4.442,glove,5.0,white,6.0,desks,6.0,bag,6.842,chairs,8.0,glove,8.042,desks,9.0,chairs,9.242,glove,9.842,sock,10.442,glove,11.042,red,11.642,toy,12.0,shoe,13.0
m_speech__ild_0__itd_50__targ_l,2,Masker,toy,2.792,desks,3.242,bag,3.992,shoe,4.592,hat,5.042,shoe,5.642,spoons,6.242,shoe,6.992,glove,7.442,blue,8.192,bag,8.642,bag,9.392,hat,9.992,spoons,10.592,desks,11.192,glove,11.792,white,12.242,toy,12.842
m_speech__ild_0__itd_50__targ_l,3,Target,bag,2.642,bag,3.242,hat,4.0,blue,5.0,pen,5.042,toy,6.0,spoons,6.242,sock,6.842,shoe,7.442,green,8.0,toy,9.0,spoons,9.0,pen,10.0,hat,10.442,tables,11.042,hat,11.642,card,12.0,spoons,13.0
m_speech__ild_0__itd_50__targ_l,3,Masker,card,2.792,spoons,3.392,tables,3.842,bag,4.442,red,5.192,card,5.642,shoe,6.392,glove,6.992,toy,7.592,toy,8.042,red,8.642,bag,9.242,green,9.842,bag,10.592,bag,11.192,glove,11.792,desks,12.242,glove,12.842
m_speech__ild_0__itd_50__targ_r,0,Target,sock,1.0,toy,2.0,bag,2.294,glove,2.894,desks,4.0,shoe,4.094,pen,5.0,sock,5.294,glove,6.0,white,6.494,card,7.094,glove,8.0,shoe,8.294,toy,8.894,blue,10.0,shoe,10.0,desks,10.694,shoe,11.0
m_speech__ild_0__itd_50__targ_r,0,Masker,toy,1.094,bag,1.694,blue,2.444,bag,3.044,shoe,3.494,desks,4.244,bag,4.694,blue,5.444,tables,5.894,bag,6.644,spoons,7.244,sock,7.694,desks,8.444,chairs,9.044,card,9.494,sock,10.094,tables,10.844,chairs,11.294
m_speech__ild_0__itd_50__targ_r,1,Target,white,1.0,white,2.0,sock,2.294,bag,2.894,card,3.494,blue,4.0,glove,4.694,spoons,5.0,chairs,5.894,chairs,7.0,hat,7.094,card,7.694,glove,8.294,sock,8.894,blue,10.0,chairs,10.094,hat,11.0,chairs,11.0
m_speech__ild_0__itd_50__targ_r,1,Masker,tables,1.094,shoe,1.694,glove,2.444,chairs,3.044,bag,3.644,desks,4.094,spoons,4.844,tables,5.294,hat,6.044,hat,6.494,card,7.244,toy,7.844,blue,8.444,toy,9.044,desks,9.494,green,10.244,bag,10.694,tables,11.294
m_speech__ild_0__itd_50__targ_r,2,Target,glove,1.094,sock,1.694,card,2.294,desks,3.0,glove,4.0,bag,4.0,glove,4.694,glove,5.0,shoe,5.894,red,6.494,bag,7.094,card,8.0,glove,8.0,green,9.0,desks,9.494,card,10.0,card,10.694,glove,11.0
m_speech__ild_0__itd_50__targ_r,2,Masker,white,1.244,spoons,1.844,desks,2.444,card,2.894,desks,3.494,desks,4.094,red,4.844,green,5.294,glove,6.044,hat,6.644,spoons,7.244,spoons,7.694,card,8.294,hat,8.894,pen,9.644,red,10.094,glove,10.844,sock,11.294
m_speech__ild_0__itd_50__targ_r,3,Target,spoons,1.0,desks,1.694,spoons,2.0,glove,3.0,toy,3.494,chairs,4.094,shoe,4.694,green,5.294,blue,5.894,toy,6.494,toy,7.094,bag,7.694,toy,8.294,card,8.894,chairs,10.0,spoons,10.0,sock,11.0,hat,11.294
m_speech__ild_0__itd_50__targ_r,3,Masker,toy,1.094,hat,1.844,green,2.294,spoons,2.894,spoons,3.644,desks,4.244,sock,4.844,chairs,5.444,toy,6.044,sock,6.644,hat,7.244,green,7.844,bag,8.444,toy,9.044,desks,9.494,white,10.094,red,10.694,card,11.444
m_noise__ild_0__itd_50__targ_l,0,Target,desks,2.0,spoons,2.335,shoe,2.935,hat,3.535,shoe,4.0,pen,4.735,green,5.335,desks,6.0,shoe,7.0,chairs,7.135,glove,7.735,shoe,8.0,chairs,9.0,glove,9.535,chairs,10.135,spoons,11.0,tables,11.335,green,11.935
m_noise__ild_0__itd_50__targ_l,0,Masker,noise,1.735,noise,2.485,noise,3.085,noise,3.685,noise,4.135,noise,4.885,noise,5.485,noise,5.935,noise,6.535,noise,7.285,noise,7.885,noise,8.335,noise,8.935,noise,9.685,noise,10.285,noise,10.735,noise,11.485,noise,12.085
m_noise__ild_0__itd_50__targ_l,1,Target,spoons,1.735,glove,2.0,hat,3.0,spoons,3.535,card,4.135,toy,5.0,red,5.335,glove,5.935,chairs,6.535,hat,7.0,tables,8.0,desks,8.0,sock,9.0,spoons,9.535,white,10.0,spoons,11.0,sock,11.0,white,11.935
m_noise__ild_0__itd_50__targ_l,1,Masker,noise,1.885,noise,2.335,noise,2.935,noise,3.685,noise,4.285,noise,4.735,noise,5.485,noise,6.085,noise,6.685,noise,7.135,noise,7.735,noise,8.335,noise,8.935,noise,9.685,noise,10.135,noise,10.735,noise,11.335,noise,12.085
m_noise__ild_0__itd_50__targ_l,2,Target,desks,2.0,blue,2.335,toy,2.935,glove,3.535,blue,4.135,toy,4.735,desks,5.335,white,6.0,desks,7.0,toy,7.135,toy,8.0,pen,8.0,hat,8.935,chairs,9.535,bag,10.0,toy,10.735,spoons,11.335,green,11.935
m_noise__ild_0__itd_50__targ_l,2,Masker,noise,1.735,noise,2.485,noise,3.085,noise,3.685,noise,4.285,noise,4.885,noise,5.485,noise,5.935,noise,6.535,noise,7.285,noise,7.735,noise,8.335,noise,9.085,noise,9.685,noise,10.135,noise,10.885,noise,11.485,noise,12.085
m_noise__ild_0__itd_50__targ_l,3,Target,glove,2.0,spoons,2.0,glove,3.0,tables,4.0,shoe,4.0,toy,5.0,hat,5.0,green,5.935,glove,7.0,spoons,7.135,hat,8.0,toy,8.335,bag,8.935,red,10.0,chairs,10.0,bag,11.0,shoe,11.335,chairs,11.935
m_noise__ild_0__itd_50__targ_l,3,Masker,noise,1.735,noise,2.335,noise,2.935,noise,3.535,noise,4.135,noise,4.735,noise,5.335,noise,6.085,noise,6.535,noise,7.285,noise,7.735,noise,8.485,noise,9.085,noise,9.535,noise,10.135,noise,10.735,noise,11.485,noise,12.085
m_noise__ild_0__itd_50__targ_r,0,Target,shoe,2.0,card,2.852,card,3.452,blue,4.052,tables,5.0,desks,5.252,sock,5.852,pen,7.0,toy,7.0,desks,8.0,chairs,8.0,pen,9.0,bag,10.0,hat,10.0,white,10.652,green,11.0,toy,11.852,shoe,13.0
m_noise__ild_0__itd_50__targ_r,0,Masker,noise,2.252,noise,3.002,noise,3.602,noise,4.202,noise,4.652,noise,5.402,noise,6.002,noise,6.452,noise,7.052,noise,7.652,noise,8.252,noise,8.852,noise,9.452,noise,10.052,noise,10.802,noise,11.252,noise,12.002,noise,12.452
m_noise__ild_0__itd_50__targ_r,1,Target,toy,2.0,bag,3.0,toy,3.452,blue,4.052,tables,4.652,glove,5.0,spoons,6.0,pen,6.452,desks,7.052,desks,8.0,white,8.0,green,9.0,sock,9.452,chairs,10.052,card,10.652,toy,11.0,green,12.0,glove,12.452
m_noise__ild_0__itd_50__targ_r,1,Masker,noise,2.252,noise,2.852,noise,3.602,noise,4.202,noise,4.802,noise,5.252,noise,5.852,noise,6.602,noise,7.202,noise,7.652,noise,8.252,noise,8.852,noise,9.602,noise,10.202,noise,10.802,noise,11.252,noise,11.852,noise,12.602
m_noise__ild_0__itd_50__targ_r,2,Target,hat,2.252,hat,3.0,card,4.0,chairs,4.0,card,5.0,hat,5.0,pen,6.0,desks,7.0,pen,7.0,tables,8.0,white,8.252,pen,8.852,glove,10.0,blue,10.052,blue,10.652,desks,11.252,spoons,11.852,tables,12.452
m_noise__ild_0__itd_50__targ_r,2,Masker,noise,2.402,noise,2.852,noise,3.452,noise,4.052,noise,4.652,noise,5.252,noise,5.852,noise,6.452,noise,7.052,noise,7.652,noise,8.402,noise,9.002,noise,9.452,noise,10.202,noise,10.802,noise,11.402,noise,12.002,noise,12.602
m_noise__ild_0__itd_50__targ_r,3,Target,blue,2.252,spoons,3.0,shoe,3.452,toy,4.052,card,4.652,sock,5.0,green,6.0,pen,6.452,shoe,7.0,glove,8.0,desks,8.252,hat,8.852,chairs,9.452,tables,10.0,desks,10.652,red,11.252,chairs,12.0,shoe,13.0
m_noise__ild_0__itd_50__targ_r,3,Masker,noise,2.402,noise,2.852,noise,3.602,noise,4.202,noise,4.802,noise,5.252,noise,5.852,noise,6.602,noise,7.052,noise,7.652,noise,8.402,noise,9.002,noise,9.602,noise,10.052,noise,10.802,noise,11.402,noise,11.852,noise,12.452
m_speech__ild_0__itd_500__targ_l,0,Target,glove,1.0,chairs,1.767,desks,2.367,blue,2.967,card,3.567,shoe,4.167,tables,5.0,white,5.367,tables,5.967,red,6.567,glove,7.0,shoe,8.0,chairs,9.0,pen,8.967,toy,9.567,spoons,10.0,pen,10.767,blue,11.367
m_speech__ild_0__itd_500__targ_l,0,Masker,toy,1.167,red,1.917,toy,2.517,spoons,3.117,sock,3.717,desks,4.317,shoe,4.767,glove,5.517,sock,6.117,spoons,6.717,card,7.167,chairs,7.767,shoe,8.367,desks,9.117,green,9.717,hat,10.167,toy,10.917,desks,11.517
m_speech__ild_0__itd_500__targ_l,1,Target,blue,1.167,shoe,2.0,card,3.0,hat,3.0,chairs,4.0,card,4.167,spoons,4.767,glove,6.0,hat,5.967,tables,6.567,sock,7.167,bag,7.767,blue,9.0,desks,8.967,desks,9.567,red,10.167,shoe,11.0,white,11.367
m_speech__ild_0__itd_500__targ_l,1,Masker,glove,1.317,desks,1.767,spoons,2.367,spoons,2.967,glove,3.567,shoe,4.317,chairs,4.917,bag,5.367,card,6.117,red,6.717,toy,7.317,red,7.917,bag,8.367,toy,9.117,pen,9.717,bag,10.317,blue,10.767,desks,11.517
m_speech__ild_0__itd_500__targ_l,2,Target,toy,1.0,bag,1.767,chairs,2.367,bag,2.967,red,3.567,spoons,4.167,red,4.767,toy,5.367,chairs,6.0,desks,6.567,chairs,7.0,card,8.0,blue,9.0,tables,9.0,pen,9.567,toy,10.167,blue,10.767,tables,12.0
m_speech__ild_0__itd_500__targ_l,2,Masker,pen,1.167,pen,1.917,green,2.517,glove,3.117,spoons,3.717,toy,4.317,pen,4.917,tables,5.517,tables,5.967,toy,6.717,glove,7.167,red,7.767,shoe,8.367,hat,8.967,blue,9.717,card,10.317,card,10.917,hat,11.367
m_speech__ild_0__itd_500__targ_l,3,Target,bag,1.0,glove,2.0,desks,2.367,tables,2.967,hat,3.567,sock,4.0,bag,4.767,shoe,6.0,toy,6.0,red,6.567,white,7.167,desks,8.0,toy,9.0,spoons,9.0,white,9.567,bag,10.0,desks,11.0,desks,11.367
m_speech__ild_0__itd_500__targ_l,3,Masker,shoe,1.167,pen,1.767,shoe,2.517,glove,3.117,green,3.717,pen,4.167,chairs,4.917,spoons,5.367,green,5.967,hat,6.717,bag,7.317,blue,7.767,blue,8.367,sock,8.967,tables,9.717,hat,10.167,pen,10.767,desks,11.517
m_speech__ild_0__itd_500__targ_r,0,Target,chairs,2.0,sock,2.0,tables,3.0,chairs,3.38,desks,4.0,bag,5.0,hat,5.0,green,6.0,hat,6.38,sock,6.98,card,8.0,blue,8.0,pen,9.0,shoe,9.38,pen,9.98,glove,10.58,toy,11.18,white,12.0
m_speech__ild_0__itd_500__targ_r,0,Masker,tables,1.58,green,2.18,sock,2.78,shoe,3.53,hat,3.98,red,4.58,blue,5.18,chairs,5.78,toy,6.53,pen,7.13,glove,7.58,hat,8.18,glove,8.78,desks,9.53,card,10.13,desks,10.73,pen,11.33,spoons,11.78
m_speech__ild_0__itd_500__targ_r,1,Target,spoons,2.0,white,2.18,spoons,2.78,card,4.0,desks,4.0,shoe,5.0,spoons,5.0,hat,6.0,bag,7.0,spoons,6.98,desks,8.0,pen,8.0,sock,9.0,shoe,10.0,spoons,10.0,shoe,10.58,red,11.0,white,11.78
m_speech__ild_0__itd_500__targ_r,1,Masker,chairs,1.58,shoe,2.33,card,2.93,tables,3.38,shoe,3.98,card,4.58,spoons,5.18,blue,5.78,hat,6.38,pen,7.13,shoe,7.58,card,8.18,blue,8.78,hat,9.38,pen,9.98,spoons,10.73,card,11.18,spoons,11.93
m_speech__ild_0__itd_500__targ_r,2,Target,toy,1.58,sock,2.0,hat,2.78,green,4.0,green,4.0,sock,5.0,tables,5.0,red,5.78,spoons,6.38,glove,6.98,pen,8.0,green,8.18,hat,8.78,sock,10.0,bag,10.0,pen,10.58,desks,11.0,bag,12.0
m_speech__ild_0__itd_500__targ_r,2,Masker,white,1.73,white,2.18,chairs,2.93,hat,3.38,bag,3.98,sock,4.58,red,5.18,toy,5.93,toy,6.53,toy,7.13,card,7.58,card,8.33,desks,8.93,chairs,9.38,chairs,9.98,hat,10.73,bag,11.18,card,11.78
m_speech__ild_0__itd_500__targ_r,3,Target,glove,1.58,pen,2.18,card,2.78,red,3.38,hat,4.0,card,4.58,white,5.18,desks,5.78,spoons,7.0,green,7.0,sock,7.58,spoons,8.0,card,8.78,shoe,10.0,chairs,10.0,spoons,11.0,green,11.18,card,11.78
m_speech__ild_0__itd_500__targ_r,3,Masker,tables,1.73,spoons,2.33,chairs,2.93,spoons,3.53,desks,3.98,chairs,4.73,desks,5.33,tables,5.93,card,6.38,tables,6.98,toy,7.73,desks,8.18,blue,8.93,card,9.38,red,9.98,shoe,10.58,hat,11.33,green,11.93
m_noise__ild_0__itd_500__targ_l,0,Target,chairs,2.807,card,3.407,glove,4.007,pen,5.0,spoons,5.0,toy,5.807,sock,6.407,green,7.007,bag,7.607,spoons,8.0,card,8.807,toy,10.0,bag,10.007,hat,10.607,pen,11.207,shoe,11.807,green,12.407,glove,13.0
m_noise__ild_0__itd_500__targ_l,0,Masker,noise,2.957,noise,3.557,noise,4.157,noise,4.607,noise,5.207,noise,5.957,noise,6.557,noise,7.157,noise,7.757,noise,8.207,noise,8.957,noise,9.407,noise,10.157,noise,10.757,noise,11.357,noise,11.957,noise,12.557,noise,13.007
m_noise__ild_0__itd_500__targ_l,1,Target,desks,3.0,hat,3.407,hat,4.0,glove,4.607,hat,5.0,card,6.0,shoe,6.407,hat,7.007,hat,8.0,shoe,8.0,shoe,8.807,card,9.407,tables,10.0,green,10.607,hat,11.207,blue,12.0,desks,12.407,toy,13.007
m_noise__ild_0__itd_500__targ_l,1,Masker,noise,2.807,noise,3.557,noise,4.007,noise,4.757,noise,5.207,noise,5.807,noise,6.557,noise,7.157,noise,7.607,noise,8.207,noise,8.957,noise,9.557,noise,10.007,noise,10.757,noise,11.357,noise,11.807,noise,12.557,noise,13.157
m_noise__ild_0__itd_500__targ_l,2,Target,tables,2.807,chairs,4.0,chairs,4.0,red,5.0,red,5.0,tables,5.807,pen,6.407,spoons,7.0,glove,7.607,pen,8.0,toy,8.807,pen,9.407,desks,10.007,toy,10.607,shoe,11.0,toy,12.0,pen,13.0,toy,13.007
m_noise__ild_0__itd_500__targ_l,2,Masker,noise,2.957,noise,3.407,noise,4.007,noise,4.607,noise,5.207,noise,5.957,noise,6.557,noise,7.007,noise,7.757,noise,8.207,noise,8.957,noise,9.557,noise,10.157,noise,10.757,noise,11.207,noise,11.807,noise,12.407,noise,13.157
m_noise__ild_0__itd_500__targ_l,3,Target,hat,2.807,desks,4.0,pen,4.007,green,4.607,glove,5.0,tables,6.0,hat,7.0,red,7.0,card,7.607,bag,8.0,red,8.807,pen,10.0,glove,10.007,tables,11.0,glove,11.0,pen,11.807,card,13.0,blue,13.007
m_noise__ild_0__itd_500__targ_l,3,Masker,noise,2.957,noise,3.407,noise,4.157,noise,4.757,noise,5.207,noise,5.807,noise,6.407,noise,7.007,noise,7.757,noise,8.207,noise,8.957,noise,9.407,noise,10.157,noise,10.607,noise,11.207,noise,11.957,noise,12.407,noise,13.157
m_noise__ild_0__itd_500__targ_r,0,Target,green,1.95,desks,2.55,hat,3.15,glove,4.0,chairs,4.35,green,4.95,tables,5.55,toy,6.0,chairs,6.75,pen,8.0,desks,7.95,glove,9.0,red,9.15,bag,10.0,tables,11.0,desks,10.95,glove,11.55,white,12.15
m_noise__ild_0__itd_500__targ_r,0,Masker,noise,2.1,noise,2.7,noise,3.3,noise,3.75,noise,4.5,noise,5.1,noise,5.7,noise,6.15,noise,6.9,noise,7.35,noise,8.1,noise,8.55,noise,9.3,noise,9.75,noise,10.35,noise,11.1,noise,11.7,noise,12.3
m_noise__ild_0__itd_500__targ_r,1,Target,glove,1.95,chairs,3.0,glove,3.15,chairs,4.0,shoe,4.35,red,4.95,spoons,5.55,sock,6.0,green,7.0,hat,7.35,desks,7.95,tables,9.0,glove,9.15,chairs,9.75,hat,11.0,blue,10.95,desks,12.0,chairs,12.0
m_noise__ild_0__itd_500__targ_r,1,Masker,noise,2.1,noise,2.55,noise,3.3,noise,3.75,noise,4.5,noise,5.1,noise,5.7,noise,6.15,noise,6.75,noise,7.5,noise,8.1,noise,8.55,noise,9.3,noise,9.9,noise,10.35,noise,11.1,noise,11.55,noise,12.15
m_noise__ild_0__itd_500__targ_r,2,Target,toy,2.0,glove,2.55,bag,3.15,chairs,4.0,chairs,5.0,spoons,5.0,glove,5.55,spoons,6.15,white,7.0,desks,7.35,green,8.0,white,9.0,toy,9.0,glove,9.75,pen,11.0,blue,11.0,spoons,12.0,card,12.0
m_noise__ild_0__itd_500__targ_r,2,Masker,noise,1.95,noise,2.7,noise,3.3,noise,3.75,noise,4.35,noise,4.95,noise,5.7,noise,6.3,noise,6.75,noise,7.5,noise,7.95,noise,8.55,noise,9.15,noise,9.9,noise,10.35,noise,10.95,noise,11.55,noise,12.15
m_noise__ild_0__itd_500__targ_r,3,Target,pen,1.95,tables,3.0,hat,3.15,toy,3.75,toy,5.0,chairs,5.0,hat,5.55,white,6.0,hat,6.75,toy,7.35,glove,8.0,white,8.55,blue,9.15,toy,9.75,desks,10.35,toy,10.95,sock,12.0,white,12.0
m_noise__ild_0__itd_500__targ_r,3,Masker,noise,2.1,noise,2.55,noise,3.3,noise,3.9,noise,4.35,noise,4.95,noise,5.7,noise,6.15,noise,6.9,noise,7.5,noise,7.95,noise,8.7,noise,9.3,noise,9.9,noise,10.5,noise,11.1,noise,11.55,noise,12.15
m_speech__ild_10__itd_0__targ_l,0,Target,tables,3.0,toy,3.532,spoons,4.132,chairs,4.732,glove,5.0,glove,5.932,green,7.0,toy,7.132,spoons,8.0,card,8.332,red,9.0,toy,9.532,hat,10.0,chairs,11.0,white,11.0,glove,12.0,white,13.0,chairs,13.0
m_speech__ild_10__itd_0__targ_l,0,Masker,desks,2.932,chairs,3.682,glove,4.282,green,4.882,shoe,5.332,bag,6.082,spoons,6.532,green,7.282,bag,7.732,shoe,8.482,bag,8.932,chairs,9.682,bag,10.132,shoe,10.732,pen,11.332,pen,11.932,bag,12.532,bag,13.132
m_speech__ild_10__itd_0__targ_l,1,Target,bag,2.932,spoons,3.532,pen,4.0,hat,4.732,bag,5.0,toy,5.932,pen,6.532,bag,7.0,hat,7.732,glove,8.332,blue,9.0,pen,10.0,glove,10.132,spoons,11.0,toy,11.0,bag,12.0,white,13.0,glove,13.132
m_speech__ild_10__itd_0__targ_l,1,Masker,pen,3.082,toy,3.682,shoe,4.132,bag,4.882,chairs,5.332,spoons,6.082,red,6.682,spoons,7.132,toy,7.882,green,8.482,chairs,8.932,green,9.532,spoons,10.282,glove,10.732,spoons,11.332,green,11.932,toy,12.532,toy,13.282
m_speech__ild_10__itd_0__targ_l,2,Target,sock,3.0,green,4.0,tables,4.132,green,4.732,tables,5.0,chairs,6.0,pen,7.0,bag,7.0,white,8.0,card,8.0,pen,8.932,toy,10.0,sock,10.0,card,11.0,sock,11.332,hat,12.0,red,13.0,bag,13.0
m_speech__ild_10__itd_0__targ_l,2,Masker,glove,2.932,sock,3.532,sock,4.282,shoe,4.882,tables,5.332,toy,5.932,chairs,6.532,blue,7.132,toy,7.732,tables,8.332,shoe,9.082,hat,9.532,chairs,10.132,green,10.732,tables,11.482,sock,11.932,desks,12.532,desks,13.132
m_speech__ild_10__itd_0__targ_l,3,Target,chairs,2.932,sock,3.532,spoons,4.132,pen,5.0,white,5.0,sock,5.932,hat,7.0,glove,7.0,card,8.0,bag,8.0,glove,8.932,shoe,10.0,hat,10.132,glove,11.0,blue,11.332,hat,12.0,green,12.532,green,13.0
m_speech__ild_10__itd_0__targ_l,3,Masker,red,3.082,shoe,3.682,shoe,4.282,glove,4.732,pen,5.332,tables,6.082,green,6.532,desks,7.132,glove,7.732,chairs,8.332,hat,9.082,bag,9.532,desks,10.282,tables,10.732,shoe,11.482,blue,11.932,tables,12.682,shoe,13.132
m_speech__ild_10__itd_0__targ_r,0,Target,toy,2.655,tables,3.0,red,3.855,desks,5.0,toy,5.0,bag,6.0,bag,6.0,hat,7.0,card,7.455,spoons,8.055,sock,9.0,card,9.0,green,9.855,chairs,11.0,green,11.0,pen,11.655,white,12.0,desks,13.0
m_speech__ild_10__itd_0__targ_r,0,Masker,chairs,2.805,hat,3.255,pen,4.005,shoe,4.455,red,5.055,bag,5.655,white,6.255,toy,6.855,bag,7.605,red,8.205,toy,8.655,card,9.255,sock,10.005,glove,10.455,toy,11.055,shoe,11.805,glove,12.255,spoons,12.855
m_speech__ild_10__itd_0__targ_r,1,Target,red,3.0,toy,3.255,sock,3.855,toy,4.455,bag,5.055,white,6.0,shoe,6.255,card,6.855,hat,7.455,white,8.055,desks,8.655,hat,9.255,card,9.855,chairs,10.455,green,11.0,tables,11.655,glove,12.255,sock,13.0
m_speech__ild_10__itd_0__targ_r,1,Masker,tables,2.655,green,3.405,desks,4.005,desks,4.605,sock,5.205,hat,5.655,tables,6.405,hat,7.005,tables,7.605,tables,8.205,sock,8.805,bag,9.405,sock,10.005,white,10.605,bag,11.055,bag,11.805,white,12.405,chairs,12.855
m_speech__ild_10__itd_0__targ_r,2,Target,spoons,3.0,desks,3.0,red,4.0,bag,4.455,chairs,5.055,card,5.655,blue,6.255,glove,7.0,sock,7.455,red,8.055,chairs,9.0,white,9.0,tables,10.0,bag,11.0,chairs,11.0,bag,12.0,bag,12.255,tables,13.0
m_speech__ild_10__itd_0__targ_r,2,Masker,hat,2.655,blue,3.255,shoe,3.855,shoe,4.605,red,5.205,desks,5.805,chairs,6.405,desks,6.855,shoe,7.605,card,8.205,toy,8.655,chairs,9.255,shoe,9.855,green,10.455,desks,11.055,pen,11.655,chairs,12.405,bag,12.855
m_speech__ild_10__itd_0__targ_r,3,Target,shoe,2.655,desks,3.0,red,4.0,shoe,5.0,toy,5.0,bag,5.655,card,6.255,hat,6.855,green,7.455,pen,8.0,red,8.655,chairs,9.0,shoe,9.855,spoons,11.0,desks,11.055,toy,12.0,sock,12.255,white,13.0
m_speech__ild_10__itd_0__targ_r,3,Masker,card,2.805,toy,3.255,toy,3.855,card,4.455,green,5.055,blue,5.805,card,6.405,bag,7.005,desks,7.605,desks,8.055,tables,8.805,shoe,9.255,blue,10.005,card,10.455,glove,11.205,red,11.655,bag,12.405,bag,12.855
m_noise__ild_10__itd_0__targ_l,0,Target,tables,2.473,shoe,3.073,chairs,3.673,toy,4.0,pen,5.0,red,5.473,spoons,6.073,glove,6.673,bag,7.0,toy,7.873,glove,9.0,white,9.0,green,10.0,toy,10.273,pen,11.0,desks,11.473,chairs,12.073,pen,13.0
m_noise__ild_10__itd_0__targ_l,0,Masker,noise,2.623,noise,3.223,noise,3.823,noise,4.273,noise,4.873,noise,5.623,noise,6.223,noise,6.823,noise,7.273,noise,8.023,noise,8.473,noise,9.073,noise,9.673,noise,10.423,noise,10.873,noise,11.623,noise,12.223,noise,12.673
m_noise__ild_10__itd_0__targ_l,1,Target,blue,2.473,pen,3.073,shoe,3.673,hat,4.0,tables,4.873,glove,5.473,hat,6.073,spoons,6.673,glove,7.273,chairs,7.873,sock,8.473,shoe,9.0,green,9.673,toy,10.0,card,11.0,chairs,11.473,shoe,12.0,red,12.673
m_noise__ild_10__itd_0__targ_l,1,Masker,noise,2.623,noise,3.223,noise,3.823,noise,4.273,noise,5.023,noise,5.623,noise,6.223,noise,6.823,noise,7.423,noise,8.023,noise,8.623,noise,9.073,noise,9.823,noise,10.273,noise,10.873,noise,11.623,noise,12.073,noise,12.823
m_noise__ild_10__itd_0__targ_l,2,Target,card,3.0,green,3.073,blue,3.673,sock,4.273,shoe,5.0,spoons,5.473,shoe,6.0,bag,6.673,red,7.0,green,8.0,card,9.0,spoons,9.0,chairs,9.673,glove,10.273,pen,11.0,bag,11.473,bag,12.073,hat,12.673
m_noise__ild_10__itd_0__targ_l,2,Masker,noise,2.473,noise,3.223,noise,3.823,noise,4.423,noise,4.873,noise,5.623,noise,6.073,noise,6.823,noise,7.273,noise,7.873,noise,8.473,noise,9.073,noise,9.823,noise,10.423,noise,10.873,noise,11.623,noise,12.223,noise,12.823
m_noise__ild_10__itd_0__targ_l,3,Target,hat,3.0,shoe,3.0,chairs,3.673,hat,4.273,card,4.873,pen,5.473,bag,6.073,bag,7.0,bag,7.273,chairs,8.0,tables,8.473,white,9.073,green,10.0,red,10.0,toy,11.0,sock,11.473,desks,12.0,sock,12.673
m_noise__ild_10__itd_0__targ_l,3,Masker,noise,2.473,noise,3.073,noise,3.823,noise,4.423,noise,5.023,noise,5.623,noise,6.223,noise,6.673,noise,7.423,noise,7.873,noise,8.623,noise,9.223,noise,9.673,noise,10.273,noise,10.873,noise,11.623,noise,12.073,noise,12.823
m_noise__ild_10__itd_0__targ_r,0,Target,pen,2.685,shoe,3.0,spoons,4.0,red,5.0,tables,5.085,card,5.685,shoe,6.285,glove,6.885,hat,7.485,tables,8.0,chairs,8.685,tables,9.0,toy,9.885,tables,11.0,pen,11.0,white,12.0,tables,12.285,hat,12.885
m_noise__ild_10__itd_0__targ_r,0,Masker,noise,2.835,noise,3.285,noise,3.885,noise,4.485,noise,5.235,noise,5.835,noise,6.435,noise,7.035,noise,7.635,noise,8.085,noise,8.835,noise,9.285,noise,10.035,noise,10.485,noise,11.085,noise,11.685,noise,12.435,noise,13.035
m_noise__ild_10__itd_0__targ_r,1,Target,desks,2.685,green,3.285,spoons,4.0,toy,4.485,spoons,5.085,shoe,6.0,card,6.0,pen,6.885,toy,7.485,card,8.085,desks,8.685,green,9.0,toy,10.0,desks,10.485,pen,11.085,spoons,12.0,hat,12.0,desks,13.0
m_noise__ild_10__itd_0__targ_r,1,Masker,noise,2.835,noise,3.435,noise,3.885,noise,4.635,noise,5.235,noise,5.685,noise,6.285,noise,7.035,noise,7.635,noise,8.235,noise,8.835,noise,9.285,noise,9.885,noise,10.635,noise,11.235,noise,11.685,noise,12.285,noise,12.885
m_noise__ild_10__itd_0__targ_r,2,Target,card,3.0,card,3.285,pen,3.885,tables,4.485,hat,5.085,glove,5.685,red,6.285,green,7.0,blue,8.0,chairs,8.0,hat,9.0,card,9.285,hat,9.885,glove,11.0,tables,11.0,glove,11.685,white,12.285,shoe,12.885
m_noise__ild_10__itd_0__targ_r,2,Masker,noise,2.685,noise,3.435,noise,4.035,noise,4.635,noise,5.235,noise,5.835,noise,6.435,noise,6.885,noise,7.485,noise,8.085,noise,8.685,noise,9.435,noise,10.035,noise,10.485,noise,11.085,noise,11.835,noise,12.435,noise,13.035
m_noise__ild_10__itd_0__targ_r,3,Target,white,3.0,spoons,3.285,pen,3.885,pen,4.485,red,5.085,red,6.0,spoons,6.285,hat,7.0,white,8.0,desks,8.085,shoe,9.0,card,9.285,toy,9.885,card,11.0,bag,11.085,pen,12.0,glove,12.0,chairs,13.0
m_noise__ild_10__itd_0__targ_r,3,Masker,noise,2.685,noise,3.435,noise,4.035,noise,4.635,noise,5.235,noise,5.685,noise,6.435,noise,6.885,noise,7.485,noise,8.235,noise,8.685,noise,9.435,noise,10.035,noise,10.485,noise,11.235,noise,11.685,noise,12.285,noise,12.885
