Condition,Run,Type,Word0,Time0,Word1,Time1,Word2,Time2,Word3,Time3,Word4,Time4,Word5,Time5,Word6,Time6,Word7,Time7,Word8,Time8,Word9,Time9,Word10,Time10,Word11,Time11,Word12,Time12,Word13,Time13,Word14,Time14,Word15,Time15,Word16,Time16,Word17,Time17
practice,0,Target,shoe,1.655,glove,2.255,white,2.855,sock,3.455,card,4.055,red,5.0,card,5.0,white,6.0,toy,7.0,bag,7.0,glove,8.0,chairs,8.0,shoe,8.855,blue,10.0,pen,10.055,bag,11.0,spoons,11.255,tables,11.855
practice,0,Masker,none,1.805,none,2.405,none,3.005,none,3.605,none,4.205,none,4.655,none,5.255,none,5.855,none,6.455,none,7.055,none,7.655,none,8.255,none,9.005,none,9.455,none,10.205,none,10.655,none,11.405,none,12.005
practice,1,Target,blue,2.0,spoons,2.0,bag,2.855,bag,4.0,spoons,4.055,card,5.0,shoe,5.0,blue,5.855,spoons,7.0,tables,7.0,hat,8.0,card,8.255,bag,8.855,shoe,10.0,shoe,10.055,shoe,10.655,pen,11.0,toy,11.855
practice,1,Masker,none,1.655,none,2.255,none,3.005,none,3.455,none,4.205,none,4.655,none,5.255,none,6.005,none,6.455,none,7.055,none,7.655,none,8.405,none,9.005,none,9.455,none,10.205,none,10.805,none,11.255,none,12.005
practice,2,Target,white,2.0,glove,2.0,tables,2.855,spoons,3.455,pen,4.0,sock,4.655,pen,5.0,spoons,6.0,hat,6.455,glove,7.0,blue,8.0,shoe,8.0,spoons,9.0,shoe,9.455,shoe,10.055,bag,10.655,desks,11.0,sock,12.0
practice,2,Masker,none,1.655,none,2.255,none,3.005,none,3.605,none,4.055,none,4.805,none,5.255,none,5.855,none,6.605,none,7.055,none,7.655,none,8.255,none,8.855,none,9.605,none,10.205,none,10.805,none,11.255,none,11.855
practice,3,Target,desks,2.0,tables,2.255,tables,3.0,shoe,4.0,shoe,4.0,toy,5.0,toy,5.0,chairs,6.0,toy,7.0,sock,7.055,pen,8.0,shoe,8.0,glove,8.855,green,9.455,red,10.055,bag,10.655,card,11.0,tables,11.855
practice,3,Masker,none,1.655,none,2.405,none,2.855,none,3.455,none,4.055,none,4.655,none,5.255,none,5.855,none,6.455,none,7.205,none,7.655,none,8.255,none,9.005,none,9.605,none,10.205,none,10.805,none,11.255,none,12.005
m_speech__ild_0__itd_50__targ_l__control_0,0,Target,card,2.679,chairs,3.279,shoe,4.0,spoons,4.479,glove,5.079,bag,6.0,green,6.279,pen,7.0,chairs,7.479,pen,8.0,glove,9.0,chairs,9.0,pen,9.879,shoe,11.0,green,11.079,bag,12.0,pen,12.279,bag,13.0
m_speech__ild_0__itd_50__targ_l__control_0,0,Masker,spoons,2.829,bag,3.429,glove,3.879,chairs,4.629,bag,5.229,shoe,5.679,chairs,6.429,pen,6.879,shoe,7.629,glove,8.079,red,8.679,shoe,9.279,red,10.029,shoe,10.479,shoe,11.229,red,11.679,spoons,12.429,blue,12.879
m_speech__ild_0__itd_50__targ_l__control_0,1,Target,bag,2.679,blue,3.279,glove,3.879,toy,5.0,toy,5.079,tables,6.0,white,6.279,hat,7.0,glove,8.0,sock,8.0,tables,8.679,toy,9.0,tables,9.879,card,10.479,sock,11.079,shoe,12.0,chairs,12.279,sock,13.0
m_speech__ild_0__itd_50__targ_l__control_0,1,Masker,chairs,2.829,pen,3.429,sock,4.029,bag,4.479,tables,5.229,shoe,5.679,spoons,6.429,glove,6.879,card,7.479,green,8.079,toy,8.829,pen,9.279,desks,10.029,blue,10.629,toy,11.229,white,11.679,sock,12.429,chairs,12.879
m_speech__ild_0__itd_50__targ_l__control_0,2,Target,toy,2.679,glove,3.279,red,3.879,bag,4.479,sock,5.0,hat,6.0,bag,6.0,red,7.0,sock,7.479,blue,8.0,card,8.679,bag,9.279,hat,9.879,bag,10.479,toy,11.079,desks,12.0,toy,12.0,tables,13.0
m_speech__ild_0__itd_50__targ_l__control_0,2,Masker,blue,2.829,white,3.429,hat,4.029,white,4.629,spoons,5.079,toy,5.679,spoons,6.279,chairs,6.879,tables,7.629,desks,8.079,blue,8.829,toy,9.429,glove,10.029,tables,10.629,glove,11.229,hat,11.679,hat,12.279,spoons,12.879
m_speech__ild_0__itd_50__targ_l__control_0,3,Target,white,3.0,bag,3.279,shoe,4.0,sock,4.479,chairs,5.0,shoe,6.0,spoons,6.0,tables,7.0,glove,7.479,spoons,8.079,red,9.0,red,9.0,shoe,9.879,tables,10.479,card,11.0,blue,11.679,shoe,12.279,toy,13.0
m_speech__ild_0__itd_50__targ_l__control_0,3,Masker,glove,2.679,glove,3.429,chairs,3.879,blue,4.629,sock,5.079,sock,5.679,white,6.279,toy,6.879,sock,7.629,glove,8.229,toy,8.679,spoons,9.279,chairs,10.029,spoons,10.629,hat,11.079,shoe,11.829,glove,12.429,shoe,12.879
m_speech__ild_0__itd_50__targ_r__control_0,0,Target,pen,1.41,red,2.0,desks,2.61,sock,3.0,bag,3.81,tables,5.0,blue,5.0,tables,5.61,spoons,6.21,tables,6.81,glove,8.0,blue,8.01,toy,8.61,bag,9.0,bag,10.0,shoe,10.41,toy,11.01,pen,11.61
m_speech__ild_0__itd_50__targ_r__control_0,0,Masker,bag,1.56,chairs,2.01,toy,2.76,toy,3.21,bag,3.96,card,4.41,tables,5.01,shoe,5.76,pen,6.36,card,6.96,white,7.41,spoons,8.16,bag,8.76,toy,9.21,hat,9.81,desks,10.56,pen,11.16,green,11.76
m_speech__ild_0__itd_50__targ_r__control_0,1,Target,chairs,2.0,hat,2.0,chairs,3.0,desks,3.0,red,3.81,sock,4.41,hat,5.0,toy,6.0,hat,6.21,glove,7.0,white,8.0,toy,8.01,toy,9.0,spoons,9.21,hat,9.81,red,11.0,shoe,11.01,red,11.61
m_speech__ild_0__itd_50__targ_r__control_0,1,Masker,glove,1.41,desks,2.01,hat,2.61,white,3.21,card,3.96,glove,4.56,pen,5.01,sock,5.61,toy,6.36,spoons,6.81,spoons,7.41,glove,8.16,pen,8.61,toy,9.36,green,9.96,pen,10.41,sock,11.16,tables,11.76
m_speech__ild_0__itd_50__targ_r__control_0,2,Target,sock,1.41,glove,2.0,hat,3.0,shoe,3.0,blue,3.81,hat,4.41,white,5.01,hat,5.61,sock,6.21,blue,7.0,glove,8.0,tables,8.0,sock,8.61,shoe,9.21,sock,10.0,bag,10.41,pen,11.01,sock,11.61
m_speech__ild_0__itd_50__targ_r__control_0,2,Masker,bag,1.56,pen,2.01,blue,2.61,bag,3.21,desks,3.96,card,4.56,tables,5.16,toy,5.76,blue,6.36,spoons,6.81,pen,7.41,bag,8.01,desks,8.76,glove,9.36,bag,9.81,shoe,10.56,glove,11.16,tables,11.76
m_speech__ild_0__itd_50__targ_r__control_0,3,Target,toy,1.41,sock,2.01,pen,3.0,card,3.0,green,3.81,toy,5.0,shoe,5.01,sock,5.61,toy,6.21,spoons,7.0,desks,7.41,green,8.01,green,8.61,desks,9.21,red,9.81,toy,10.41,glove,11.0,pen,12.0
m_speech__ild_0__itd_50__targ_r__control_0,3,Masker,bag,1.56,desks,2.16,desks,2.61,desks,3.21,tables,3.96,toy,4.41,white,5.16,tables,5.76,red,6.36,white,6.81,white,7.56,toy,8.16,bag,8.76,sock,9.36,tables,9.96,chairs,10.56,pen,11.01,desks,11.61
m_noise__ild_0__itd_50__targ_l__control_0,0,Target,blue,2.483,desks,3.0,tables,4.0,chairs,4.283,card,5.0,tables,6.0,shoe,6.0,toy,6.683,spoons,7.283,glove,8.0,toy,8.483,spoons,9.083,shoe,10.0,sock,10.0,pen,11.0,pen,11.483,blue,12.083,glove,12.683
m_noise__ild_0__itd_50__targ_l__control_0,0,Masker,noise,2.633,noise,3.083,noise,3.683,noise,4.433,noise,4.883,noise,5.483,noise,6.083,noise,6.833,noise,7.433,noise,7.883,noise,8.633,noise,9.233,noise,9.683,noise,10.283,noise,10.883,noise,11.633,noise,12.233,noise,12.833
m_noise__ild_0__itd_50__targ_l__control_0,1,Target,glove,3.0,tables,3.0,red,3.683,chairs,4.283,glove,4.883,bag,5.483,desks,6.083,glove,6.683,toy,7.0,sock,7.883,desks,9.0,shoe,9.083,red,9.683,red,10.283,card,10.883,toy,11.483,desks,12.083,card,12.683
m_noise__ild_0__itd_50__targ_l__control_0,1,Masker,noise,2.483,noise,3.083,noise,3.833,noise,4.433,noise,5.033,noise,5.633,noise,6.233,noise,6.833,noise,7.283,noise,8.033,noise,8.483,noise,9.233,noise,9.833,noise,10.433,noise,11.033,noise,11.633,noise,12.233,noise,12.833
m_noise__ild_0__itd_50__targ_l__control_0,2,Target,tables,2.483,toy,3.0,chairs,3.683,shoe,4.283,pen,5.0,green,5.483,toy,6.083,hat,7.0,tables,7.0,card,8.0,spoons,8.483,sock,9.0,blue,10.0,red,10.0,desks,11.0,card,12.0,green,12.0,card,13.0
m_noise__ild_0__itd_50__targ_l__control_0,2,Masker,noise,2.633,noise,3.083,noise,3.833,noise,4.433,noise,4.883,noise,5.633,noise,6.233,noise,6.683,noise,7.283,noise,7.883,noise,8.633,noise,9.083,noise,9.683,noise,10.283,noise,10.883,noise,11.483,noise,12.083,noise,12.683
m_noise__ild_0__itd_50__targ_l__control_0,3,Target,desks,2.483,glove,3.083,sock,4.0,hat,4.283,white,4.883,card,5.483,shoe,6.0,glove,7.0,white,7.283,glove,7.883,blue,9.0,toy,9.0,pen,9.683,glove,10.283,green,11.0,bag,11.483,glove,12.0,toy,12.683
m_noise__ild_0__itd_50__targ_l__control_0,3,Masker,noise,2.633,noise,3.233,noise,3.683,noise,4.433,noise,5.033,noise,5.633,noise,6.083,noise,6.683,noise,7.433,noise,8.033,noise,8.483,noise,9.083,noise,9.833,noise,10.433,noise,10.883,noise,11.633,noise,12.083,noise,12.833
m_noise__ild_0__itd_50__targ_r__control_0,0,Target,glove,1.0,sock,2.0,blue,3.0,pen,2.99,green,4.0,desks,4.0,chairs,5.0,glove,5.39,card,6.0,toy,6.59,hat,7.0,toy,7.79,hat,8.39,card,8.99,glove,9.59,tables,10.0,blue,10.79,desks,12.0
m_noise__ild_0__itd_50__targ_r__control_0,0,Masker,noise,1.19,noise,1.79,noise,2.39,noise,3.14,noise,3.59,noise,4.19,noise,4.79,noise,5.54,noise,5.99,noise,6.74,noise,7.19,noise,7.94,noise,8.54,noise,9.14,noise,9.74,noise,10.19,noise,10.94,noise,11.39
m_noise__ild_0__itd_50__targ_r__control_0,1,Target,card,1.19,green,1.79,sock,3.0,hat,2.99,white,3.59,desks,4.19,card,5.0,shoe,6.0,red,5.99,spoons,6.59,hat,7.0,tables,7.79,chairs,9.0,tables,8.99,red,10.0,spoons,10.0,chairs,11.0,tables,12.0
m_noise__ild_0__itd_50__targ_r__control_0,1,Masker,noise,1.34,noise,1.94,noise,2.39,noise,3.14,noise,3.74,noise,4.34,noise,4.79,noise,5.39,noise,6.14,noise,6.74,noise,7.19,noise,7.94,noise,8.39,noise,9.14,noise,9.59,noise,10.19,noise,10.79,noise,11.39
m_noise__ild_0__itd_50__targ_r__control_0,2,Target,glove,1.19,shoe,2.0,glove,3.0,sock,2.99,tables,4.0,pen,4.19,desks,5.0,blue,5.39,toy,6.0,desks,7.0,white,7.0,bag,7.79,spoons,8.39,glove,8.99,blue,10.0,hat,10.19,blue,11.0,hat,11.39
m_noise__ild_0__itd_50__targ_r__control_0,2,Masker,noise,1.34,noise,1.79,noise,2.39,noise,3.14,noise,3.59,noise,4.34,noise,4.79,noise,5.54,noise,5.99,noise,6.59,noise,7.19,noise,7.94,noise,8.54,noise,9.14,noise,9.59,noise,10.34,noise,10.79,noise,11.54
m_noise__ild_0__itd_50__targ_r__control_0,3,Target,pen,1.19,toy,2.0,tables,2.39,pen,2.99,card,3.59,shoe,4.0,pen,4.79,toy,5.39,shoe,6.0,card,6.59,toy,7.0,tables,8.0,white,8.39,white,9.0,tables,10.0,toy,10.0,blue,11.0,toy,11.39
m_noise__ild_0__itd_50__targ_r__control_0,3,Masker,noise,1.34,noise,1.79,noise,2.54,noise,3.14,noise,3.74,noise,4.19,noise,4.94,noise,5.54,noise,5.99,noise,6.74,noise,7.19,noise,7.79,noise,8.54,noise,8.99,noise,9.59,noise,10.19,noise,10.79,noise,11.54
m_speech__ild_0__itd_500__targ_l__control_0,0,Target,chairs,3.0,glove,3.54,shoe,4.0,sock,5.0,shoe,5.34,sock,6.0,hat,7.0,chairs,7.14,card,7.74,toy,8.34,shoe,9.0,white,9.54,tables,10.0,chairs,11.0,chairs,11.0,bag,12.0,red,13.0,chairs,13.14
m_speech__ild_0__itd_500__targ_l__control_0,0,Masker,chairs,2.94,tables,3.69,red,4.14,hat,4.74,pen,5.49,pen,5.94,toy,6.54,glove,7.29,white,7.89,spoons,8.49,sock,8.94,chairs,9.69,desks,10.14,desks,10.74,card,11.34,tables,11.94,card,12.54,sock,13.29
m_speech__ild_0__itd_500__targ_l__control_0,1,Target,bag,2.94,shoe,3.54,tables,4.14,tables,4.74,tables,5.0,red,6.0,spoons,7.0,tables,7.0,red,7.74,tables,8.0,spoons,8.94,blue,10.0,blue,10.14,glove,10.74,hat,11.34,tables,12.0,card,12.54,sock,13.14
m_speech__ild_0__itd_500__targ_l__control_0,1,Masker,tables,3.09,blue,3.69,sock,4.29,hat,4.89,card,5.34,bag,5.94,toy,6.54,bag,7.14,shoe,7.89,hat,8.34,bag,9.09,tables,9.54,desks,10.29,tables,10.89,tables,11.49,green,11.94,white,12.69,spoons,13.29
m_speech__ild_0__itd_500__targ_l__control_0,2,Target,tables,2.94,card,4.0,hat,4.0,red,4.74,white,5.34,bag,6.0,tables,7.0,shoe,7.0,shoe,7.74,toy,8.34,shoe,8.94,toy,9.54,sock,10.0,chairs,10.74,white,11.0,green,11.94,card,13.0,hat,13.14
m_speech__ild_0__itd_500__targ_l__control_0,2,Masker,hat,3.09,white,3.54,spoons,4.14,spoons,4.89,shoe,5.49,desks,5.94,sock,6.54,sock,7.14,desks,7.89,hat,8.49,white,9.09,shoe,9.69,glove,10.14,blue,10.89,pen,11.34,hat,12.09,toy,12.54,spoons,13.29
m_speech__ild_0__itd_500__targ_l__control_0,3,Target,bag,2.94,hat,3.54,shoe,4.0,tables,4.74,toy,5.0,red,5.94,sock,6.54,toy,7.14,hat,7.74,chairs,8.34,hat,9.0,shoe,10.0,bag,10.0,blue,11.0,blue,11.34,desks,11.94,shoe,13.0,pen,13.14
m_speech__ild_0__itd_500__targ_l__control_0,3,Masker,red,3.09,shoe,3.69,pen,4.14,glove,4.89,hat,5.34,hat,6.09,bag,6.69,shoe,7.29,chairs,7.89,blue,8.49,shoe,8.94,chairs,9.54,pen,10.14,glove,10.74,hat,11.49,chairs,12.09,shoe,12.54,sock,13.29
m_speech__ild_0__itd_500__targ_r__control_0,0,Target,white,2.353,bag,2.953,white,4.0,pen,4.153,shoe,4.753,hat,6.0,pen,5.953,sock,6.553,desks,7.0,desks,7.753,red,9.0,bag,8.953,hat,9.553,bag,10.153,white,11.0,desks,11.353,hat,12.0,bag,13.0
m_speech__ild_0__itd_500__targ_r__control_0,0,Masker,bag,2.503,pen,3.103,pen,3.553,desks,4.303,bag,4.903,desks,5.353,red,6.103,white,6.703,pen,7.153,glove,7.903,desks,8.353,red,9.103,pen,9.703,bag,10.303,bag,10.753,tables,11.503,sock,11.953,bag,12.553
m_speech__ild_0__itd_500__targ_r__control_0,1,Target,chairs,2.353,sock,2.953,spoons,4.0,shoe,4.0,tables,4.753,tables,6.0,shoe,6.0,hat,7.0,shoe,7.0,green,7.753,tables,8.353,white,9.0,tables,10.0,pen,10.153,sock,11.0,tables,12.0,spoons,11.953,tables,13.0
m_speech__ild_0__itd_500__targ_r__control_0,1,Masker,pen,2.503,pen,3.103,hat,3.553,green,4.153,card,4.903,pen,5.353,sock,5.953,sock,6.553,blue,7.153,tables,7.903,blue,8.503,pen,8.953,tables,9.553,toy,10.303,shoe,10.753,desks,11.353,blue,12.103,shoe,12.553
m_speech__ild_0__itd_500__targ_r__control_0,2,Target,chairs,3.0,desks,2.953,white,4.0,sock,4.0,blue,5.0,card,6.0,chairs,5.953,bag,6.553,glove,7.0,white,8.0,chairs,9.0,shoe,8.953,spoons,10.0,pen,10.0,chairs,11.0,desks,11.353,tables,12.0,shoe,12.553
m_speech__ild_0__itd_500__targ_r__control_0,2,Masker,hat,2.353,tables,3.103,toy,3.553,chairs,4.153,sock,4.753,desks,5.353,toy,6.103,spoons,6.703,card,7.153,tables,7.753,blue,8.353,chairs,9.103,hat,9.553,chairs,10.153,toy,10.753,chairs,11.503,hat,11.953,white,12.703
m_speech__ild_0__itd_500__targ_r__control_0,3,Target,toy,2.353,pen,3.0,spoons,3.553,chairs,4.0,bag,5.0,card,5.353,bag,5.953,toy,6.553,white,7.153,shoe,8.0,tables,9.0,white,8.953,bag,9.553,bag,10.0,spoons,11.0,card,12.0,blue,12.0,tables,12.553
m_speech__ild_0__itd_500__targ_r__control_0,3,Masker,bag,2.503,card,2.953,hat,3.703,bag,4.153,bag,4.753,sock,5.503,chairs,6.103,chairs,6.703,sock,7.303,glove,7.753,blue,8.353,tables,9.103,green,9.703,white,10.153,white,10.753,bag,11.353,bag,11.953,glove,12.703
m_noise__ild_0__itd_500__targ_l__control_0,0,Target,tables,2.807,red,4.0,tables,4.007,red,5.0,chairs,5.0,hat,5.807,chairs,6.407,sock,7.0,shoe,8.0,pen,8.0,green,9.0,sock,10.0,chairs,10.007,chairs,10.607,shoe,11.207,sock,11.807,chairs,13.0,sock,13.0
m_noise__ild_0__itd_500__targ_l__control_0,0,Masker,noise,2.957,noise,3.407,noise,4.157,noise,4.607,noise,5.207,noise,5.957,noise,6.557,noise,7.007,noise,7.607,noise,8.207,noise,8.807,noise,9.407,noise,10.157,noise,10.757,noise,11.357,noise,11.957,noise,12.407,noise,13.007
m_noise__ild_0__itd_500__targ_l__control_0,1,Target,card,3.0,tables,4.0,blue,4.007,toy,4.607,tables,5.0,glove,6.0,toy,7.0,card,7.007,glove,8.0,chairs,8.207,bag,8.807,toy,9.407,tables,10.0,blue,11.0,spoons,11.0,glove,11.807,red,12.407,pen,13.0
m_noise__ild_0__itd_500__targ_l__control_0,1,Masker,noise,2.807,noise,3.407,noise,4.157,noise,4.757,noise,5.207,noise,5.807,noise,6.407,noise,7.157,noise,7.607,noise,8.357,noise,8.957,noise,9.557,noise,10.007,noise,10.607,noise,11.207,noise,11.957,noise,12.557,noise,13.007
m_noise__ild_0__itd_500__targ_l__control_0,2,Target,card,2.807,toy,3.407,white,4.007,chairs,5.0,bag,5.0,bag,6.0,bag,7.0,desks,7.007,red,7.607,glove,8.0,card,9.0,spoons,9.407,pen,10.007,sock,10.607,card,11.0,bag,11.807,blue,12.407,desks,13.0
m_noise__ild_0__itd_500__targ_l__control_0,2,Masker,noise,2.957,noise,3.557,noise,4.157,noise,4.607,noise,5.207,noise,5.807,noise,6.407,noise,7.157,noise,7.757,noise,8.207,noise,8.807,noise,9.557,noise,10.157,noise,10.757,noise,11.207,noise,11.957,noise,12.557,noise,13.007
m_noise__ild_0__itd_500__targ_l__control_0,3,Target,hat,2.807,spoons,4.0,sock,4.0,tables,5.0,bag,5.0,glove,6.0,toy,7.0,sock,7.0,card,7.607,toy,8.0,chairs,9.0,red,10.0,green,10.007,pen,10.607,tables,11.207,desks,12.0,card,12.407,spoons,13.007
m_noise__ild_0__itd_500__targ_l__control_0,3,Masker,noise,2.957,noise,3.407,noise,4.007,noise,4.607,noise,5.207,noise,5.807,noise,6.407,noise,7.007,noise,7.757,noise,8.207,noise,8.807,noise,9.407,noise,10.157,noise,10.757,noise,11.357,noise,11.807,noise,12.557,noise,13.157
m_noise__ild_0__itd_500__targ_r__control_0,0,Target,desks,2.379,card,3.0,spoons,4.0,white,4.0,red,5.0,shoe,6.0,card,6.0,pen,7.0,desks,7.179,shoe,8.0,desks,9.0,card,9.0,card,10.0,spoons,10.0,red,10.779,toy,12.0,pen,12.0,spoons,12.579
m_noise__ild_0__itd_500__targ_r__control_0,0,Masker,noise,2.529,noise,2.979,noise,3.579,noise,4.179,noise,4.779,noise,5.379,noise,5.979,noise,6.579,noise,7.329,noise,7.779,noise,8.379,noise,8.979,noise,9.579,noise,10.179,noise,10.929,noise,11.379,noise,11.979,noise,12.729
m_noise__ild_0__itd_500__targ_r__control_0,1,Target,white,3.0,sock,2.979,hat,4.0,blue,4.179,spoons,4.779,bag,6.0,bag,5.979,spoons,7.0,bag,7.0,bag,8.0,desks,9.0,toy,8.979,shoe,9.579,desks,10.0,toy,11.0,sock,11.379,hat,12.0,pen,12.579
m_noise__ild_0__itd_500__targ_r__control_0,1,Masker,noise,2.379,noise,3.129,noise,3.579,noise,4.329,noise,4.929,noise,5.379,noise,6.129,noise,6.579,noise,7.179,noise,7.779,noise,8.379,noise,9.129,noise,9.729,noise,10.179,noise,10.779,noise,11.529,noise,11.979,noise,12.729
m_noise__ild_0__itd_500__targ_r__control_0,2,Target,shoe,3.0,pen,2.979,card,3.579,sock,4.0,toy,5.0,glove,5.379,shoe,6.0,tables,7.0,spoons,7.0,bag,8.0,card,9.0,white,8.979,glove,9.579,toy,10.0,card,11.0,shoe,12.0,green,12.0,sock,13.0
m_noise__ild_0__itd_500__targ_r__control_0,2,Masker,noise,2.379,noise,3.129,noise,3.729,noise,4.179,noise,4.779,noise,5.529,noise,5.979,noise,6.579,noise,7.179,noise,7.779,noise,8.379,noise,9.129,noise,9.729,noise,10.179,noise,10.779,noise,11.379,noise,11.979,noise,12.579
m_noise__ild_0__itd_500__targ_r__control_0,3,Target,blue,2.379,red,3.0,green,4.0,white,4.0,spoons,5.0,spoons,6.0,bag,5.979,tables,6.579,shoe,7.179,glove,7.779,tables,9.0,desks,9.0,tables,10.0,pen,10.179,hat,11.0,pen,12.0,sock,12.0,card,13.0
m_noise__ild_0__itd_500__targ_r__control_0,3,Masker,noise,2.529,noise,2.979,noise,3.579,noise,4.179,noise,4.779,noise,5.379,noise,6.129,noise,6.729,noise,7.329,noise,7.929,noise,8.379,noise,8.979,noise,9.579,noise,10.329,noise,10.779,noise,11.379,noise,11.979,noise,12.579
m_speech__ild_10__itd_0__targ_l__control_0,0,Target,spoons,2.0,chairs,2.353,toy,2.953,spoons,3.553,desks,4.153,toy,5.0,card,5.353,glove,5.953,shoe,6.553,pen,7.0,spoons,8.0,sock,8.353,desks,8.953,spoons,9.553,chairs,10.153,white,11.0,pen,12.0,blue,11.953
m_speech__ild_10__itd_0__targ_l__control_0,0,Masker,toy,1.753,spoons,2.503,green,3.103,blue,3.703,desks,4.303,sock,4.753,glove,5.503,toy,6.103,tables,6.703,spoons,7.153,desks,7.753,bag,8.503,sock,9.103,sock,9.703,blue,10.303,shoe,10.753,spoons,11.353,shoe,12.103
m_speech__ild_10__itd_0__targ_l__control_0,1,Target,toy,2.0,blue,3.0,chairs,2.953,chairs,3.553,toy,4.0,glove,5.0,chairs,6.0,sock,6.0,card,6.553,shoe,7.153,bag,8.0,red,9.0,chairs,8.953,sock,9.553,pen,10.153,hat,10.753,spoons,11.353,chairs,11.953
m_speech__ild_10__itd_0__targ_l__control_0,1,Masker,spoons,1.753,chairs,2.353,red,3.103,hat,3.703,desks,4.153,red,4.753,chairs,5.353,bag,5.953,toy,6.703,pen,7.303,toy,7.753,pen,8.353,tables,9.103,card,9.703,shoe,10.303,glove,10.903,shoe,11.503,shoe,12.103
m_speech__ild_10__itd_0__targ_l__control_0,2,Target,chairs,2.0,pen,2.353,glove,2.953,card,3.553,green,4.153,shoe,4.753,pen,5.353,green,6.0,bag,7.0,chairs,7.153,card,7.753,pen,8.353,hat,9.0,shoe,9.553,desks,10.153,hat,10.753,card,12.0,hat,12.0
m_speech__ild_10__itd_0__targ_l__control_0,2,Masker,red,1.753,hat,2.503,spoons,3.103,white,3.703,hat,4.303,desks,4.903,white,5.503,sock,5.953,shoe,6.553,desks,7.303,sock,7.903,desks,8.503,shoe,8.953,shoe,9.703,shoe,10.303,shoe,10.903,shoe,11.353,hat,11.953
m_speech__ild_10__itd_0__targ_l__control_0,3,Target,hat,2.0,green,3.0,toy,2.953,bag,3.553,blue,4.153,card,4.753,bag,6.0,green,6.0,desks,7.0,tables,7.0,sock,8.0,glove,8.353,toy,8.953,bag,9.553,card,10.0,shoe,10.753,blue,12.0,bag,11.953
m_speech__ild_10__itd_0__targ_l__control_0,3,Masker,hat,1.753,chairs,2.353,white,3.103,bag,3.703,chairs,4.303,glove,4.903,toy,5.353,pen,5.953,green,6.553,bag,7.153,card,7.753,card,8.503,tables,9.103,glove,9.703,blue,10.153,bag,10.903,toy,11.353,red,12.103
m_speech__ild_10__itd_0__targ_r__control_0,0,Target,sock,2.0,toy,2.222,card,3.0,desks,4.0,red,4.022,toy,4.622,shoe,5.0,toy,6.0,sock,6.422,tables,7.022,bag,7.622,white,8.222,toy,9.0,card,10.0,hat,10.022,glove,10.622,spoons,11.222,sock,12.0
m_speech__ild_10__itd_0__targ_r__control_0,0,Masker,desks,1.622,pen,2.372,shoe,2.822,white,3.422,chairs,4.172,blue,4.772,desks,5.222,sock,5.822,desks,6.572,sock,7.172,desks,7.772,sock,8.372,white,8.822,hat,9.422,sock,10.172,shoe,10.772,chairs,11.372,desks,11.822
m_speech__ild_10__itd_0__targ_r__control_0,1,Target,spoons,2.0,desks,2.0,desks,3.0,chairs,4.0,card,4.0,green,4.622,glove,5.222,bag,6.0,toy,7.0,spoons,7.022,chairs,7.622,card,8.0,desks,9.0,green,9.422,shoe,10.022,tables,11.0,bag,11.0,spoons,11.822
m_speech__ild_10__itd_0__targ_r__control_0,1,Masker,tables,1.622,tables,2.222,shoe,2.822,shoe,3.422,green,4.022,tables,4.772,toy,5.372,tables,5.822,red,6.422,shoe,7.172,toy,7.772,pen,8.222,toy,8.822,chairs,9.572,desks,10.172,hat,10.622,red,11.222,desks,11.972
m_speech__ild_10__itd_0__targ_r__control_0,2,Target,spoons,2.0,desks,2.0,tables,3.0,sock,4.0,chairs,4.022,hat,4.622,bag,5.0,card,5.822,sock,7.0,desks,7.0,tables,8.0,chairs,8.0,green,9.0,desks,10.0,sock,10.0,green,11.0,chairs,11.0,sock,11.822
m_speech__ild_10__itd_0__targ_r__control_0,2,Masker,desks,1.622,toy,2.222,red,2.822,green,3.422,bag,4.172,desks,4.772,sock,5.222,white,5.972,desks,6.422,glove,7.022,white,7.622,pen,8.222,tables,8.822,pen,9.422,tables,10.022,tables,10.622,sock,11.222,toy,11.972
m_speech__ild_10__itd_0__targ_r__control_0,3,Target,pen,1.622,glove,2.0,tables,3.0,bag,3.422,tables,4.022,bag,5.0,pen,5.222,white,5.822,pen,7.0,card,7.0,glove,7.622,sock,8.0,white,9.0,desks,10.0,tables,10.022,chairs,10.622,pen,11.0,glove,11.822
m_speech__ild_10__itd_0__targ_r__control_0,3,Masker,chairs,1.772,glove,2.222,chairs,2.822,desks,3.572,pen,4.172,spoons,4.622,pen,5.372,card,5.972,tables,6.422,shoe,7.022,white,7.772,chairs,8.222,glove,8.822,white,9.422,spoons,10.172,spoons,10.772,card,11.222,pen,11.972
m_noise__ild_10__itd_0__targ_l__control_0,0,Target,shoe,2.0,chairs,3.0,desks,3.515,sock,4.0,glove,5.0,toy,5.0,shoe,6.0,blue,6.515,toy,7.115,sock,8.0,hat,8.315,card,8.915,bag,9.515,spoons,10.0,chairs,10.715,pen,11.315,spoons,12.0,blue,12.515
m_noise__ild_10__itd_0__targ_l__control_0,0,Masker,noise,2.315,noise,2.915,noise,3.665,noise,4.115,noise,4.715,noise,5.315,noise,5.915,noise,6.665,noise,7.265,noise,7.715,noise,8.465,noise,9.065,noise,9.665,noise,10.115,noise,10.865,noise,11.465,noise,11.915,noise,12.665
m_noise__ild_10__itd_0__targ_l__control_0,1,Target,sock,2.0,card,3.0,hat,4.0,white,4.115,card,4.715,green,5.315,sock,5.915,desks,7.0,chairs,7.115,blue,7.715,tables,8.0,green,8.915,desks,10.0,hat,10.115,spoons,10.715,bag,11.0,card,11.915,chairs,12.515
m_noise__ild_10__itd_0__targ_l__control_0,1,Masker,noise,2.315,noise,2.915,noise,3.515,noise,4.265,noise,4.865,noise,5.465,noise,6.065,noise,6.515,noise,7.265,noise,7.865,noise,8.315,noise,9.065,noise,9.515,noise,10.265,noise,10.865,noise,11.315,noise,12.065,noise,12.665
m_noise__ild_10__itd_0__targ_l__control_0,2,Target,chairs,2.315,card,2.915,tables,4.0,shoe,4.115,blue,4.715,shoe,5.0,desks,5.915,shoe,7.0,tables,7.115,chairs,8.0,bag,8.315,spoons,8.915,pen,9.515,tables,10.115,spoons,10.715,chairs,11.315,blue,12.0,desks,12.515
m_noise__ild_10__itd_0__targ_l__control_0,2,Masker,noise,2.465,noise,3.065,noise,3.515,noise,4.265,noise,4.865,noise,5.315,noise,6.065,noise,6.515,noise,7.265,noise,7.715,noise,8.465,noise,9.065,noise,9.665,noise,10.265,noise,10.865,noise,11.465,noise,11.915,noise,12.665
m_noise__ild_10__itd_0__targ_l__control_0,3,Target,card,2.0,shoe,3.0,bag,3.515,pen,4.115,sock,5.0,blue,5.0,bag,5.915,shoe,6.515,spoons,7.0,pen,8.0,bag,8.315,hat,9.0,red,9.515,desks,10.0,blue,11.0,shoe,11.315,toy,11.915,spoons,12.515
m_noise__ild_10__itd_0__targ_l__control_0,3,Masker,noise,2.315,noise,2.915,noise,3.665,noise,4.265,noise,4.715,noise,5.315,noise,6.065,noise,6.665,noise,7.115,noise,7.715,noise,8.465,noise,8.915,noise,9.665,noise,10.115,noise,10.715,noise,11.465,noise,12.065,noise,12.665
m_noise__ild_10__itd_0__targ_r__control_0,0,Target,toy,1.0,card,1.667,bag,2.0,hat,3.0,blue,4.0,white,4.067,hat,5.0,desks,5.0,spoons,6.0,tables,7.0,green,7.067,sock,7.667,bag,8.0,card,9.0,hat,10.0,card,10.067,chairs,10.667,card,11.0
m_noise__ild_10__itd_0__targ_r__control_0,0,Masker,noise,1.067,noise,1.817,noise,2.267,noise,2.867,noise,3.467,noise,4.217,noise,4.667,noise,5.267,noise,5.867,noise,6.467,noise,7.217,noise,7.817,noise,8.267,noise,8.867,noise,9.467,noise,10.217,noise,10.817,noise,11.267
m_noise__ild_10__itd_0__targ_r__control_0,1,Target,tables,1.067,hat,1.667,bag,2.0,shoe,3.0,blue,4.0,glove,4.067,sock,5.0,white,5.0,chairs,5.867,shoe,7.0,desks,7.067,card,7.667,shoe,8.0,sock,9.0,shoe,9.467,chairs,10.067,spoons,10.667,sock,11.0
m_noise__ild_10__itd_0__targ_r__control_0,1,Masker,noise,1.217,noise,1.817,noise,2.267,noise,2.867,noise,3.467,noise,4.217,noise,4.667,noise,5.267,noise,6.017,noise,6.467,noise,7.217,noise,7.817,noise,8.267,noise,8.867,noise,9.617,noise,10.217,noise,10.817,noise,11.267
m_noise__ild_10__itd_0__targ_r__control_0,2,Target,hat,1.067,red,2.0,spoons,2.0,blue,3.0,hat,3.467,toy,4.0,sock,4.667,desks,5.267,pen,6.0,white,7.0,green,7.0,spoons,8.0,spoons,8.0,hat,8.867,tables,9.467,desks,10.067,shoe,10.667,bag,11.267
m_noise__ild_10__itd_0__targ_r__control_0,2,Masker,noise,1.217,noise,1.667,noise,2.267,noise,2.867,noise,3.617,noise,4.067,noise,4.817,noise,5.417,noise,5.867,noise,6.467,noise,7.067,noise,7.667,noise,8.267,noise,9.017,noise,9.617,noise,10.217,noise,10.817,noise,11.417
m_noise__ild_10__itd_0__targ_r__control_0,3,Target,sock,1.067,white,1.667,red,2.267,card,2.867,spoons,4.0,shoe,4.0,spoons,5.0,shoe,5.267,bag,6.0,sock,7.0,hat,7.0,green,8.0,sock,8.267,spoons,9.0,toy,10.0,desks,10.0,pen,11.0,chairs,11.267
m_noise__ild_10__itd_0__targ_r__control_0,3,Masker,noise,1.217,noise,1.817,noise,2.417,noise,3.017,noise,3.467,noise,4.067,noise,4.667,noise,5.417,noise,5.867,noise,6.467,noise,7.067,noise,7.667,noise,8.417,noise,8.867,noise,9.467,noise,10.067,noise,10.667,noise,11.417
m_speech__ild_70n__itd_0__targ_l__control_0,0,Target,tables,1.819,bag,3.0,tables,3.019,spoons,3.619,blue,4.0,shoe,5.0,glove,6.0,spoons,6.019,spoons,7.0,chairs,7.0,tables,7.819,card,9.0,tables,9.019,green,9.619,hat,10.219,toy,10.819,bag,12.0,blue,12.019
m_speech__ild_70n__itd_0__targ_l__control_0,0,Masker,pen,1.969,hat,2.419,chairs,3.169,bag,3.769,glove,4.219,bag,4.819,tables,5.419,green,6.169,sock,6.619,hat,7.219,tables,7.969,sock,8.419,green,9.169,chairs,9.769,card,10.369,red,10.969,hat,11.419,glove,12.169
m_speech__ild_70n__itd_0__targ_l__control_0,1,Target,glove,2.0,spoons,2.419,hat,3.019,tables,3.619,toy,4.219,toy,5.0,bag,5.419,bag,6.0,toy,7.0,tables,7.0,toy,8.0,tables,8.419,shoe,9.0,spoons,10.0,red,10.219,white,11.0,desks,12.0,hat,12.019
m_speech__ild_70n__itd_0__targ_l__control_0,1,Masker,spoons,1.819,white,2.569,hat,3.169,hat,3.769,green,4.369,pen,4.819,shoe,5.569,glove,6.019,tables,6.619,spoons,7.219,blue,7.819,card,8.569,tables,9.019,white,9.619,shoe,10.369,glove,10.819,card,11.419,spoons,12.169
m_speech__ild_70n__itd_0__targ_l__control_0,2,Target,bag,1.819,desks,2.419,hat,3.0,card,4.0,desks,4.219,green,5.0,sock,6.0,blue,6.019,blue,6.619,spoons,7.219,spoons,7.819,tables,8.419,red,9.0,spoons,9.619,toy,10.0,card,10.819,shoe,12.0,glove,12.019
m_speech__ild_70n__itd_0__targ_l__control_0,2,Masker,spoons,1.969,bag,2.569,spoons,3.019,tables,3.619,pen,4.369,spoons,4.819,green,5.419,shoe,6.169,chairs,6.769,sock,7.369,sock,7.969,red,8.569,spoons,9.019,sock,9.769,shoe,10.219,blue,10.969,chairs,11.419,white,12.169
m_speech__ild_70n__itd_0__targ_l__control_0,3,Target,spoons,1.819,pen,3.0,red,3.0,toy,4.0,tables,4.219,desks,4.819,pen,5.419,spoons,6.019,sock,7.0,spoons,7.0,chairs,7.819,bag,9.0,green,9.019,desks,9.619,toy,10.219,chairs,11.0,tables,12.0,card,12.019
m_speech__ild_70n__itd_0__targ_l__control_0,3,Masker,tables,1.969,red,2.419,desks,3.019,hat,3.619,spoons,4.369,bag,4.969,toy,5.569,pen,6.169,tables,6.619,sock,7.219,red,7.969,glove,8.419,tables,9.169,shoe,9.769,spoons,10.369,glove,10.819,bag,11.419,spoons,12.169
m_speech__ild_70n__itd_0__targ_r__control_0,0,Target,white,3.0,card,3.0,hat,4.0,sock,4.0,red,4.865,hat,6.0,card,6.065,blue,6.665,spoons,7.265,pen,7.865,sock,9.0,desks,9.065,bag,10.0,hat,10.265,desks,10.865,chairs,11.465,bag,12.065,red,13.0
m_speech__ild_70n__itd_0__targ_r__control_0,0,Masker,bag,2.465,bag,3.065,pen,3.665,blue,4.265,toy,5.015,shoe,5.465,chairs,6.215,glove,6.815,tables,7.415,sock,8.015,spoons,8.465,desks,9.215,red,9.665,hat,10.415,spoons,11.015,blue,11.615,red,12.215,hat,12.665
m_speech__ild_70n__itd_0__targ_r__control_0,1,Target,sock,2.465,hat,3.065,pen,3.665,desks,4.265,bag,5.0,hat,5.465,pen,6.065,chairs,7.0,white,7.265,card,8.0,toy,9.0,sock,9.0,red,10.0,sock,10.0,blue,11.0,red,11.465,sock,12.0,desks,13.0
m_speech__ild_70n__itd_0__targ_r__control_0,1,Masker,chairs,2.615,spoons,3.215,red,3.815,toy,4.415,pen,4.865,pen,5.615,sock,6.215,red,6.665,bag,7.415,bag,7.865,spoons,8.465,tables,9.065,spoons,9.665,red,10.265,chairs,10.865,glove,11.615,desks,12.065,bag,12.665
m_speech__ild_70n__itd_0__targ_r__control_0,2,Target,desks,3.0,card,3.0,bag,3.665,shoe,4.265,pen,5.0,hat,5.465,blue,6.0,green,6.665,white,7.0,pen,8.0,sock,9.0,pen,9.0,card,10.0,toy,10.0,bag,10.865,bag,11.465,chairs,12.065,bag,13.0
m_speech__ild_70n__itd_0__targ_r__control_0,2,Masker,red,2.465,red,3.065,toy,3.815,bag,4.415,tables,4.865,tables,5.615,card,6.065,pen,6.815,shoe,7.265,blue,7.865,bag,8.465,tables,9.065,shoe,9.665,shoe,10.265,glove,11.015,toy,11.615,card,12.215,red,12.665
m_speech__ild_70n__itd_0__targ_r__control_0,3,Target,toy,3.0,bag,3.065,bag,4.0,sock,4.0,shoe,4.865,tables,6.0,desks,6.065,card,7.0,blue,7.0,hat,7.865,shoe,9.0,chairs,9.0,white,9.665,chairs,10.265,bag,10.865,chairs,12.0,red,12.065,desks,12.665
m_speech__ild_70n__itd_0__targ_r__control_0,3,Masker,card,2.465,green,3.215,card,3.665,toy,4.265,hat,5.015,bag,5.465,card,6.215,card,6.665,sock,7.265,white,8.015,hat,8.465,shoe,9.065,card,9.815,spoons,10.415,card,11.015,pen,11.465,chairs,12.215,white,12.815
m_noise__ild_70n__itd_0__targ_l__control_0,0,Target,hat,1.265,card,2.0,chairs,3.0,hat,3.0,tables,4.0,blue,4.0,desks,5.0,sock,5.465,hat,6.065,hat,6.665,blue,7.265,spoons,7.865,desks,8.465,spoons,9.0,bag,10.0,white,10.265,shoe,10.865,toy,11.465
m_noise__ild_70n__itd_0__targ_l__control_0,0,Masker,noise,1.415,noise,1.865,noise,2.465,noise,3.065,noise,3.665,noise,4.265,noise,4.865,noise,5.615,noise,6.215,noise,6.815,noise,7.415,noise,8.015,noise,8.615,noise,9.065,noise,9.665,noise,10.415,noise,11.015,noise,11.615
m_noise__ild_70n__itd_0__targ_l__control_0,1,Target,card,1.0,green,1.865,tables,3.0,blue,3.0,spoons,3.665,glove,4.265,spoons,4.865,card,6.0,card,6.065,spoons,6.665,glove,7.265,toy,8.0,card,9.0,spoons,9.065,desks,9.665,pen,10.0,shoe,11.0,green,11.465
m_noise__ild_70n__itd_0__targ_l__control_0,1,Masker,noise,1.265,noise,2.015,noise,2.465,noise,3.065,noise,3.815,noise,4.415,noise,5.015,noise,5.465,noise,6.215,noise,6.815,noise,7.415,noise,7.865,noise,8.465,noise,9.215,noise,9.815,noise,10.265,noise,10.865,noise,11.615
m_noise__ild_70n__itd_0__targ_l__control_0,2,Target,pen,1.0,bag,1.865,shoe,3.0,card,3.065,desks,3.665,toy,4.0,shoe,5.0,white,5.465,shoe,6.0,tables,7.0,white,7.0,toy,7.865,desks,9.0,tables,9.0,spoons,9.665,toy,10.265,tables,11.0,chairs,11.465
m_noise__ild_70n__itd_0__targ_l__control_0,2,Masker,noise,1.265,noise,2.015,noise,2.465,noise,3.215,noise,3.815,noise,4.265,noise,4.865,noise,5.615,noise,6.065,noise,6.665,noise,7.265,noise,8.015,noise,8.465,noise,9.065,noise,9.815,noise,10.415,noise,10.865,noise,11.615
m_noise__ild_70n__itd_0__targ_l__control_0,3,Target,chairs,1.0,white,1.865,shoe,3.0,white,3.0,card,3.665,chairs,4.0,card,4.865,desks,6.0,blue,6.065,green,6.665,glove,7.265,hat,8.0,toy,9.0,card,9.0,pen,10.0,hat,10.265,chairs,10.865,card,11.465
m_noise__ild_70n__itd_0__targ_l__control_0,3,Masker,noise,1.265,noise,2.015,noise,2.465,noise,3.065,noise,3.815,noise,4.265,noise,5.015,noise,5.465,noise,6.215,noise,6.815,noise,7.415,noise,7.865,noise,8.465,noise,9.065,noise,9.665,noise,10.415,noise,11.015,noise,11.615
m_noise__ild_70n__itd_0__targ_r__control_0,0,Target,toy,1.586,toy,2.186,sock,2.786,spoons,3.386,hat,4.0,glove,5.0,toy,5.186,green,5.786,spoons,6.386,toy,7.0,chairs,7.586,spoons,8.186,red,9.0,white,10.0,red,9.986,glove,11.0,toy,11.0,sock,12.0
m_noise__ild_70n__itd_0__targ_r__control_0,0,Masker,noise,1.736,noise,2.336,noise,2.936,noise,3.536,noise,3.986,noise,4.586,noise,5.336,noise,5.936,noise,6.536,noise,6.986,noise,7.736,noise,8.336,noise,8.786,noise,9.386,noise,10.136,noise,10.586,noise,11.186,noise,11.786
m_noise__ild_70n__itd_0__targ_r__control_0,1,Target,tables,1.586,red,2.0,shoe,2.786,green,3.386,desks,4.0,pen,4.586,white,5.186,spoons,6.0,blue,6.386,pen,6.986,pen,7.586,spoons,8.186,chairs,9.0,hat,10.0,toy,9.986,glove,10.586,tables,11.186,glove,11.786
m_noise__ild_70n__itd_0__targ_r__control_0,1,Masker,noise,1.736,noise,2.186,noise,2.936,noise,3.536,noise,3.986,noise,4.736,noise,5.336,noise,5.786,noise,6.536,noise,7.136,noise,7.736,noise,8.336,noise,8.786,noise,9.386,noise,10.136,noise,10.736,noise,11.336,noise,11.936
m_noise__ild_70n__itd_0__targ_r__control_0,2,Target,toy,1.586,red,2.186,hat,3.0,desks,4.0,toy,3.986,white,5.0,tables,5.0,sock,5.786,sock,7.0,spoons,6.986,toy,8.0,pen,8.0,tables,9.0,white,10.0,blue,10.0,spoons,10.586,sock,11.186,shoe,11.786
m_noise__ild_70n__itd_0__targ_r__control_0,2,Masker,noise,1.736,noise,2.336,noise,2.786,noise,3.386,noise,4.136,noise,4.586,noise,5.186,noise,5.936,noise,6.386,noise,7.136,noise,7.586,noise,8.186,noise,8.786,noise,9.386,noise,9.986,noise,10.736,noise,11.336,noise,11.936
m_noise__ild_70n__itd_0__targ_r__control_0,3,Target,chairs,2.0,tables,2.0,toy,2.786,hat,4.0,toy,3.986,spoons,5.0,shoe,5.0,white,6.0,tables,6.386,hat,7.0,toy,8.0,blue,8.0,toy,9.0,spoons,10.0,pen,9.986,toy,11.0,card,11.186,shoe,12.0
m_noise__ild_70n__itd_0__targ_r__control_0,3,Masker,noise,1.586,noise,2.186,noise,2.936,noise,3.386,noise,4.136,noise,4.586,noise,5.186,noise,5.786,noise,6.536,noise,6.986,noise,7.586,noise,8.186,noise,8.786,noise,9.386,noise,10.136,noise,10.586,noise,11.336,noise,11.786
m_speech__ild_0__itd_500__targ_l__control_1,0,Target,glove,1.805,toy,2.405,bag,3.0,toy,3.605,red,4.0,bag,4.805,toy,6.0,hat,6.0,red,6.605,card,7.205,glove,7.805,shoe,9.0,bag,9.0,sock,10.0,glove,10.0,spoons,10.805,tables,12.0,tables,12.005
m_speech__ild_0__itd_500__targ_l__control_1,0,Masker,glove,1.955,glove,2.555,desks,3.005,glove,3.755,shoe,4.205,bag,4.955,red,5.405,bag,6.005,pen,6.755,chairs,7.355,green,7.955,toy,8.405,glove,9.005,card,9.605,blue,10.205,red,10.955,toy,11.405,toy,12.155
m_speech__ild_0__itd_500__targ_l__control_1,1,Target,tables,2.0,card,3.0,pen,3.0,card,3.605,desks,4.205,glove,5.0,spoons,5.405,tables,6.005,desks,7.0,card,7.205,shoe,8.0,sock,9.0,hat,9.005,green,9.605,red,10.0,card,10.805,spoons,12.0,desks,12.0
m_speech__ild_0__itd_500__targ_l__control_1,1,Masker,desks,1.805,glove,2.405,spoons,3.005,card,3.755,white,4.355,hat,4.805,desks,5.555,spoons,6.155,tables,6.605,spoons,7.355,card,7.805,spoons,8.405,sock,9.155,desks,9.755,pen,10.205,glove,10.955,shoe,11.405,blue,12.005
m_speech__ild_0__itd_500__targ_l__control_1,2,Target,bag,1.805,green,2.405,tables,3.005,spoons,4.0,pen,4.0,sock,4.805,chairs,5.405,bag,6.005,bag,7.0,white,7.205,green,8.0,pen,8.405,card,9.0,desks,10.0,spoons,10.0,green,11.0,toy,12.0,card,12.0
m_speech__ild_0__itd_500__targ_l__control_1,2,Masker,desks,1.955,chairs,2.555,sock,3.155,pen,3.605,glove,4.205,tables,4.955,desks,5.555,toy,6.155,desks,6.605,glove,7.355,card,7.805,blue,8.555,pen,9.005,bag,9.605,bag,10.205,chairs,10.805,green,11.405,green,12.005
m_speech__ild_0__itd_500__targ_l__control_1,3,Target,toy,1.805,chairs,2.405,white,3.005,tables,4.0,tables,4.205,spoons,4.805,chairs,6.0,green,6.0,chairs,6.605,tables,7.0,spoons,8.0,hat,8.405,desks,9.005,bag,9.605,green,10.0,hat,11.0,card,11.405,white,12.005
m_speech__ild_0__itd_500__targ_l__control_1,3,Masker,blue,1.955,shoe,2.555,spoons,3.155,toy,3.605,desks,4.355,glove,4.955,green,5.405,toy,6.005,sock,6.755,desks,7.205,desks,7.805,tables,8.555,red,9.155,pen,9.755,desks,10.205,glove,10.805,chairs,11.555,toy,12.155
m_speech__ild_0__itd_500__targ_r__control_1,0,Target,hat,2.0,tables,2.0,hat,3.0,desks,3.379,chairs,3.979,spoons,5.0,sock,5.179,green,6.0,pen,6.379,sock,6.979,bag,8.0,glove,8.0,spoons,9.0,card,10.0,toy,9.979,toy,11.0,toy,11.179,green,11.779
m_speech__ild_0__itd_500__targ_r__control_1,0,Masker,desks,1.579,glove,2.179,pen,2.779,bag,3.529,red,4.129,blue,4.579,green,5.329,chairs,5.779,bag,6.529,spoons,7.129,desks,7.579,chairs,8.179,shoe,8.779,toy,9.379,chairs,10.129,desks,10.579,spoons,11.329,desks,11.929
m_speech__ild_0__itd_500__targ_r__control_1,1,Target,toy,1.579,tables,2.0,bag,2.779,spoons,3.379,glove,3.979,red,4.579,bag,5.179,shoe,6.0,tables,6.379,white,7.0,tables,7.579,sock,8.0,tables,9.0,card,10.0,spoons,10.0,pen,11.0,toy,11.179,shoe,11.779
m_speech__ild_0__itd_500__targ_r__control_1,1,Masker,pen,1.729,spoons,2.179,glove,2.929,tables,3.529,card,4.129,spoons,4.729,tables,5.329,spoons,5.779,bag,6.529,sock,6.979,card,7.729,red,8.179,white,8.779,hat,9.379,red,9.979,tables,10.579,glove,11.329,bag,11.929
m_speech__ild_0__itd_500__targ_r__control_1,2,Target,pen,1.579,hat,2.179,toy,2.779,desks,4.0,hat,3.979,hat,5.0,red,5.179,desks,6.0,green,6.379,glove,6.979,chairs,7.579,tables,8.0,bag,9.0,card,9.379,pen,9.979,chairs,11.0,toy,11.179,toy,12.0
m_speech__ild_0__itd_500__targ_r__control_1,2,Masker,toy,1.729,chairs,2.329,shoe,2.929,spoons,3.379,sock,4.129,white,4.579,spoons,5.329,hat,5.779,tables,6.529,hat,7.129,spoons,7.729,white,8.179,toy,8.779,blue,9.529,sock,10.129,toy,10.579,bag,11.329,chairs,11.779
m_speech__ild_0__itd_500__targ_r__control_1,3,Target,blue,2.0,pen,2.179,shoe,3.0,glove,4.0,card,4.0,bag,4.579,hat,5.0,bag,5.779,chairs,7.0,blue,7.0,hat,8.0,chairs,8.0,chairs,8.779,white,9.379,hat,10.0,spoons,10.579,white,11.179,shoe,11.779
m_speech__ild_0__itd_500__targ_r__control_1,3,Masker,pen,1.579,glove,2.329,pen,2.779,blue,3.379,desks,3.979,glove,4.729,tables,5.179,red,5.929,sock,6.379,bag,6.979,pen,7.579,bag,8.179,green,8.929,pen,9.529,spoons,9.979,chairs,10.729,chairs,11.329,glove,11.929
m_noise__ild_0__itd_500__targ_l__control_1,0,Target,sock,1.0,white,2.0,bag,2.0,glove,2.888,blue,4.0,sock,4.088,bag,5.0,glove,5.288,toy,5.888,card,6.488,glove,7.0,shoe,8.0,spoons,8.0,chairs,9.0,pen,9.488,toy,10.0,pen,10.688,green,11.288
m_noise__ild_0__itd_500__targ_l__control_1,0,Masker,noise,1.088,noise,1.688,noise,2.288,noise,3.038,noise,3.488,noise,4.238,noise,4.688,noise,5.438,noise,6.038,noise,6.638,noise,7.088,noise,7.688,noise,8.288,noise,8.888,noise,9.638,noise,10.088,noise,10.838,noise,11.438
m_noise__ild_0__itd_500__targ_l__control_1,1,Target,shoe,1.088,chairs,1.688,pen,2.288,blue,3.0,sock,4.0,red,4.088,glove,5.0,desks,5.0,tables,6.0,desks,7.0,tables,7.088,pen,8.0,shoe,8.288,blue,9.0,chairs,10.0,glove,10.088,green,10.688,toy,11.288
m_noise__ild_0__itd_500__targ_l__control_1,1,Masker,noise,1.238,noise,1.838,noise,2.438,noise,2.888,noise,3.488,noise,4.238,noise,4.688,noise,5.288,noise,5.888,noise,6.488,noise,7.238,noise,7.688,noise,8.438,noise,8.888,noise,9.488,noise,10.238,noise,10.838,noise,11.438
m_noise__ild_0__itd_500__targ_l__control_1,2,Target,spoons,1.0,bag,2.0,card,2.0,desks,3.0,red,3.488,card,4.088,hat,5.0,chairs,5.288,card,5.888,blue,6.488,shoe,7.0,desks,8.0,shoe,8.288,card,8.888,sock,9.488,white,10.0,chairs,10.688,green,11.288
m_noise__ild_0__itd_500__targ_l__control_1,2,Masker,noise,1.088,noise,1.688,noise,2.288,noise,2.888,noise,3.638,noise,4.238,noise,4.688,noise,5.438,noise,6.038,noise,6.638,noise,7.088,noise,7.688,noise,8.438,noise,9.038,noise,9.638,noise,10.088,noise,10.838,noise,11.438
m_noise__ild_0__itd_500__targ_l__control_1,3,Target,sock,1.088,card,1.688,shoe,2.0,blue,2.888,hat,3.488,bag,4.0,shoe,5.0,tables,5.0,bag,6.0,spoons,7.0,white,7.088,glove,8.0,glove,8.288,spoons,9.0,glove,10.0,chairs,10.0,sock,11.0,chairs,11.288
m_noise__ild_0__itd_500__targ_l__control_1,3,Masker,noise,1.238,noise,1.838,noise,2.288,noise,3.038,noise,3.638,noise,4.088,noise,4.688,noise,5.288,noise,5.888,noise,6.488,noise,7.238,noise,7.688,noise,8.438,noise,8.888,noise,9.488,noise,10.088,noise,10.688,noise,11.438
m_noise__ild_0__itd_500__targ_r__control_1,0,Target,chairs,3.0,shoe,3.095,desks,3.695,pen,4.295,hat,4.895,pen,5.495,card,6.095,bag,7.0,blue,7.0,tables,8.0,bag,9.0,shoe,9.0,blue,10.0,spoons,10.0,bag,11.0,bag,11.495,toy,12.095,bag,12.695
m_noise__ild_0__itd_500__targ_r__control_1,0,Masker,noise,2.495,noise,3.245,noise,3.845,noise,4.445,noise,5.045,noise,5.645,noise,6.245,noise,6.695,noise,7.295,noise,7.895,noise,8.495,noise,9.095,noise,9.695,noise,10.295,noise,10.895,noise,11.645,noise,12.245,noise,12.845
m_noise__ild_0__itd_500__targ_r__control_1,1,Target,tables,3.0,green,3.095,glove,3.695,tables,4.295,spoons,5.0,blue,6.0,glove,6.0,sock,6.695,glove,7.0,green,7.895,glove,8.495,tables,9.0,sock,10.0,blue,10.295,desks,10.895,pen,12.0,toy,12.095,sock,13.0
m_noise__ild_0__itd_500__targ_r__control_1,1,Masker,noise,2.495,noise,3.245,noise,3.845,noise,4.445,noise,4.895,noise,5.495,noise,6.095,noise,6.845,noise,7.295,noise,8.045,noise,8.645,noise,9.095,noise,9.695,noise,10.445,noise,11.045,noise,11.495,noise,12.245,noise,12.695
m_noise__ild_0__itd_500__targ_r__control_1,2,Target,shoe,2.495,red,3.095,card,3.695,chairs,4.295,glove,4.895,pen,6.0,red,6.0,glove,7.0,sock,7.295,shoe,7.895,green,9.0,desks,9.0,pen,10.0,card,10.295,bag,11.0,sock,12.0,sock,12.0,hat,13.0
m_noise__ild_0__itd_500__targ_r__control_1,2,Masker,noise,2.645,noise,3.245,noise,3.845,noise,4.445,noise,5.045,noise,5.495,noise,6.095,noise,6.695,noise,7.445,noise,8.045,noise,8.495,noise,9.095,noise,9.695,noise,10.445,noise,10.895,noise,11.495,noise,12.095,noise,12.695
m_noise__ild_0__itd_500__targ_r__control_1,3,Target,white,3.0,toy,3.095,spoons,3.695,chairs,4.0,glove,5.0,pen,6.0,red,6.095,pen,6.695,chairs,7.295,tables,8.0,sock,8.495,chairs,9.0,shoe,10.0,card,10.0,hat,11.0,card,11.495,toy,12.0,desks,13.0
m_noise__ild_0__itd_500__targ_r__control_1,3,Masker,noise,2.495,noise,3.245,noise,3.845,noise,4.295,noise,4.895,noise,5.495,noise,6.245,noise,6.845,noise,7.445,noise,7.895,noise,8.645,noise,9.095,noise,9.695,noise,10.295,noise,10.895,noise,11.645,noise,12.095,noise,12.695
