Condition,Run,Type,Word0,Time0,Word1,Time1,Word2,Time2,Word3,Time3,Word4,Time4,Word5,Time5,Word6,Time6,Word7,Time7,Word8,Time8,Word9,Time9,Word10,Time10,Word11,Time11,Word12,Time12,Word13,Time13,Word14,Time14,Word15,Time15,Word16,Time16,Word17,Time17
practice,0,Target,chairs,3.0,shoe,3.451,hat,4.051,toy,4.651,bag,5.251,card,5.851,bag,7.0,tables,7.051,chairs,7.651,green,8.251,glove,9.0,pen,10.0,toy,10.0,red,11.0,tables,11.251,glove,12.0,toy,12.451,spoons,13.051
practice,0,Masker,none,2.851,none,3.601,none,4.201,none,4.801,none,5.401,none,6.001,none,6.451,none,7.201,none,7.801,none,8.401,none,8.851,none,9.451,none,10.051,none,10.651,none,11.401,none,11.851,none,12.601,none,13.201
practice,1,Target,spoons,3.0,card,4.0,desks,4.051,pen,5.0,toy,5.0,card,5.851,tables,7.0,chairs,7.0,white,8.0,pen,8.0,card,9.0,blue,9.451,desks,10.0,chairs,11.0,card,11.0,bag,12.0,red,13.0,card,13.0
practice,1,Masker,none,2.851,none,3.451,none,4.201,none,4.651,none,5.251,none,6.001,none,6.451,none,7.051,none,7.651,none,8.251,none,8.851,none,9.601,none,10.051,none,10.651,none,11.251,none,11.851,none,12.451,none,13.051
practice,2,Target,sock,3.0,tables,4.0,sock,4.0,toy,4.651,hat,5.251,toy,5.851,red,7.0,shoe,7.0,toy,7.651,desks,8.251,desks,8.851,tables,10.0,desks,10.051,red,10.651,desks,11.251,desks,11.851,hat,12.451,tables,13.051
practice,2,Masker,none,2.851,none,3.451,none,4.051,none,4.801,none,5.401,none,6.001,none,6.451,none,7.051,none,7.801,none,8.401,none,9.001,none,9.451,none,10.201,none,10.801,none,11.401,none,12.001,none,12.601,none,13.201
practice,3,Target,hat,2.851,chairs,3.451,sock,4.0,hat,5.0,tables,5.251,toy,5.851,desks,7.0,pen,7.0,blue,7.651,white,8.251,bag,9.0,shoe,10.0,chairs,10.0,hat,10.651,chairs,11.251,chairs,11.851,green,13.0,spoons,13.051
practice,3,Masker,none,3.001,none,3.601,none,4.051,none,4.651,none,5.401,none,6.001,none,6.451,none,7.051,none,7.801,none,8.401,none,8.851,none,9.451,none,10.051,none,10.801,none,11.401,none,12.001,none,12.451,none,13.201
m_speech__ild_0__itd_50__targ_l,0,Target,tables,1.306,chairs,1.906,blue,3.0,pen,3.106,white,3.706,blue,4.0,pen,5.0,glove,5.506,pen,6.106,bag,6.706,tables,7.306,pen,8.0,hat,8.506,spoons,9.0,toy,10.0,pen,10.306,tables,10.906,green,11.506
m_speech__ild_0__itd_50__targ_l,0,Masker,desks,1.456,red,2.056,spoons,2.506,glove,3.256,chairs,3.856,card,4.306,tables,4.906,toy,5.656,tables,6.256,tables,6.856,blue,7.456,chairs,7.906,glove,8.656,card,9.106,toy,9.706,tables,10.456,chairs,11.056,tables,11.656
m_speech__ild_0__itd_50__targ_l,1,Target,pen,1.0,toy,1.906,toy,2.506,card,3.106,desks,4.0,sock,4.0,chairs,5.0,desks,5.506,white,6.0,white,7.0,bag,7.0,sock,7.906,bag,8.506,red,9.106,tables,10.0,toy,10.306,sock,11.0,tables,11.506
m_speech__ild_0__itd_50__targ_l,1,Masker,spoons,1.306,toy,2.056,bag,2.656,sock,3.256,hat,3.706,blue,4.306,sock,4.906,glove,5.656,tables,6.106,toy,6.706,green,7.306,shoe,8.056,blue,8.656,tables,9.256,pen,9.706,red,10.456,tables,10.906,toy,11.656
m_speech__ild_0__itd_50__targ_l,2,Target,white,1.0,pen,2.0,spoons,3.0,green,3.0,spoons,3.706,chairs,4.0,card,4.906,hat,5.506,bag,6.106,shoe,7.0,hat,7.0,bag,7.906,hat,8.506,hat,9.0,tables,9.706,red,10.0,bag,11.0,pen,11.506
m_speech__ild_0__itd_50__targ_l,2,Masker,hat,1.306,bag,1.906,desks,2.506,hat,3.106,pen,3.856,shoe,4.306,bag,5.056,red,5.656,green,6.256,green,6.706,hat,7.306,shoe,8.056,bag,8.656,red,9.106,bag,9.856,shoe,10.306,desks,10.906,spoons,11.656
m_speech__ild_0__itd_50__targ_l,3,Target,white,1.0,tables,1.906,blue,3.0,toy,3.106,tables,3.706,sock,4.306,tables,5.0,card,6.0,bag,6.0,hat,7.0,tables,7.306,red,8.0,pen,9.0,glove,9.0,toy,10.0,tables,10.0,glove,11.0,red,11.506
m_speech__ild_0__itd_50__targ_l,3,Masker,toy,1.306,tables,2.056,sock,2.506,green,3.256,pen,3.856,shoe,4.456,white,4.906,glove,5.506,sock,6.106,blue,6.706,red,7.456,tables,7.906,desks,8.506,toy,9.106,shoe,9.706,toy,10.306,hat,10.906,tables,11.656
m_speech__ild_0__itd_50__targ_r,0,Target,glove,3.0,white,3.0,shoe,3.739,desks,4.339,tables,5.0,green,5.539,shoe,6.0,glove,7.0,pen,7.0,red,7.939,hat,8.539,bag,9.0,chairs,10.0,sock,10.0,pen,10.939,hat,12.0,pen,12.0,desks,13.0
m_speech__ild_0__itd_50__targ_r,0,Masker,green,2.539,card,3.139,hat,3.889,shoe,4.489,blue,4.939,tables,5.689,blue,6.139,toy,6.739,spoons,7.339,card,8.089,sock,8.689,shoe,9.139,card,9.739,chairs,10.339,blue,11.089,glove,11.539,tables,12.139,glove,12.739
m_speech__ild_0__itd_50__targ_r,1,Target,spoons,3.0,spoons,3.0,hat,3.739,hat,4.339,toy,4.939,hat,6.0,bag,6.0,spoons,7.0,glove,7.339,red,7.939,glove,9.0,card,9.0,spoons,9.739,bag,10.0,card,10.939,sock,12.0,glove,12.139,blue,12.739
m_speech__ild_0__itd_50__targ_r,1,Masker,pen,2.539,desks,3.139,chairs,3.889,red,4.489,hat,5.089,bag,5.539,glove,6.139,toy,6.739,red,7.489,chairs,8.089,spoons,8.539,red,9.139,desks,9.889,spoons,10.339,sock,11.089,green,11.539,desks,12.289,hat,12.889
m_speech__ild_0__itd_50__targ_r,2,Target,shoe,3.0,white,3.0,toy,4.0,glove,4.0,blue,5.0,bag,6.0,shoe,6.139,card,7.0,hat,7.0,card,8.0,spoons,9.0,spoons,9.139,chairs,10.0,tables,10.0,shoe,11.0,glove,12.0,hat,12.0,spoons,13.0
m_speech__ild_0__itd_50__targ_r,2,Masker,spoons,2.539,spoons,3.139,desks,3.739,white,4.339,spoons,4.939,desks,5.539,spoons,6.289,bag,6.739,desks,7.339,desks,7.939,red,8.539,tables,9.289,toy,9.739,spoons,10.339,bag,10.939,tables,11.539,tables,12.139,tables,12.739
m_speech__ild_0__itd_50__targ_r,3,Target,shoe,2.539,shoe,3.139,tables,4.0,glove,4.339,sock,4.939,tables,5.539,blue,6.139,sock,6.739,card,7.0,bag,7.939,toy,9.0,spoons,9.139,desks,9.739,glove,10.339,green,11.0,desks,11.539,pen,12.0,white,12.739
m_speech__ild_0__itd_50__targ_r,3,Masker,tables,2.689,white,3.289,blue,3.739,sock,4.489,pen,5.089,glove,5.689,spoons,6.289,spoons,6.889,toy,7.339,white,8.089,chairs,8.539,blue,9.289,hat,9.889,shoe,10.489,chairs,10.939,spoons,11.689,card,12.139,bag,12.889
m_noise__ild_0__itd_50__targ_l,0,Target,blue,3.0,spoons,3.0,sock,3.871,toy,5.0,sock,5.071,desks,6.0,spoons,6.271,card,7.0,shoe,7.471,card,8.071,sock,9.0,red,9.0,chairs,9.871,red,11.0,glove,11.0,card,11.671,sock,12.271,toy,12.871
m_noise__ild_0__itd_50__targ_l,0,Masker,noise,2.671,noise,3.271,noise,4.021,noise,4.471,noise,5.221,noise,5.671,noise,6.421,noise,6.871,noise,7.621,noise,8.221,noise,8.671,noise,9.271,noise,10.021,noise,10.471,noise,11.071,noise,11.821,noise,12.421,noise,13.021
m_noise__ild_0__itd_50__targ_l,1,Target,pen,3.0,sock,3.271,spoons,3.871,sock,4.471,tables,5.071,red,5.671,shoe,6.271,desks,6.871,card,8.0,pen,8.071,hat,9.0,chairs,9.0,hat,9.871,card,11.0,hat,11.071,sock,12.0,white,12.271,hat,13.0
m_noise__ild_0__itd_50__targ_l,1,Masker,noise,2.671,noise,3.421,noise,4.021,noise,4.621,noise,5.221,noise,5.821,noise,6.421,noise,7.021,noise,7.471,noise,8.221,noise,8.671,noise,9.271,noise,10.021,noise,10.471,noise,11.221,noise,11.671,noise,12.421,noise,12.871
m_noise__ild_0__itd_50__targ_l,2,Target,chairs,3.0,pen,3.0,bag,4.0,tables,5.0,card,5.071,red,5.671,blue,6.271,bag,6.871,hat,7.471,glove,8.071,bag,8.671,card,9.0,sock,9.871,chairs,10.471,bag,11.0,glove,12.0,card,12.0,spoons,12.871
m_noise__ild_0__itd_50__targ_l,2,Masker,noise,2.671,noise,3.271,noise,3.871,noise,4.471,noise,5.221,noise,5.821,noise,6.421,noise,7.021,noise,7.621,noise,8.221,noise,8.821,noise,9.271,noise,10.021,noise,10.621,noise,11.071,noise,11.671,noise,12.271,noise,13.021
m_noise__ild_0__itd_50__targ_l,3,Target,pen,2.671,red,3.0,spoons,3.871,hat,5.0,glove,5.071,chairs,5.671,glove,6.271,chairs,7.0,shoe,7.471,desks,8.071,shoe,8.671,hat,9.271,chairs,10.0,toy,11.0,hat,11.0,chairs,12.0,white,12.0,hat,12.871
m_noise__ild_0__itd_50__targ_l,3,Masker,noise,2.821,noise,3.271,noise,4.021,noise,4.471,noise,5.221,noise,5.821,noise,6.421,noise,6.871,noise,7.621,noise,8.221,noise,8.821,noise,9.421,noise,9.871,noise,10.471,noise,11.071,noise,11.671,noise,12.271,noise,13.021
m_noise__ild_0__itd_50__targ_r,0,Target,sock,1.0,shoe,2.0,desks,3.0,pen,3.0,toy,3.6,sock,4.2,white,5.0,shoe,5.4,white,6.0,hat,7.0,tables,7.2,glove,7.8,shoe,9.0,card,9.0,desks,10.0,spoons,10.2,sock,10.8,hat,11.4
m_noise__ild_0__itd_50__targ_r,0,Masker,noise,1.2,noise,1.8,noise,2.4,noise,3.15,noise,3.75,noise,4.35,noise,4.8,noise,5.55,noise,6.0,noise,6.6,noise,7.35,noise,7.95,noise,8.4,noise,9.0,noise,9.6,noise,10.35,noise,10.95,noise,11.55
m_noise__ild_0__itd_50__targ_r,1,Target,desks,1.0,white,1.8,sock,3.0,tables,3.0,desks,3.6,sock,4.0,card,5.0,red,5.4,desks,6.0,hat,7.0,desks,7.0,desks,7.8,white,9.0,hat,9.0,shoe,10.0,hat,10.2,hat,11.0,desks,12.0
m_noise__ild_0__itd_50__targ_r,1,Masker,noise,1.2,noise,1.95,noise,2.4,noise,3.0,noise,3.75,noise,4.2,noise,4.8,noise,5.55,noise,6.0,noise,6.6,noise,7.2,noise,7.95,noise,8.4,noise,9.0,noise,9.6,noise,10.35,noise,10.8,noise,11.4
m_noise__ild_0__itd_50__targ_r,2,Target,tables,1.0,chairs,2.0,shoe,2.4,red,3.0,shoe,4.0,chairs,4.2,green,4.8,bag,5.4,toy,6.0,tables,7.0,white,7.0,chairs,8.0,pen,9.0,tables,9.0,desks,9.6,card,10.2,sock,11.0,spoons,12.0
m_noise__ild_0__itd_50__targ_r,2,Masker,noise,1.2,noise,1.8,noise,2.55,noise,3.15,noise,3.6,noise,4.35,noise,4.95,noise,5.55,noise,6.0,noise,6.6,noise,7.2,noise,7.8,noise,8.4,noise,9.0,noise,9.75,noise,10.35,noise,10.8,noise,11.4
m_noise__ild_0__itd_50__targ_r,3,Target,bag,1.0,hat,1.8,white,3.0,sock,3.0,chairs,3.6,shoe,4.2,desks,4.8,red,5.4,chairs,6.0,card,6.6,hat,7.2,desks,8.0,bag,9.0,sock,9.0,tables,9.6,blue,10.2,spoons,11.0,pen,12.0
m_noise__ild_0__itd_50__targ_r,3,Masker,noise,1.2,noise,1.95,noise,2.4,noise,3.15,noise,3.75,noise,4.35,noise,4.95,noise,5.55,noise,6.0,noise,6.75,noise,7.35,noise,7.8,noise,8.4,noise,9.0,noise,9.75,noise,10.35,noise,10.8,noise,11.4
m_speech__ild_0__itd_500__targ_l,0,Target,blue,3.0,pen,3.0,spoons,4.0,glove,4.428,card,5.028,sock,5.628,blue,6.0,card,7.0,sock,8.0,chairs,8.0,sock,9.0,green,9.228,spoons,10.0,desks,11.0,white,11.0,bag,12.0,desks,12.228,pen,12.828
m_speech__ild_0__itd_500__targ_l,0,Masker,pen,2.628,spoons,3.228,chairs,3.828,green,4.578,green,5.178,sock,5.778,pen,6.228,tables,6.828,white,7.428,hat,8.028,toy,8.628,tables,9.378,shoe,9.828,spoons,10.428,spoons,11.028,red,11.628,hat,12.378,hat,12.978
m_speech__ild_0__itd_500__targ_l,1,Target,tables,3.0,toy,3.228,sock,3.828,green,5.0,glove,5.0,pen,5.628,tables,6.228,shoe,6.828,white,7.428,glove,8.0,chairs,9.0,card,9.0,desks,10.0,pen,10.428,bag,11.0,glove,11.628,red,12.228,sock,12.828
m_speech__ild_0__itd_500__targ_l,1,Masker,bag,2.628,glove,3.378,sock,3.978,desks,4.428,toy,5.028,sock,5.778,red,6.378,green,6.978,card,7.578,toy,8.028,pen,8.628,chairs,9.228,sock,9.828,glove,10.578,white,11.028,glove,11.778,tables,12.378,red,12.978
m_speech__ild_0__itd_500__targ_l,2,Target,pen,3.0,bag,3.0,toy,3.828,card,4.428,red,5.0,toy,6.0,chairs,6.0,toy,7.0,tables,8.0,desks,8.028,pen,8.628,shoe,9.0,shoe,10.0,toy,11.0,white,11.0,desks,12.0,pen,12.0,pen,13.0
m_speech__ild_0__itd_500__targ_l,2,Masker,toy,2.628,blue,3.228,hat,3.978,sock,4.578,spoons,5.028,card,5.628,sock,6.228,chairs,6.828,red,7.428,toy,8.178,sock,8.778,bag,9.228,bag,9.828,tables,10.428,card,11.028,blue,11.628,toy,12.228,pen,12.828
m_speech__ild_0__itd_500__targ_l,3,Target,glove,2.628,card,3.228,desks,3.828,spoons,4.428,sock,5.0,glove,6.0,red,6.228,blue,7.0,tables,8.0,desks,8.0,blue,8.628,white,9.228,toy,10.0,pen,10.428,bag,11.028,sock,11.628,chairs,12.228,shoe,12.828
m_speech__ild_0__itd_500__targ_l,3,Masker,desks,2.778,glove,3.378,chairs,3.978,blue,4.578,desks,5.028,pen,5.628,tables,6.378,tables,6.828,card,7.428,pen,8.028,pen,8.778,spoons,9.378,sock,9.828,desks,10.578,sock,11.178,pen,11.778,green,12.378,spoons,12.978
m_speech__ild_0__itd_500__targ_r,0,Target,tables,1.0,card,2.0,pen,2.0,white,2.82,hat,4.0,glove,4.0,hat,4.62,tables,5.0,sock,5.82,hat,6.42,blue,7.02,chairs,8.0,glove,8.22,shoe,8.82,toy,10.0,glove,10.0,blue,11.0,blue,11.22
m_speech__ild_0__itd_500__targ_r,0,Masker,green,1.02,green,1.62,chairs,2.22,bag,2.97,hat,3.42,sock,4.02,hat,4.77,shoe,5.22,glove,5.97,hat,6.57,card,7.17,hat,7.62,sock,8.37,pen,8.97,blue,9.42,desks,10.02,card,10.62,hat,11.37
m_speech__ild_0__itd_500__targ_r,1,Target,chairs,1.02,blue,1.62,sock,2.0,spoons,3.0,bag,3.42,blue,4.0,bag,5.0,red,5.0,desks,6.0,sock,6.42,hat,7.02,toy,7.62,bag,8.22,pen,8.82,spoons,9.42,toy,10.0,desks,11.0,shoe,11.0
m_speech__ild_0__itd_500__targ_r,1,Masker,tables,1.17,pen,1.77,tables,2.22,sock,2.82,tables,3.57,bag,4.02,tables,4.62,sock,5.22,spoons,5.82,hat,6.57,blue,7.17,bag,7.77,glove,8.37,white,8.97,glove,9.57,sock,10.02,chairs,10.62,red,11.22
m_speech__ild_0__itd_500__targ_r,2,Target,desks,1.02,pen,2.0,shoe,2.22,desks,2.82,glove,4.0,pen,4.02,desks,4.62,tables,5.0,green,6.0,desks,6.42,desks,7.0,card,8.0,card,8.0,bag,8.82,card,10.0,white,10.02,spoons,11.0,spoons,11.0
m_speech__ild_0__itd_500__targ_r,2,Masker,red,1.17,sock,1.62,sock,2.37,card,2.97,white,3.42,desks,4.17,glove,4.77,spoons,5.22,hat,5.82,bag,6.57,blue,7.02,spoons,7.62,spoons,8.22,card,8.97,pen,9.42,desks,10.17,shoe,10.62,spoons,11.22
m_speech__ild_0__itd_500__targ_r,3,Target,tables,1.02,white,2.0,sock,2.22,tables,3.0,hat,4.0,desks,4.02,sock,5.0,sock,5.22,tables,5.82,shoe,7.0,glove,7.0,green,8.0,desks,8.22,chairs,9.0,white,9.42,red,10.02,pen,10.62,sock,11.0
m_speech__ild_0__itd_500__targ_r,3,Masker,sock,1.17,toy,1.62,green,2.37,desks,2.82,pen,3.42,card,4.17,spoons,4.62,shoe,5.37,blue,5.97,tables,6.42,green,7.02,desks,7.62,red,8.37,sock,8.82,toy,9.57,tables,10.17,glove,10.77,shoe,11.22
m_noise__ild_0__itd_500__targ_l,0,Target,card,2.0,hat,2.014,chairs,2.614,red,3.0,hat,4.0,sock,4.414,blue,5.0,tables,5.614,toy,6.214,tables,6.814,hat,7.414,hat,8.014,tables,9.0,sock,9.214,hat,10.0,green,10.414,glove,11.0,toy,11.614
m_noise__ild_0__itd_500__targ_l,0,Masker,noise,1.414,noise,2.164,noise,2.764,noise,3.214,noise,3.814,noise,4.564,noise,5.014,noise,5.764,noise,6.364,noise,6.964,noise,7.564,noise,8.164,noise,8.614,noise,9.364,noise,9.814,noise,10.564,noise,11.014,noise,11.764
m_noise__ild_0__itd_500__targ_l,1,Target,card,2.0,green,2.0,red,3.0,spoons,3.214,bag,3.814,chairs,4.414,shoe,5.0,hat,6.0,blue,6.214,bag,7.0,pen,7.414,hat,8.0,sock,8.614,spoons,9.214,chairs,9.814,desks,10.414,pen,11.0,chairs,11.614
m_noise__ild_0__itd_500__targ_l,1,Masker,noise,1.414,noise,2.014,noise,2.614,noise,3.364,noise,3.964,noise,4.564,noise,5.014,noise,5.614,noise,6.364,noise,6.814,noise,7.564,noise,8.014,noise,8.764,noise,9.364,noise,9.964,noise,10.564,noise,11.014,noise,11.764
m_noise__ild_0__itd_500__targ_l,2,Target,glove,1.414,spoons,2.014,white,2.614,card,3.214,hat,3.814,red,5.0,toy,5.014,glove,6.0,tables,6.214,blue,6.814,bag,8.0,tables,8.0,sock,8.614,card,9.0,chairs,9.814,sock,11.0,hat,11.0,blue,11.614
m_noise__ild_0__itd_500__targ_l,2,Masker,noise,1.564,noise,2.164,noise,2.764,noise,3.364,noise,3.964,noise,4.414,noise,5.164,noise,5.614,noise,6.364,noise,6.964,noise,7.414,noise,8.014,noise,8.764,noise,9.214,noise,9.964,noise,10.414,noise,11.014,noise,11.764
m_noise__ild_0__itd_500__targ_l,3,Target,chairs,1.414,glove,2.0,card,3.0,green,3.214,shoe,3.814,white,5.0,blue,5.0,desks,6.0,spoons,6.214,card,6.814,spoons,8.0,green,8.0,chairs,9.0,spoons,9.0,spoons,10.0,desks,11.0,sock,11.0,hat,11.614
m_noise__ild_0__itd_500__targ_l,3,Masker,noise,1.564,noise,2.014,noise,2.614,noise,3.364,noise,3.964,noise,4.414,noise,5.014,noise,5.614,noise,6.364,noise,6.964,noise,7.414,noise,8.014,noise,8.614,noise,9.214,noise,9.814,noise,10.414,noise,11.014,noise,11.764
m_noise__ild_0__itd_500__targ_r,0,Target,toy,2.84,pen,4.0,green,4.0,hat,4.64,glove,5.0,pen,6.0,chairs,7.0,pen,7.0,toy,8.0,green,8.24,tables,9.0,glove,9.44,pen,10.04,glove,10.64,glove,11.0,shoe,12.0,white,13.0,pen,13.0
m_noise__ild_0__itd_500__targ_r,0,Masker,noise,2.99,noise,3.44,noise,4.04,noise,4.79,noise,5.24,noise,5.84,noise,6.44,noise,7.04,noise,7.64,noise,8.39,noise,8.84,noise,9.59,noise,10.19,noise,10.79,noise,11.24,noise,11.84,noise,12.44,noise,13.04
m_noise__ild_0__itd_500__targ_r,1,Target,chairs,3.0,card,3.44,glove,4.04,shoe,5.0,desks,5.0,bag,5.84,toy,6.44,white,7.0,glove,8.0,blue,8.0,desks,8.84,bag,10.0,tables,10.0,sock,11.0,spoons,11.0,green,12.0,spoons,13.0,chairs,13.0
m_noise__ild_0__itd_500__targ_r,1,Masker,noise,2.84,noise,3.59,noise,4.19,noise,4.64,noise,5.24,noise,5.99,noise,6.59,noise,7.04,noise,7.64,noise,8.24,noise,8.99,noise,9.44,noise,10.04,noise,10.64,noise,11.24,noise,11.84,noise,12.44,noise,13.04
m_noise__ild_0__itd_500__targ_r,2,Target,red,2.84,hat,4.0,chairs,4.0,pen,5.0,chairs,5.24,spoons,6.0,shoe,6.44,desks,7.04,green,8.0,desks,8.0,glove,9.0,shoe,9.44,shoe,10.0,chairs,10.64,card,11.0,tables,12.0,pen,13.0,tables,13.04
m_noise__ild_0__itd_500__targ_r,2,Masker,noise,2.99,noise,3.44,noise,4.04,noise,4.64,noise,5.39,noise,5.84,noise,6.59,noise,7.19,noise,7.64,noise,8.24,noise,8.84,noise,9.59,noise,10.04,noise,10.79,noise,11.24,noise,11.84,noise,12.44,noise,13.19
m_noise__ild_0__itd_500__targ_r,3,Target,green,3.0,blue,4.0,sock,4.0,card,5.0,blue,5.24,card,6.0,glove,7.0,hat,7.04,spoons,7.64,red,8.24,toy,8.84,glove,9.44,shoe,10.04,sock,10.64,hat,11.0,desks,11.84,shoe,13.0,desks,13.0
m_noise__ild_0__itd_500__targ_r,3,Masker,noise,2.84,noise,3.44,noise,4.04,noise,4.64,noise,5.39,noise,5.84,noise,6.44,noise,7.19,noise,7.79,noise,8.39,noise,8.99,noise,9.59,noise,10.19,noise,10.79,noise,11.24,noise,11.99,noise,12.44,noise,13.04
m_speech__ild_10__itd_0__targ_l,0,Target,desks,3.0,sock,4.0,desks,4.14,bag,5.0,card,5.0,shoe,5.94,card,7.0,hat,7.14,bag,7.74,chairs,8.34,green,8.94,tables,9.54,blue,10.0,bag,10.74,desks,11.34,chairs,11.94,desks,12.54,white,13.14
m_speech__ild_10__itd_0__targ_l,0,Masker,red,2.94,desks,3.54,pen,4.29,desks,4.74,chairs,5.34,spoons,6.09,green,6.54,desks,7.29,desks,7.89,pen,8.49,card,9.09,desks,9.69,card,10.14,red,10.89,card,11.49,shoe,12.09,hat,12.69,toy,13.29
m_speech__ild_10__itd_0__targ_l,1,Target,card,2.94,chairs,4.0,shoe,4.14,toy,5.0,blue,5.34,toy,5.94,bag,6.54,sock,7.0,toy,8.0,red,8.0,pen,8.94,shoe,10.0,white,10.14,spoons,11.0,chairs,11.0,shoe,11.94,desks,12.54,glove,13.14
m_speech__ild_10__itd_0__targ_l,1,Masker,bag,3.09,red,3.54,shoe,4.29,desks,4.74,tables,5.49,sock,6.09,sock,6.69,hat,7.14,glove,7.74,card,8.34,bag,9.09,shoe,9.54,pen,10.29,hat,10.74,tables,11.34,hat,12.09,white,12.69,tables,13.29
m_speech__ild_10__itd_0__targ_l,2,Target,desks,2.94,hat,3.54,glove,4.0,bag,4.74,sock,5.0,white,5.94,pen,7.0,red,7.14,hat,7.74,spoons,8.34,desks,9.0,toy,10.0,white,10.0,desks,11.0,hat,11.0,chairs,12.0,green,13.0,chairs,13.0
m_speech__ild_10__itd_0__targ_l,2,Masker,shoe,3.09,red,3.69,pen,4.14,glove,4.89,white,5.34,sock,6.09,shoe,6.54,pen,7.29,bag,7.89,shoe,8.49,white,8.94,white,9.54,bag,10.14,chairs,10.74,hat,11.34,spoons,11.94,toy,12.54,shoe,13.14
m_speech__ild_10__itd_0__targ_l,3,Target,toy,3.0,blue,3.54,bag,4.0,spoons,4.74,card,5.0,red,5.94,spoons,6.54,sock,7.0,glove,7.74,red,8.34,card,8.94,red,9.54,shoe,10.14,pen,11.0,tables,11.0,bag,12.0,spoons,13.0,shoe,13.14
m_speech__ild_10__itd_0__targ_l,3,Masker,pen,2.94,pen,3.69,hat,4.14,sock,4.89,hat,5.34,sock,6.09,chairs,6.69,glove,7.14,blue,7.89,bag,8.49,chairs,9.09,sock,9.69,spoons,10.29,red,10.74,hat,11.34,red,11.94,toy,12.54,bag,13.29
m_speech__ild_10__itd_0__targ_r,0,Target,hat,1.0,spoons,2.0,hat,2.526,chairs,3.126,desks,4.0,hat,4.326,pen,5.0,bag,5.526,hat,6.126,tables,6.726,blue,7.0,chairs,8.0,toy,8.526,hat,9.0,spoons,9.726,card,10.0,blue,10.926,pen,11.526
m_speech__ild_10__itd_0__targ_r,0,Masker,glove,1.326,sock,1.926,blue,2.676,hat,3.276,blue,3.726,shoe,4.476,chairs,4.926,shoe,5.676,sock,6.276,sock,6.876,sock,7.326,desks,7.926,chairs,8.676,tables,9.126,tables,9.876,tables,10.326,toy,11.076,toy,11.676
m_speech__ild_10__itd_0__targ_r,1,Target,green,1.326,green,2.0,desks,2.526,chairs,3.0,glove,4.0,card,4.0,card,4.926,card,5.526,pen,6.0,desks,7.0,card,7.0,bag,7.926,toy,8.526,pen,9.126,glove,10.0,tables,10.0,glove,11.0,shoe,11.526
m_speech__ild_10__itd_0__targ_r,1,Masker,toy,1.476,toy,1.926,sock,2.676,white,3.126,spoons,3.726,sock,4.326,bag,5.076,toy,5.676,desks,6.126,white,6.726,sock,7.326,sock,8.076,hat,8.676,blue,9.276,pen,9.726,hat,10.326,sock,10.926,card,11.676
m_speech__ild_10__itd_0__targ_r,2,Target,pen,1.326,blue,2.0,card,2.526,spoons,3.0,desks,4.0,chairs,4.0,green,5.0,card,6.0,desks,6.126,green,6.726,sock,7.0,desks,8.0,glove,8.526,blue,9.0,bag,10.0,bag,10.0,chairs,10.926,toy,11.526
m_speech__ild_10__itd_0__targ_r,2,Masker,shoe,1.476,chairs,1.926,desks,2.676,white,3.126,chairs,3.726,green,4.326,desks,4.926,tables,5.526,desks,6.276,glove,6.876,white,7.326,tables,7.926,desks,8.676,desks,9.126,blue,9.726,tables,10.326,tables,11.076,card,11.676
m_speech__ild_10__itd_0__targ_r,3,Target,chairs,1.326,shoe,1.926,sock,3.0,toy,3.0,tables,3.726,bag,4.326,white,5.0,toy,5.526,hat,6.0,tables,7.0,desks,7.0,card,7.926,green,8.526,tables,9.126,pen,10.0,toy,10.326,spoons,10.926,hat,12.0
m_speech__ild_10__itd_0__targ_r,3,Masker,tables,1.476,bag,2.076,toy,2.526,bag,3.126,tables,3.876,pen,4.476,toy,4.926,shoe,5.676,pen,6.126,hat,6.726,red,7.326,pen,8.076,bag,8.676,sock,9.276,tables,9.726,green,10.476,pen,11.076,desks,11.526
m_noise__ild_10__itd_0__targ_l,0,Target,tables,1.0,pen,2.0,hat,2.269,sock,2.869,shoe,3.469,bag,4.0,toy,5.0,tables,5.269,card,6.0,chairs,7.0,red,7.0,red,8.0,glove,8.0,hat,9.0,shoe,10.0,desks,10.0,shoe,10.669,sock,11.269
m_noise__ild_10__itd_0__targ_l,0,Masker,noise,1.069,noise,1.669,noise,2.419,noise,3.019,noise,3.619,noise,4.069,noise,4.669,noise,5.419,noise,5.869,noise,6.469,noise,7.069,noise,7.669,noise,8.269,noise,8.869,noise,9.469,noise,10.069,noise,10.819,noise,11.419
m_noise__ild_10__itd_0__targ_l,1,Target,spoons,1.0,green,1.669,hat,2.0,desks,2.869,bag,3.469,shoe,4.0,pen,5.0,spoons,5.0,pen,6.0,spoons,7.0,tables,7.069,blue,7.669,pen,8.269,white,9.0,bag,9.469,toy,10.0,spoons,11.0,blue,11.269
m_noise__ild_10__itd_0__targ_l,1,Masker,noise,1.069,noise,1.819,noise,2.269,noise,3.019,noise,3.619,noise,4.069,noise,4.669,noise,5.269,noise,5.869,noise,6.469,noise,7.219,noise,7.819,noise,8.419,noise,8.869,noise,9.619,noise,10.069,noise,10.669,noise,11.419
m_noise__ild_10__itd_0__targ_l,2,Target,glove,1.0,shoe,1.669,tables,2.269,spoons,3.0,toy,3.469,tables,4.0,pen,4.669,desks,5.0,red,5.869,tables,7.0,chairs,7.069,shoe,8.0,white,8.0,spoons,8.869,glove,9.469,card,10.069,pen,10.669,tables,11.0
m_noise__ild_10__itd_0__targ_l,2,Masker,noise,1.069,noise,1.819,noise,2.419,noise,2.869,noise,3.619,noise,4.069,noise,4.819,noise,5.269,noise,6.019,noise,6.469,noise,7.219,noise,7.669,noise,8.269,noise,9.019,noise,9.619,noise,10.219,noise,10.819,noise,11.269
m_noise__ild_10__itd_0__targ_l,3,Target,glove,1.069,tables,1.669,chairs,2.0,tables,3.0,green,3.469,spoons,4.0,card,4.669,white,5.269,glove,6.0,chairs,7.0,glove,7.069,chairs,8.0,red,8.0,card,9.0,pen,9.469,sock,10.069,tables,11.0,chairs,11.0
m_noise__ild_10__itd_0__targ_l,3,Masker,noise,1.219,noise,1.819,noise,2.269,noise,2.869,noise,3.619,noise,4.069,noise,4.819,noise,5.419,noise,5.869,noise,6.469,noise,7.219,noise,7.669,noise,8.269,noise,8.869,noise,9.619,noise,10.219,noise,10.669,noise,11.269
m_noise__ild_10__itd_0__targ_r,0,Target,chairs,3.0,hat,4.0,chairs,4.0,card,5.0,glove,5.284,hat,5.884,glove,7.0,toy,7.084,green,7.684,spoons,8.284,glove,9.0,chairs,10.0,bag,10.0,blue,10.684,card,11.0,pen,12.0,blue,13.0,card,13.084
m_noise__ild_10__itd_0__targ_r,0,Masker,noise,2.884,noise,3.484,noise,4.084,noise,4.684,noise,5.434,noise,6.034,noise,6.484,noise,7.234,noise,7.834,noise,8.434,noise,8.884,noise,9.484,noise,10.084,noise,10.834,noise,11.284,noise,11.884,noise,12.484,noise,13.234
m_noise__ild_10__itd_0__targ_r,1,Target,white,3.0,bag,4.0,shoe,4.084,sock,4.684,hat,5.284,red,5.884,pen,7.0,spoons,7.0,pen,7.684,blue,8.284,pen,8.884,chairs,9.484,shoe,10.084,glove,10.684,hat,11.284,glove,11.884,pen,13.0,green,13.084
m_noise__ild_10__itd_0__targ_r,1,Masker,noise,2.884,noise,3.484,noise,4.234,noise,4.834,noise,5.434,noise,6.034,noise,6.484,noise,7.084,noise,7.834,noise,8.434,noise,9.034,noise,9.634,noise,10.234,noise,10.834,noise,11.434,noise,12.034,noise,12.484,noise,13.234
m_noise__ild_10__itd_0__targ_r,2,Target,desks,3.0,glove,4.0,glove,4.084,desks,4.684,red,5.0,chairs,5.884,spoons,6.484,shoe,7.0,spoons,8.0,bag,8.284,spoons,9.0,chairs,9.484,blue,10.0,hat,11.0,spoons,11.0,pen,12.0,hat,12.484,bag,13.084
m_noise__ild_10__itd_0__targ_r,2,Masker,noise,2.884,noise,3.484,noise,4.234,noise,4.834,noise,5.284,noise,6.034,noise,6.634,noise,7.084,noise,7.684,noise,8.434,noise,8.884,noise,9.634,noise,10.084,noise,10.684,noise,11.284,noise,11.884,noise,12.634,noise,13.234
m_noise__ild_10__itd_0__targ_r,3,Target,bag,2.884,bag,3.484,shoe,4.084,bag,5.0,red,5.0,glove,6.0,desks,6.484,sock,7.0,blue,7.684,sock,8.284,shoe,9.0,toy,9.484,desks,10.084,bag,11.0,red,11.0,chairs,12.0,glove,13.0,sock,13.084
m_noise__ild_10__itd_0__targ_r,3,Masker,noise,3.034,noise,3.634,noise,4.234,noise,4.684,noise,5.284,noise,5.884,noise,6.634,noise,7.084,noise,7.834,noise,8.434,noise,8.884,noise,9.634,noise,10.234,noise,10.684,noise,11.284,noise,11.884,noise,12.484,noise,13.234
