Condition,Run,Type,Word0,Time0,Word1,Time1,Word2,Time2,Word3,Time3,Word4,Time4,Word5,Time5,Word6,Time6,Word7,Time7,Word8,Time8,Word9,Time9,Word10,Time10,Word11,Time11,Word12,Time12,Word13,Time13,Word14,Time14,Word15,Time15,Word16,Time16,Word17,Time17
practice,0,Target,tables,2.0,glove,2.471,tables,3.0,bag,3.671,pen,4.0,desks,4.871,toy,6.0,card,6.071,blue,7.0,card,7.0,desks,7.871,spoons,8.471,pen,9.071,desks,9.671,hat,10.271,blue,10.871,green,12.0,red,12.071
practice,0,Masker,none,1.871,none,2.621,none,3.071,none,3.821,none,4.271,none,5.021,none,5.471,none,6.221,none,6.671,none,7.271,none,8.021,none,8.621,none,9.221,none,9.821,none,10.421,none,11.021,none,11.471,none,12.221
practice,1,Target,toy,1.871,card,2.471,toy,3.0,shoe,4.0,hat,4.0,chairs,4.871,green,5.471,hat,6.0,hat,6.671,toy,7.0,blue,8.0,sock,9.0,bag,9.0,shoe,9.671,toy,10.0,blue,10.871,sock,11.471,spoons,12.071
practice,1,Masker,none,2.021,none,2.621,none,3.071,none,3.671,none,4.271,none,5.021,none,5.621,none,6.071,none,6.821,none,7.271,none,7.871,none,8.471,none,9.071,none,9.821,none,10.271,none,11.021,none,11.621,none,12.221
practice,2,Target,blue,1.871,card,3.0,tables,3.0,pen,3.671,card,4.0,bag,5.0,green,5.471,toy,6.071,bag,6.671,desks,7.0,bag,8.0,blue,9.0,card,9.0,bag,10.0,card,10.0,shoe,10.871,blue,11.471,pen,12.071
practice,2,Masker,none,2.021,none,2.471,none,3.071,none,3.821,none,4.271,none,4.871,none,5.621,none,6.221,none,6.821,none,7.271,none,7.871,none,8.471,none,9.071,none,9.671,none,10.271,none,11.021,none,11.621,none,12.221
practice,3,Target,card,2.0,desks,2.471,shoe,3.0,white,3.671,glove,4.271,card,5.0,chairs,6.0,toy,6.0,glove,7.0,hat,7.271,card,8.0,red,9.0,pen,9.0,sock,10.0,card,10.0,red,10.871,glove,11.471,red,12.0
practice,3,Masker,none,1.871,none,2.621,none,3.071,none,3.821,none,4.421,none,4.871,none,5.471,none,6.071,none,6.671,none,7.421,none,7.871,none,8.471,none,9.071,none,9.671,none,10.271,none,11.021,none,11.621,none,12.071
m_speech__ild_0__itd_50__targ_l__control_0,0,Target,hat,3.0,spoons,3.038,hat,4.0,white,4.238,glove,4.838,red,5.438,hat,6.0,shoe,7.0,card,7.238,pen,8.0,spoons,9.0,shoe,9.0,tables,10.0,spoons,10.0,desks,11.0,shoe,12.0,glove,12.038,hat,12.638
m_speech__ild_0__itd_50__targ_l__control_0,0,Masker,white,2.438,card,3.188,shoe,3.638,card,4.388,card,4.988,chairs,5.588,card,6.038,sock,6.638,sock,7.388,red,7.838,chairs,8.438,card,9.038,bag,9.638,green,10.238,spoons,10.838,chairs,11.438,card,12.188,sock,12.788
m_speech__ild_0__itd_50__targ_l__control_0,1,Target,spoons,3.0,shoe,3.0,sock,4.0,desks,4.238,spoons,5.0,shoe,5.438,chairs,6.038,glove,7.0,card,7.238,shoe,7.838,hat,9.0,shoe,9.0,blue,9.638,card,10.238,white,10.838,shoe,12.0,tables,12.038,shoe,13.0
m_speech__ild_0__itd_50__targ_l__control_0,1,Masker,white,2.438,card,3.038,glove,3.638,pen,4.388,bag,4.838,card,5.588,glove,6.188,toy,6.638,tables,7.388,glove,7.988,white,8.438,blue,9.038,sock,9.788,spoons,10.388,chairs,10.988,desks,11.438,glove,12.188,card,12.638
m_speech__ild_0__itd_50__targ_l__control_0,2,Target,desks,2.438,pen,3.0,green,3.638,card,4.238,green,5.0,tables,5.438,card,6.038,hat,7.0,shoe,7.0,glove,8.0,hat,8.438,toy,9.038,desks,10.0,toy,10.238,blue,10.838,hat,12.0,spoons,12.0,toy,12.638
m_speech__ild_0__itd_50__targ_l__control_0,2,Masker,white,2.588,hat,3.038,sock,3.788,red,4.388,tables,4.838,sock,5.588,spoons,6.188,green,6.638,pen,7.238,desks,7.838,card,8.588,sock,9.188,hat,9.638,shoe,10.388,shoe,10.988,desks,11.438,hat,12.038,green,12.788
m_speech__ild_0__itd_50__targ_l__control_0,3,Target,shoe,3.0,card,3.0,sock,4.0,shoe,4.0,blue,5.0,bag,5.438,tables,6.0,hat,6.638,desks,7.238,shoe,7.838,spoons,9.0,chairs,9.038,tables,9.638,spoons,10.238,green,11.0,toy,12.0,glove,12.038,red,12.638
m_speech__ild_0__itd_50__targ_l__control_0,3,Masker,sock,2.438,toy,3.038,bag,3.638,blue,4.238,card,4.838,chairs,5.588,card,6.038,glove,6.788,bag,7.388,bag,7.988,card,8.438,blue,9.188,spoons,9.788,tables,10.388,bag,10.838,shoe,11.438,sock,12.188,sock,12.788
m_speech__ild_0__itd_50__targ_r__control_0,0,Target,shoe,2.0,sock,2.063,hat,3.0,shoe,3.263,spoons,3.863,hat,4.463,card,5.0,bag,6.0,sock,6.263,glove,7.0,red,8.0,pen,8.063,toy,9.0,white,9.263,red,10.0,green,11.0,bag,11.063,sock,11.663
m_speech__ild_0__itd_50__targ_r__control_0,0,Masker,chairs,1.463,sock,2.213,blue,2.663,card,3.413,glove,4.013,glove,4.613,chairs,5.063,glove,5.663,spoons,6.413,white,6.863,pen,7.463,green,8.213,white,8.663,shoe,9.413,tables,9.863,toy,10.463,pen,11.213,toy,11.813
m_speech__ild_0__itd_50__targ_r__control_0,1,Target,pen,1.463,sock,2.063,red,3.0,pen,3.263,card,4.0,spoons,5.0,blue,5.0,card,5.663,green,6.263,glove,7.0,pen,7.463,pen,8.063,sock,8.663,tables,9.263,green,9.863,bag,11.0,glove,11.063,toy,12.0
m_speech__ild_0__itd_50__targ_r__control_0,1,Masker,white,1.613,card,2.213,sock,2.663,shoe,3.413,green,3.863,sock,4.463,glove,5.063,spoons,5.813,chairs,6.413,glove,6.863,shoe,7.613,bag,8.213,toy,8.813,sock,9.413,sock,10.013,red,10.463,spoons,11.213,hat,11.663
m_speech__ild_0__itd_50__targ_r__control_0,2,Target,sock,2.0,bag,2.063,desks,3.0,red,3.263,card,4.0,white,5.0,desks,5.063,desks,6.0,card,6.0,toy,7.0,blue,8.0,pen,8.063,glove,8.663,desks,9.0,bag,10.0,shoe,10.463,chairs,11.063,card,11.663
m_speech__ild_0__itd_50__targ_r__control_0,2,Masker,hat,1.463,card,2.213,tables,2.663,spoons,3.413,glove,3.863,bag,4.463,hat,5.213,white,5.663,blue,6.263,pen,6.863,sock,7.463,chairs,8.213,sock,8.813,hat,9.263,pen,9.863,desks,10.613,bag,11.213,toy,11.813
m_speech__ild_0__itd_50__targ_r__control_0,3,Target,card,2.0,green,2.063,hat,2.663,hat,3.0,sock,4.0,tables,4.463,hat,5.0,spoons,6.0,pen,6.0,hat,6.863,tables,7.463,toy,8.0,red,9.0,toy,9.0,hat,10.0,glove,11.0,toy,11.0,tables,12.0
m_speech__ild_0__itd_50__targ_r__control_0,3,Masker,green,1.463,tables,2.213,green,2.813,hat,3.263,card,3.863,hat,4.613,sock,5.063,toy,5.663,hat,6.263,sock,7.013,pen,7.613,tables,8.063,hat,8.663,shoe,9.263,blue,9.863,pen,10.463,sock,11.063,sock,11.663
m_noise__ild_0__itd_50__targ_l__control_0,0,Target,hat,2.862,hat,4.0,bag,4.062,white,5.0,chairs,5.262,card,6.0,hat,6.462,tables,7.062,green,8.0,tables,8.262,sock,9.0,shoe,10.0,hat,10.0,hat,11.0,glove,11.0,glove,12.0,hat,12.462,spoons,13.0
m_noise__ild_0__itd_50__targ_l__control_0,0,Masker,noise,3.012,noise,3.462,noise,4.212,noise,4.662,noise,5.412,noise,5.862,noise,6.612,noise,7.212,noise,7.662,noise,8.412,noise,8.862,noise,9.462,noise,10.062,noise,10.662,noise,11.262,noise,11.862,noise,12.612,noise,13.062
m_noise__ild_0__itd_50__targ_l__control_0,1,Target,bag,3.0,sock,3.462,tables,4.0,bag,4.662,desks,5.0,bag,5.862,glove,7.0,bag,7.062,chairs,8.0,bag,8.262,chairs,9.0,blue,10.0,glove,10.0,blue,10.662,shoe,11.262,hat,12.0,toy,12.462,blue,13.0
m_noise__ild_0__itd_50__targ_l__control_0,1,Masker,noise,2.862,noise,3.612,noise,4.062,noise,4.812,noise,5.262,noise,6.012,noise,6.462,noise,7.212,noise,7.662,noise,8.412,noise,8.862,noise,9.462,noise,10.062,noise,10.812,noise,11.412,noise,11.862,noise,12.612,noise,13.062
m_noise__ild_0__itd_50__targ_l__control_0,2,Target,chairs,3.0,desks,4.0,tables,4.0,toy,5.0,blue,5.0,chairs,5.862,white,7.0,pen,7.062,desks,8.0,red,8.0,red,9.0,sock,10.0,chairs,10.062,hat,10.662,spoons,11.0,bag,12.0,desks,12.462,bag,13.0
m_noise__ild_0__itd_50__targ_l__control_0,2,Masker,noise,2.862,noise,3.462,noise,4.062,noise,4.662,noise,5.262,noise,6.012,noise,6.462,noise,7.212,noise,7.662,noise,8.262,noise,8.862,noise,9.462,noise,10.212,noise,10.812,noise,11.262,noise,11.862,noise,12.612,noise,13.062
m_noise__ild_0__itd_50__targ_l__control_0,3,Target,bag,2.862,card,4.0,hat,4.0,tables,5.0,glove,5.262,pen,5.862,hat,7.0,sock,7.0,blue,8.0,blue,8.262,pen,8.862,hat,10.0,sock,10.062,chairs,10.662,card,11.262,glove,12.0,tables,13.0,green,13.0
m_noise__ild_0__itd_50__targ_l__control_0,3,Masker,noise,3.012,noise,3.462,noise,4.062,noise,4.662,noise,5.412,noise,6.012,noise,6.462,noise,7.062,noise,7.662,noise,8.412,noise,9.012,noise,9.462,noise,10.212,noise,10.812,noise,11.412,noise,11.862,noise,12.462,noise,13.062
m_noise__ild_0__itd_50__targ_r__control_0,0,Target,shoe,2.0,hat,2.0,red,3.0,bag,4.0,chairs,4.066,blue,4.666,card,5.266,pen,5.866,green,6.466,pen,7.0,shoe,7.666,toy,8.0,pen,8.866,shoe,10.0,card,10.0,bag,11.0,chairs,11.266,green,11.866
m_noise__ild_0__itd_50__targ_r__control_0,0,Masker,noise,1.666,noise,2.266,noise,2.866,noise,3.466,noise,4.216,noise,4.816,noise,5.416,noise,6.016,noise,6.616,noise,7.066,noise,7.816,noise,8.266,noise,9.016,noise,9.466,noise,10.066,noise,10.666,noise,11.416,noise,12.016
m_noise__ild_0__itd_50__targ_r__control_0,1,Target,blue,1.666,sock,2.0,tables,3.0,glove,4.0,sock,4.0,chairs,5.0,blue,5.266,toy,6.0,red,7.0,tables,7.0,spoons,8.0,glove,8.0,card,9.0,spoons,10.0,tables,10.0,chairs,10.666,spoons,11.0,card,11.866
m_noise__ild_0__itd_50__targ_r__control_0,1,Masker,noise,1.816,noise,2.266,noise,2.866,noise,3.466,noise,4.066,noise,4.666,noise,5.416,noise,5.866,noise,6.466,noise,7.066,noise,7.666,noise,8.266,noise,8.866,noise,9.466,noise,10.066,noise,10.816,noise,11.266,noise,12.016
m_noise__ild_0__itd_50__targ_r__control_0,2,Target,white,1.666,tables,2.0,pen,3.0,tables,3.466,toy,4.066,blue,4.666,red,5.266,card,6.0,shoe,6.466,chairs,7.066,shoe,8.0,sock,8.0,bag,9.0,red,10.0,chairs,10.066,toy,11.0,shoe,11.0,tables,12.0
m_noise__ild_0__itd_50__targ_r__control_0,2,Masker,noise,1.816,noise,2.266,noise,2.866,noise,3.616,noise,4.216,noise,4.816,noise,5.416,noise,5.866,noise,6.616,noise,7.216,noise,7.666,noise,8.266,noise,8.866,noise,9.466,noise,10.216,noise,10.666,noise,11.266,noise,11.866
m_noise__ild_0__itd_50__targ_r__control_0,3,Target,card,1.666,tables,2.0,desks,2.866,tables,3.466,spoons,4.066,pen,5.0,hat,5.0,toy,6.0,spoons,6.466,desks,7.0,blue,7.666,green,8.0,shoe,8.866,card,9.466,glove,10.0,spoons,11.0,card,11.266,tables,11.866
m_noise__ild_0__itd_50__targ_r__control_0,3,Masker,noise,1.816,noise,2.266,noise,3.016,noise,3.616,noise,4.216,noise,4.666,noise,5.266,noise,5.866,noise,6.616,noise,7.066,noise,7.816,noise,8.266,noise,9.016,noise,9.616,noise,10.066,noise,10.666,noise,11.416,noise,12.016
m_speech__ild_0__itd_500__targ_l__control_0,0,Target,tables,1.34,glove,2.0,desks,3.0,glove,3.14,tables,4.0,card,4.0,pen,5.0,blue,5.54,red,6.14,sock,7.0,red,7.0,glove,7.94,desks,8.54,bag,9.14,white,9.74,desks,10.34,hat,10.94,sock,11.54
m_speech__ild_0__itd_500__targ_l__control_0,0,Masker,spoons,1.49,spoons,1.94,red,2.54,chairs,3.29,sock,3.74,shoe,4.34,desks,4.94,card,5.69,tables,6.29,spoons,6.74,desks,7.34,white,8.09,chairs,8.69,toy,9.29,desks,9.89,white,10.49,green,11.09,card,11.69
m_speech__ild_0__itd_500__targ_l__control_0,1,Target,tables,1.34,tables,1.94,tables,3.0,blue,3.14,tables,3.74,pen,4.34,card,5.0,red,5.54,sock,6.14,pen,7.0,chairs,7.0,hat,7.94,red,9.0,card,9.14,bag,9.74,card,10.34,hat,11.0,red,12.0
m_speech__ild_0__itd_500__targ_l__control_0,1,Masker,bag,1.49,shoe,2.09,glove,2.54,chairs,3.29,white,3.89,sock,4.49,tables,4.94,pen,5.69,pen,6.29,tables,6.74,chairs,7.34,tables,8.09,card,8.54,sock,9.29,toy,9.89,white,10.49,green,10.94,tables,11.54
m_speech__ild_0__itd_500__targ_l__control_0,2,Target,bag,1.34,shoe,1.94,card,2.54,sock,3.14,blue,3.74,bag,4.34,sock,5.0,hat,6.0,shoe,6.0,green,7.0,bag,7.34,pen,8.0,glove,9.0,card,9.0,green,10.0,card,10.34,tables,10.94,toy,11.54
m_speech__ild_0__itd_500__targ_l__control_0,2,Masker,hat,1.49,card,2.09,white,2.69,pen,3.29,chairs,3.89,shoe,4.49,white,4.94,sock,5.54,red,6.14,desks,6.74,shoe,7.49,pen,7.94,shoe,8.54,pen,9.14,shoe,9.74,bag,10.49,chairs,11.09,glove,11.69
m_speech__ild_0__itd_500__targ_l__control_0,3,Target,tables,1.34,white,1.94,toy,2.54,hat,3.14,card,4.0,bag,4.34,red,4.94,pen,6.0,chairs,6.14,toy,6.74,bag,7.34,white,8.0,bag,8.54,card,9.14,shoe,9.74,sock,10.0,tables,11.0,green,11.54
m_speech__ild_0__itd_500__targ_l__control_0,3,Masker,bag,1.49,tables,2.09,hat,2.69,bag,3.29,tables,3.74,desks,4.49,bag,5.09,glove,5.54,white,6.29,red,6.89,tables,7.49,desks,7.94,red,8.69,toy,9.29,bag,9.89,card,10.34,toy,10.94,tables,11.69
m_speech__ild_0__itd_500__targ_r__control_0,0,Target,pen,2.0,desks,1.965,chairs,3.0,card,3.0,bag,4.0,desks,4.365,green,4.965,glove,5.565,card,6.0,blue,7.0,pen,7.365,bag,8.0,glove,8.565,pen,9.0,desks,9.765,desks,10.365,card,10.965,spoons,12.0
m_speech__ild_0__itd_500__targ_r__control_0,0,Masker,hat,1.365,bag,2.115,tables,2.565,shoe,3.165,hat,3.765,red,4.515,spoons,5.115,toy,5.715,toy,6.165,bag,6.765,sock,7.515,bag,7.965,chairs,8.715,card,9.165,green,9.915,blue,10.515,sock,11.115,blue,11.565
m_speech__ild_0__itd_500__targ_r__control_0,1,Target,shoe,2.0,spoons,2.0,shoe,3.0,red,3.0,glove,4.0,hat,4.365,card,5.0,red,5.565,chairs,6.165,spoons,7.0,hat,8.0,shoe,7.965,spoons,9.0,toy,9.0,hat,9.765,pen,11.0,glove,11.0,sock,12.0
m_speech__ild_0__itd_500__targ_r__control_0,1,Masker,toy,1.365,tables,1.965,pen,2.565,tables,3.165,chairs,3.765,shoe,4.515,green,4.965,sock,5.715,bag,6.315,red,6.765,card,7.365,hat,8.115,desks,8.565,blue,9.165,tables,9.915,card,10.365,glove,10.965,shoe,11.565
m_speech__ild_0__itd_500__targ_r__control_0,2,Target,shoe,2.0,blue,2.0,red,3.0,hat,3.165,shoe,4.0,glove,4.365,green,5.0,spoons,5.565,bag,6.165,sock,6.765,glove,8.0,desks,7.965,glove,8.565,toy,9.0,pen,10.0,card,11.0,hat,10.965,sock,11.565
m_speech__ild_0__itd_500__targ_r__control_0,2,Masker,tables,1.365,hat,1.965,tables,2.565,desks,3.315,card,3.765,red,4.515,chairs,4.965,toy,5.715,card,6.315,sock,6.915,pen,7.365,tables,8.115,pen,8.715,red,9.165,chairs,9.765,sock,10.365,desks,11.115,card,11.715
m_speech__ild_0__itd_500__targ_r__control_0,3,Target,sock,2.0,white,2.0,white,2.565,tables,3.0,tables,3.765,sock,4.365,glove,4.965,card,6.0,hat,6.0,shoe,6.765,tables,8.0,red,8.0,bag,8.565,sock,9.165,glove,9.765,spoons,11.0,bag,10.965,card,12.0
m_speech__ild_0__itd_500__targ_r__control_0,3,Masker,desks,1.365,tables,1.965,card,2.715,sock,3.165,bag,3.915,toy,4.515,white,5.115,spoons,5.565,sock,6.165,green,6.915,spoons,7.365,tables,7.965,blue,8.715,bag,9.315,bag,9.915,bag,10.365,pen,11.115,bag,11.565
m_noise__ild_0__itd_500__targ_l__control_0,0,Target,shoe,3.0,tables,3.0,sock,4.0,green,4.181,red,4.781,glove,5.381,sock,5.981,chairs,7.0,hat,7.0,shoe,8.0,glove,9.0,hat,8.981,sock,9.581,toy,10.181,red,11.0,chairs,11.381,sock,11.981,spoons,13.0
m_noise__ild_0__itd_500__targ_l__control_0,0,Masker,noise,2.381,noise,2.981,noise,3.581,noise,4.331,noise,4.931,noise,5.531,noise,6.131,noise,6.581,noise,7.181,noise,7.781,noise,8.381,noise,9.131,noise,9.731,noise,10.331,noise,10.781,noise,11.531,noise,12.131,noise,12.581
m_noise__ild_0__itd_500__targ_l__control_0,1,Target,spoons,3.0,hat,3.0,tables,3.581,pen,4.181,tables,5.0,card,5.381,red,6.0,hat,6.581,card,7.0,desks,7.781,spoons,8.381,tables,9.0,sock,10.0,blue,10.0,red,11.0,card,11.381,bag,12.0,blue,13.0
m_noise__ild_0__itd_500__targ_l__control_0,1,Masker,noise,2.381,noise,2.981,noise,3.731,noise,4.331,noise,4.781,noise,5.531,noise,5.981,noise,6.731,noise,7.181,noise,7.931,noise,8.531,noise,8.981,noise,9.581,noise,10.181,noise,10.781,noise,11.531,noise,11.981,noise,12.581
m_noise__ild_0__itd_500__targ_l__control_0,2,Target,hat,2.381,card,3.0,pen,4.0,spoons,4.0,red,5.0,chairs,6.0,chairs,5.981,tables,6.581,spoons,7.0,hat,8.0,bag,9.0,spoons,9.0,blue,10.0,red,10.0,spoons,10.781,bag,12.0,blue,11.981,chairs,13.0
m_noise__ild_0__itd_500__targ_l__control_0,2,Masker,noise,2.531,noise,2.981,noise,3.581,noise,4.181,noise,4.781,noise,5.381,noise,6.131,noise,6.731,noise,7.181,noise,7.781,noise,8.381,noise,8.981,noise,9.581,noise,10.181,noise,10.931,noise,11.381,noise,12.131,noise,12.581
m_noise__ild_0__itd_500__targ_l__control_0,3,Target,desks,2.381,card,3.0,bag,4.0,pen,4.181,tables,5.0,bag,6.0,sock,6.0,hat,6.581,card,7.181,white,8.0,tables,8.381,blue,9.0,desks,10.0,spoons,10.0,spoons,11.0,red,11.381,hat,12.0,bag,13.0
m_noise__ild_0__itd_500__targ_l__control_0,3,Masker,noise,2.531,noise,2.981,noise,3.581,noise,4.331,noise,4.781,noise,5.381,noise,5.981,noise,6.731,noise,7.331,noise,7.781,noise,8.531,noise,8.981,noise,9.581,noise,10.181,noise,10.781,noise,11.531,noise,11.981,noise,12.581
m_noise__ild_0__itd_500__targ_r__control_0,0,Target,green,2.0,pen,2.086,white,2.686,desks,3.286,spoons,3.886,shoe,4.486,spoons,5.086,toy,6.0,tables,6.286,spoons,6.886,glove,8.0,shoe,8.0,pen,9.0,red,9.286,spoons,10.0,shoe,10.486,spoons,11.0,sock,11.686
m_noise__ild_0__itd_500__targ_r__control_0,0,Masker,noise,1.486,noise,2.236,noise,2.836,noise,3.436,noise,4.036,noise,4.636,noise,5.236,noise,5.686,noise,6.436,noise,7.036,noise,7.486,noise,8.086,noise,8.686,noise,9.436,noise,9.886,noise,10.636,noise,11.086,noise,11.836
m_noise__ild_0__itd_500__targ_r__control_0,1,Target,glove,2.0,sock,2.086,hat,3.0,chairs,3.0,blue,4.0,tables,5.0,green,5.086,bag,6.0,desks,6.0,chairs,6.886,tables,7.486,chairs,8.0,bag,8.686,chairs,9.286,hat,10.0,bag,11.0,hat,11.086,chairs,11.686
m_noise__ild_0__itd_500__targ_r__control_0,1,Masker,noise,1.486,noise,2.236,noise,2.686,noise,3.286,noise,3.886,noise,4.486,noise,5.236,noise,5.686,noise,6.286,noise,7.036,noise,7.636,noise,8.086,noise,8.836,noise,9.436,noise,9.886,noise,10.486,noise,11.236,noise,11.836
m_noise__ild_0__itd_500__targ_r__control_0,2,Target,pen,2.0,sock,2.0,chairs,3.0,bag,3.0,hat,3.886,hat,4.486,tables,5.086,glove,5.686,green,6.0,glove,7.0,red,7.486,sock,8.086,spoons,8.686,glove,9.0,tables,10.0,glove,11.0,hat,11.0,hat,11.686
m_noise__ild_0__itd_500__targ_r__control_0,2,Masker,noise,1.486,noise,2.086,noise,2.686,noise,3.286,noise,4.036,noise,4.636,noise,5.236,noise,5.836,noise,6.286,noise,6.886,noise,7.636,noise,8.236,noise,8.836,noise,9.286,noise,9.886,noise,10.486,noise,11.086,noise,11.836
m_noise__ild_0__itd_500__targ_r__control_0,3,Target,hat,2.0,chairs,2.0,green,2.686,pen,3.286,spoons,3.886,green,4.486,spoons,5.086,spoons,5.686,shoe,6.0,blue,6.886,hat,7.486,sock,8.0,chairs,8.686,chairs,9.286,shoe,10.0,card,10.486,bag,11.086,green,12.0
m_noise__ild_0__itd_500__targ_r__control_0,3,Masker,noise,1.486,noise,2.086,noise,2.836,noise,3.436,noise,4.036,noise,4.636,noise,5.236,noise,5.836,noise,6.286,noise,7.036,noise,7.636,noise,8.086,noise,8.836,noise,9.436,noise,9.886,noise,10.636,noise,11.236,noise,11.686
m_speech__ild_10__itd_0__targ_l__control_0,0,Target,sock,2.162,glove,3.0,sock,3.362,green,3.962,hat,4.562,spoons,5.0,sock,6.0,spoons,7.0,toy,7.0,bag,8.0,spoons,8.0,green,9.0,spoons,10.0,blue,10.0,sock,11.0,card,11.162,shoe,12.0,red,12.362
m_speech__ild_10__itd_0__targ_l__control_0,0,Masker,red,2.312,desks,2.762,bag,3.512,bag,4.112,spoons,4.712,spoons,5.162,spoons,5.762,sock,6.362,tables,6.962,sock,7.562,red,8.162,sock,8.762,hat,9.362,sock,9.962,card,10.562,green,11.312,sock,11.762,bag,12.512
m_speech__ild_10__itd_0__targ_l__control_0,1,Target,card,2.162,spoons,2.762,hat,3.362,tables,3.962,hat,5.0,green,5.162,glove,6.0,bag,7.0,pen,7.0,pen,8.0,sock,8.0,bag,9.0,blue,9.362,hat,9.962,tables,10.562,pen,11.0,white,12.0,spoons,12.362
m_speech__ild_10__itd_0__targ_l__control_0,1,Masker,hat,2.312,sock,2.912,red,3.512,glove,4.112,pen,4.562,pen,5.312,pen,5.762,green,6.362,red,6.962,shoe,7.562,green,8.162,glove,8.762,bag,9.512,glove,10.112,spoons,10.712,glove,11.162,hat,11.762,glove,12.512
m_speech__ild_10__itd_0__targ_l__control_0,2,Target,sock,2.162,shoe,3.0,blue,3.362,chairs,4.0,red,5.0,toy,5.162,glove,5.762,hat,7.0,red,6.962,bag,7.562,shoe,8.0,sock,9.0,shoe,10.0,bag,9.962,bag,11.0,shoe,11.0,chairs,11.762,shoe,12.362
m_speech__ild_10__itd_0__targ_l__control_0,2,Masker,tables,2.312,shoe,2.762,toy,3.512,bag,3.962,chairs,4.562,toy,5.312,hat,5.912,sock,6.362,sock,7.112,toy,7.712,pen,8.162,glove,8.762,bag,9.362,blue,10.112,shoe,10.562,glove,11.162,green,11.912,hat,12.512
m_speech__ild_10__itd_0__targ_l__control_0,3,Target,sock,2.0,desks,3.0,toy,3.362,blue,4.0,shoe,5.0,glove,5.162,hat,5.762,toy,6.362,blue,6.962,chairs,7.562,card,8.0,tables,9.0,glove,9.362,sock,9.962,spoons,11.0,desks,11.162,desks,12.0,glove,12.362
m_speech__ild_10__itd_0__targ_l__control_0,3,Masker,desks,2.162,blue,2.762,desks,3.512,desks,3.962,desks,4.562,blue,5.312,bag,5.912,pen,6.512,sock,7.112,desks,7.712,sock,8.162,sock,8.762,desks,9.512,desks,10.112,card,10.562,bag,11.312,green,11.762,desks,12.512
m_speech__ild_10__itd_0__targ_r__control_0,0,Target,pen,2.0,bag,3.0,blue,3.314,sock,4.0,hat,4.514,shoe,5.0,toy,5.714,desks,6.314,spoons,6.914,blue,8.0,shoe,8.114,spoons,8.714,toy,9.0,pen,10.0,bag,11.0,glove,11.114,desks,11.714,bag,12.314
m_speech__ild_10__itd_0__targ_r__control_0,0,Masker,bag,2.114,glove,2.714,shoe,3.464,green,3.914,toy,4.664,bag,5.114,green,5.864,desks,6.464,shoe,7.064,chairs,7.514,shoe,8.264,shoe,8.864,blue,9.314,desks,9.914,desks,10.514,sock,11.264,glove,11.864,blue,12.464
m_speech__ild_10__itd_0__targ_r__control_0,1,Target,pen,2.114,spoons,3.0,hat,3.0,sock,3.914,green,4.514,spoons,5.114,card,6.0,pen,6.0,bag,6.914,toy,8.0,bag,8.114,card,8.714,blue,9.314,spoons,10.0,hat,10.514,pen,11.0,toy,12.0,card,12.314
m_speech__ild_10__itd_0__targ_r__control_0,1,Masker,spoons,2.264,chairs,2.714,spoons,3.314,pen,4.064,sock,4.664,white,5.264,white,5.714,spoons,6.314,hat,7.064,pen,7.514,hat,8.264,spoons,8.864,pen,9.464,hat,9.914,chairs,10.664,toy,11.114,desks,11.714,sock,12.464
m_speech__ild_10__itd_0__targ_r__control_0,2,Target,shoe,2.114,glove,2.714,desks,3.314,green,3.914,chairs,5.0,tables,5.0,white,5.714,pen,6.0,spoons,6.914,shoe,8.0,chairs,8.114,tables,9.0,hat,9.0,sock,10.0,desks,11.0,bag,11.0,bag,12.0,pen,12.314
m_speech__ild_10__itd_0__targ_r__control_0,2,Masker,spoons,2.264,chairs,2.864,hat,3.464,spoons,4.064,white,4.514,toy,5.114,desks,5.864,desks,6.314,toy,7.064,glove,7.514,card,8.264,chairs,8.714,spoons,9.314,blue,9.914,chairs,10.514,red,11.114,card,11.714,sock,12.464
m_speech__ild_10__itd_0__targ_r__control_0,3,Target,desks,2.114,tables,2.714,bag,3.314,bag,4.0,sock,5.0,sock,5.114,blue,5.714,bag,6.314,blue,6.914,desks,8.0,card,8.0,chairs,8.714,desks,9.0,sock,9.914,shoe,10.514,sock,11.114,chairs,11.714,bag,12.0
m_speech__ild_10__itd_0__targ_r__control_0,3,Masker,spoons,2.264,card,2.864,white,3.464,card,3.914,glove,4.514,glove,5.264,shoe,5.864,shoe,6.464,bag,7.064,tables,7.514,hat,8.114,card,8.864,white,9.314,pen,10.064,green,10.664,blue,11.264,tables,11.864,bag,12.314
m_noise__ild_10__itd_0__targ_l__control_0,0,Target,sock,1.924,green,2.524,pen,3.0,chairs,3.724,spoons,4.324,sock,5.0,white,5.524,sock,6.0,sock,7.0,card,7.0,sock,8.0,card,9.0,sock,9.0,pen,9.724,bag,10.0,sock,10.924,sock,11.524,card,12.0
m_noise__ild_10__itd_0__targ_l__control_0,0,Masker,noise,2.074,noise,2.674,noise,3.124,noise,3.874,noise,4.474,noise,4.924,noise,5.674,noise,6.124,noise,6.724,noise,7.324,noise,7.924,noise,8.524,noise,9.124,noise,9.874,noise,10.324,noise,11.074,noise,11.674,noise,12.124
m_noise__ild_10__itd_0__targ_l__control_0,1,Target,chairs,1.924,sock,2.524,red,3.124,shoe,4.0,bag,4.0,toy,4.924,tables,5.524,card,6.124,tables,7.0,tables,7.0,green,8.0,tables,8.524,shoe,9.0,red,9.724,glove,10.324,hat,11.0,pen,11.524,pen,12.0
m_noise__ild_10__itd_0__targ_l__control_0,1,Masker,noise,2.074,noise,2.674,noise,3.274,noise,3.724,noise,4.324,noise,5.074,noise,5.674,noise,6.274,noise,6.724,noise,7.324,noise,7.924,noise,8.674,noise,9.124,noise,9.874,noise,10.474,noise,10.924,noise,11.674,noise,12.124
m_noise__ild_10__itd_0__targ_l__control_0,2,Target,chairs,2.0,tables,3.0,pen,3.0,tables,3.724,sock,4.0,tables,4.924,tables,5.524,sock,6.0,spoons,7.0,red,7.0,pen,7.924,white,9.0,bag,9.0,bag,10.0,bag,10.0,pen,10.924,hat,12.0,tables,12.0
m_noise__ild_10__itd_0__targ_l__control_0,2,Masker,noise,1.924,noise,2.524,noise,3.124,noise,3.874,noise,4.324,noise,5.074,noise,5.674,noise,6.124,noise,6.724,noise,7.324,noise,8.074,noise,8.524,noise,9.124,noise,9.724,noise,10.324,noise,11.074,noise,11.524,noise,12.124
m_noise__ild_10__itd_0__targ_l__control_0,3,Target,toy,1.924,shoe,3.0,bag,3.0,red,4.0,green,4.0,chairs,5.0,card,5.524,desks,6.124,tables,7.0,chairs,7.0,green,7.924,toy,8.524,toy,9.0,desks,10.0,tables,10.324,bag,10.924,green,12.0,card,12.124
m_noise__ild_10__itd_0__targ_l__control_0,3,Masker,noise,2.074,noise,2.524,noise,3.124,noise,3.724,noise,4.324,noise,4.924,noise,5.674,noise,6.274,noise,6.724,noise,7.324,noise,8.074,noise,8.674,noise,9.124,noise,9.724,noise,10.474,noise,11.074,noise,11.524,noise,12.274
m_noise__ild_10__itd_0__targ_r__control_0,0,Target,shoe,1.4,spoons,2.0,hat,2.6,blue,3.2,pen,3.8,spoons,5.0,hat,5.0,card,6.0,desks,6.2,pen,7.0,pen,8.0,blue,8.0,hat,9.0,bag,9.0,glove,9.8,pen,11.0,spoons,11.0,hat,11.6
m_noise__ild_10__itd_0__targ_r__control_0,0,Masker,noise,1.55,noise,2.0,noise,2.75,noise,3.35,noise,3.95,noise,4.4,noise,5.0,noise,5.6,noise,6.35,noise,6.8,noise,7.4,noise,8.15,noise,8.6,noise,9.2,noise,9.95,noise,10.4,noise,11.15,noise,11.75
m_noise__ild_10__itd_0__targ_r__control_0,1,Target,tables,2.0,bag,2.0,bag,3.0,green,3.2,sock,3.8,chairs,5.0,card,5.0,card,6.0,pen,6.2,chairs,6.8,bag,8.0,tables,8.0,blue,8.6,hat,9.2,chairs,9.8,tables,11.0,toy,11.0,white,12.0
m_noise__ild_10__itd_0__targ_r__control_0,1,Masker,noise,1.4,noise,2.0,noise,2.6,noise,3.35,noise,3.95,noise,4.4,noise,5.15,noise,5.6,noise,6.35,noise,6.95,noise,7.4,noise,8.0,noise,8.75,noise,9.35,noise,9.95,noise,10.4,noise,11.15,noise,11.6
m_noise__ild_10__itd_0__targ_r__control_0,2,Target,toy,1.4,shoe,2.0,tables,3.0,white,3.0,card,4.0,card,4.4,spoons,5.0,bag,5.6,blue,6.2,blue,7.0,chairs,8.0,tables,8.0,card,8.6,tables,9.0,blue,9.8,shoe,11.0,pen,11.0,shoe,11.6
m_noise__ild_10__itd_0__targ_r__control_0,2,Masker,noise,1.55,noise,2.15,noise,2.6,noise,3.2,noise,3.8,noise,4.55,noise,5.0,noise,5.75,noise,6.35,noise,6.8,noise,7.4,noise,8.15,noise,8.75,noise,9.2,noise,9.95,noise,10.4,noise,11.0,noise,11.75
m_noise__ild_10__itd_0__targ_r__control_0,3,Target,tables,1.4,shoe,2.0,bag,3.0,toy,3.0,tables,4.0,hat,5.0,glove,5.0,sock,5.6,glove,6.2,white,6.8,pen,7.4,hat,8.0,bag,8.6,tables,9.2,red,9.8,desks,11.0,chairs,11.0,card,12.0
m_noise__ild_10__itd_0__targ_r__control_0,3,Masker,noise,1.55,noise,2.15,noise,2.6,noise,3.2,noise,3.8,noise,4.4,noise,5.0,noise,5.75,noise,6.35,noise,6.95,noise,7.55,noise,8.15,noise,8.75,noise,9.35,noise,9.95,noise,10.4,noise,11.0,noise,11.6
m_speech__ild_70n__itd_0__targ_l__control_0,0,Target,chairs,2.0,pen,2.174,green,2.774,blue,4.0,glove,3.974,hat,4.574,sock,5.174,shoe,5.774,card,6.374,sock,6.974,glove,7.574,hat,8.0,glove,8.774,hat,9.374,spoons,9.974,green,11.0,desks,11.0,sock,12.0
m_speech__ild_70n__itd_0__targ_l__control_0,0,Masker,bag,1.574,hat,2.324,spoons,2.924,glove,3.374,chairs,4.124,chairs,4.724,toy,5.324,tables,5.924,red,6.524,spoons,7.124,blue,7.724,glove,8.174,white,8.924,shoe,9.524,green,10.124,pen,10.574,spoons,11.174,glove,11.774
m_speech__ild_70n__itd_0__targ_l__control_0,1,Target,blue,2.0,white,2.0,tables,2.774,pen,3.374,chairs,3.974,card,4.574,tables,5.0,red,6.0,red,7.0,tables,6.974,shoe,8.0,pen,8.174,hat,9.0,bag,9.374,tables,10.0,chairs,11.0,spoons,11.174,glove,12.0
m_speech__ild_70n__itd_0__targ_l__control_0,1,Masker,tables,1.574,tables,2.174,pen,2.924,hat,3.524,tables,4.124,shoe,4.724,tables,5.174,pen,5.774,sock,6.374,desks,7.124,white,7.574,toy,8.324,card,8.774,card,9.524,glove,9.974,red,10.574,green,11.324,spoons,11.774
m_speech__ild_70n__itd_0__targ_l__control_0,2,Target,card,1.574,glove,2.0,glove,2.774,spoons,3.374,white,3.974,chairs,5.0,green,5.174,shoe,5.774,toy,7.0,blue,6.974,green,7.574,desks,8.174,shoe,9.0,glove,10.0,spoons,10.0,toy,11.0,pen,11.174,card,12.0
m_speech__ild_70n__itd_0__targ_l__control_0,2,Masker,shoe,1.724,toy,2.174,glove,2.924,white,3.524,toy,4.124,shoe,4.574,chairs,5.324,blue,5.924,hat,6.374,glove,7.124,glove,7.724,shoe,8.324,tables,8.774,chairs,9.374,toy,9.974,red,10.574,shoe,11.324,hat,11.774
m_speech__ild_70n__itd_0__targ_l__control_0,3,Target,glove,2.0,spoons,2.174,green,3.0,white,3.374,glove,3.974,bag,5.0,green,5.0,sock,6.0,pen,6.374,hat,6.974,green,8.0,toy,8.0,pen,9.0,card,10.0,hat,9.974,glove,11.0,pen,11.174,card,12.0
m_speech__ild_70n__itd_0__targ_l__control_0,3,Masker,bag,1.574,glove,2.324,toy,2.774,tables,3.524,red,4.124,card,4.574,pen,5.174,toy,5.774,white,6.524,card,7.124,glove,7.574,red,8.174,chairs,8.774,glove,9.374,green,10.124,chairs,10.574,toy,11.324,pen,11.774
m_speech__ild_70n__itd_0__targ_r__control_0,0,Target,glove,2.581,spoons,3.0,white,4.0,card,5.0,sock,4.981,spoons,5.581,shoe,6.181,spoons,7.0,tables,8.0,bag,8.0,blue,8.581,bag,9.181,tables,9.781,tables,10.381,toy,11.0,tables,11.581,hat,12.0,shoe,13.0
m_speech__ild_70n__itd_0__targ_r__control_0,0,Masker,toy,2.731,tables,3.181,tables,3.781,desks,4.381,chairs,5.131,white,5.731,tables,6.331,white,6.781,glove,7.381,tables,7.981,card,8.731,red,9.331,chairs,9.931,card,10.531,tables,10.981,card,11.731,blue,12.181,bag,12.781
m_speech__ild_70n__itd_0__targ_r__control_0,1,Target,sock,3.0,card,3.181,glove,4.0,bag,4.381,desks,4.981,spoons,6.0,sock,6.181,blue,6.781,card,7.381,pen,7.981,desks,8.581,sock,9.181,toy,9.781,tables,11.0,white,11.0,toy,12.0,white,12.181,spoons,13.0
m_speech__ild_70n__itd_0__targ_r__control_0,1,Masker,pen,2.581,spoons,3.331,chairs,3.781,red,4.531,sock,5.131,glove,5.581,pen,6.331,sock,6.931,sock,7.531,shoe,8.131,hat,8.731,green,9.331,chairs,9.931,green,10.381,chairs,10.981,spoons,11.581,glove,12.331,tables,12.781
m_speech__ild_70n__itd_0__targ_r__control_0,2,Target,hat,3.0,shoe,3.181,hat,4.0,glove,5.0,spoons,4.981,blue,5.581,shoe,6.0,chairs,6.781,sock,7.381,red,7.981,hat,9.0,hat,9.0,tables,10.0,glove,10.381,chairs,10.981,hat,12.0,spoons,12.181,shoe,12.781
m_speech__ild_70n__itd_0__targ_r__control_0,2,Masker,green,2.581,white,3.331,blue,3.781,tables,4.381,chairs,5.131,tables,5.731,chairs,6.181,shoe,6.931,blue,7.531,sock,8.131,sock,8.581,sock,9.181,toy,9.781,hat,10.531,hat,11.131,sock,11.581,toy,12.331,toy,12.931
m_speech__ild_70n__itd_0__targ_r__control_0,3,Target,desks,2.581,pen,3.0,toy,3.781,pen,4.381,tables,5.0,pen,5.581,sock,6.181,spoons,6.781,white,7.381,red,7.981,blue,8.581,pen,9.181,shoe,9.781,chairs,11.0,card,11.0,glove,12.0,blue,12.181,pen,13.0
m_speech__ild_70n__itd_0__targ_r__control_0,3,Masker,spoons,2.731,shoe,3.181,pen,3.931,pen,4.531,bag,4.981,toy,5.731,card,6.331,sock,6.931,bag,7.531,desks,8.131,chairs,8.731,bag,9.331,red,9.931,bag,10.381,bag,10.981,green,11.581,shoe,12.331,spoons,12.781
m_noise__ild_70n__itd_0__targ_l__control_0,0,Target,pen,2.275,glove,2.875,card,4.0,blue,4.075,tables,4.675,desks,5.0,hat,5.875,blue,7.0,tables,7.0,glove,7.675,pen,8.0,card,9.0,tables,9.475,blue,10.075,red,10.675,toy,11.275,desks,11.875,card,13.0
m_noise__ild_70n__itd_0__targ_l__control_0,0,Masker,noise,2.425,noise,3.025,noise,3.475,noise,4.225,noise,4.825,noise,5.275,noise,6.025,noise,6.475,noise,7.075,noise,7.825,noise,8.275,noise,8.875,noise,9.625,noise,10.225,noise,10.825,noise,11.425,noise,12.025,noise,12.475
m_noise__ild_70n__itd_0__targ_l__control_0,1,Target,glove,2.0,green,2.875,toy,4.0,shoe,4.075,bag,4.675,chairs,5.0,shoe,5.875,desks,7.0,sock,7.0,shoe,8.0,chairs,8.275,white,8.875,white,10.0,toy,10.0,glove,11.0,white,11.0,toy,11.875,spoons,12.475
m_noise__ild_70n__itd_0__targ_l__control_0,1,Masker,noise,2.275,noise,3.025,noise,3.475,noise,4.225,noise,4.825,noise,5.275,noise,6.025,noise,6.475,noise,7.075,noise,7.675,noise,8.425,noise,9.025,noise,9.475,noise,10.075,noise,10.675,noise,11.275,noise,12.025,noise,12.625
m_noise__ild_70n__itd_0__targ_l__control_0,2,Target,card,2.275,red,2.875,tables,4.0,red,4.075,red,4.675,desks,5.275,glove,5.875,white,6.475,spoons,7.075,glove,7.675,chairs,8.0,sock,9.0,bag,10.0,toy,10.0,spoons,11.0,glove,11.275,shoe,11.875,chairs,13.0
m_noise__ild_70n__itd_0__targ_l__control_0,2,Masker,noise,2.425,noise,3.025,noise,3.475,noise,4.225,noise,4.825,noise,5.425,noise,6.025,noise,6.625,noise,7.225,noise,7.825,noise,8.275,noise,8.875,noise,9.475,noise,10.075,noise,10.675,noise,11.425,noise,12.025,noise,12.475
m_noise__ild_70n__itd_0__targ_l__control_0,3,Target,white,2.0,shoe,3.0,hat,4.0,card,4.075,shoe,4.675,hat,5.0,blue,6.0,sock,7.0,toy,7.075,pen,7.675,desks,8.0,toy,9.0,glove,9.475,spoons,10.075,tables,11.0,white,11.0,hat,12.0,bag,12.475
m_noise__ild_70n__itd_0__targ_l__control_0,3,Masker,noise,2.275,noise,2.875,noise,3.475,noise,4.225,noise,4.825,noise,5.275,noise,5.875,noise,6.475,noise,7.225,noise,7.825,noise,8.275,noise,8.875,noise,9.625,noise,10.225,noise,10.675,noise,11.275,noise,11.875,noise,12.625
m_noise__ild_70n__itd_0__targ_r__control_0,0,Target,glove,3.0,toy,3.0,bag,3.917,bag,5.0,pen,5.117,white,5.717,chairs,6.317,glove,6.917,bag,7.517,tables,8.117,shoe,9.0,card,9.0,tables,10.0,red,10.517,white,11.0,chairs,12.0,bag,12.0,green,12.917
m_noise__ild_70n__itd_0__targ_r__control_0,0,Masker,noise,2.717,noise,3.317,noise,4.067,noise,4.517,noise,5.267,noise,5.867,noise,6.467,noise,7.067,noise,7.667,noise,8.267,noise,8.717,noise,9.317,noise,9.917,noise,10.667,noise,11.117,noise,11.717,noise,12.317,noise,13.067
m_noise__ild_70n__itd_0__targ_r__control_0,1,Target,chairs,2.717,spoons,3.0,hat,3.917,green,4.517,card,5.117,glove,6.0,chairs,6.0,tables,7.0,hat,8.0,green,8.117,hat,8.717,chairs,9.0,chairs,10.0,sock,10.517,chairs,11.117,chairs,12.0,glove,12.0,glove,13.0
m_noise__ild_70n__itd_0__targ_r__control_0,1,Masker,noise,2.867,noise,3.317,noise,4.067,noise,4.667,noise,5.267,noise,5.717,noise,6.317,noise,6.917,noise,7.517,noise,8.267,noise,8.867,noise,9.317,noise,9.917,noise,10.667,noise,11.267,noise,11.717,noise,12.317,noise,12.917
m_noise__ild_70n__itd_0__targ_r__control_0,2,Target,sock,3.0,glove,3.0,sock,3.917,spoons,5.0,green,5.117,green,5.717,spoons,6.0,red,7.0,desks,8.0,card,8.0,pen,9.0,sock,9.317,glove,9.917,spoons,10.517,spoons,11.117,desks,11.717,shoe,12.317,hat,13.0
m_noise__ild_70n__itd_0__targ_r__control_0,2,Masker,noise,2.717,noise,3.317,noise,4.067,noise,4.517,noise,5.267,noise,5.867,noise,6.317,noise,6.917,noise,7.517,noise,8.117,noise,8.717,noise,9.467,noise,10.067,noise,10.667,noise,11.267,noise,11.867,noise,12.467,noise,12.917
m_noise__ild_70n__itd_0__targ_r__control_0,3,Target,white,3.0,hat,3.0,tables,4.0,blue,4.517,toy,5.117,spoons,5.717,desks,6.317,bag,6.917,glove,8.0,spoons,8.0,spoons,9.0,hat,9.0,toy,9.917,hat,10.517,glove,11.117,white,12.0,hat,12.317,blue,13.0
m_noise__ild_70n__itd_0__targ_r__control_0,3,Masker,noise,2.717,noise,3.317,noise,3.917,noise,4.667,noise,5.267,noise,5.867,noise,6.467,noise,7.067,noise,7.517,noise,8.117,noise,8.717,noise,9.317,noise,10.067,noise,10.667,noise,11.267,noise,11.717,noise,12.467,noise,12.917
m_speech__ild_0__itd_500__targ_l__control_1,0,Target,tables,1.47,white,2.07,shoe,3.0,toy,3.0,red,4.0,toy,4.47,hat,5.0,hat,5.67,toy,6.0,bag,7.0,toy,7.47,tables,8.0,spoons,9.0,sock,9.27,chairs,9.87,hat,10.47,glove,11.0,chairs,11.67
m_speech__ild_0__itd_500__targ_l__control_1,0,Masker,hat,1.62,spoons,2.22,sock,2.67,tables,3.27,desks,3.87,bag,4.62,spoons,5.07,white,5.82,shoe,6.27,red,6.87,white,7.62,hat,8.07,desks,8.67,toy,9.42,chairs,10.02,blue,10.62,shoe,11.07,hat,11.82
m_speech__ild_0__itd_500__targ_l__control_1,1,Target,green,2.0,sock,2.0,desks,2.67,toy,3.0,sock,3.87,green,5.0,card,5.07,spoons,6.0,glove,6.27,desks,7.0,glove,8.0,toy,8.07,toy,8.67,white,9.27,bag,10.0,tables,11.0,shoe,11.07,desks,11.67
m_speech__ild_0__itd_500__targ_l__control_1,1,Masker,shoe,1.47,blue,2.07,green,2.82,hat,3.27,desks,4.02,bag,4.47,white,5.22,sock,5.67,shoe,6.42,toy,6.87,spoons,7.47,toy,8.22,hat,8.82,chairs,9.42,spoons,9.87,toy,10.47,blue,11.22,toy,11.82
m_speech__ild_0__itd_500__targ_l__control_1,2,Target,hat,1.47,hat,2.0,card,3.0,blue,3.0,toy,3.87,hat,4.47,white,5.0,toy,5.67,tables,6.27,card,6.87,toy,8.0,spoons,8.07,hat,9.0,card,9.27,hat,10.0,sock,11.0,hat,11.07,hat,12.0
m_speech__ild_0__itd_500__targ_l__control_1,2,Masker,red,1.62,tables,2.07,red,2.67,toy,3.27,desks,4.02,hat,4.62,chairs,5.07,spoons,5.82,bag,6.42,toy,7.02,hat,7.47,bag,8.22,chairs,8.67,hat,9.42,pen,9.87,toy,10.47,blue,11.22,sock,11.67
m_speech__ild_0__itd_500__targ_l__control_1,3,Target,glove,2.0,tables,2.07,white,3.0,shoe,3.27,red,3.87,glove,5.0,tables,5.0,spoons,6.0,white,6.0,shoe,7.0,toy,8.0,sock,8.07,toy,9.0,tables,9.27,sock,10.0,desks,10.47,pen,11.07,spoons,11.67
m_speech__ild_0__itd_500__targ_l__control_1,3,Masker,tables,1.47,toy,2.22,tables,2.67,white,3.42,desks,4.02,tables,4.47,blue,5.07,desks,5.67,toy,6.27,tables,6.87,card,7.47,spoons,8.22,chairs,8.67,blue,9.42,desks,9.87,pen,10.62,desks,11.22,sock,11.82
m_speech__ild_0__itd_500__targ_r__control_1,0,Target,spoons,2.0,chairs,2.366,glove,2.966,toy,4.0,desks,4.166,card,4.766,red,6.0,glove,6.0,blue,6.566,blue,7.166,hat,7.766,spoons,8.366,desks,8.966,card,9.566,toy,10.166,glove,11.0,spoons,12.0,toy,12.0
m_speech__ild_0__itd_500__targ_r__control_1,0,Masker,pen,1.766,bag,2.516,shoe,3.116,glove,3.566,green,4.316,tables,4.916,glove,5.366,bag,5.966,bag,6.716,glove,7.316,card,7.916,green,8.516,hat,9.116,spoons,9.716,sock,10.316,glove,10.766,bag,11.366,card,11.966
m_speech__ild_0__itd_500__targ_r__control_1,1,Target,red,1.766,shoe,3.0,bag,3.0,hat,4.0,chairs,4.166,card,5.0,blue,6.0,bag,6.0,card,6.566,toy,7.166,shoe,8.0,pen,9.0,glove,9.0,blue,10.0,chairs,10.0,shoe,10.766,toy,11.366,card,12.0
m_speech__ild_0__itd_500__targ_r__control_1,1,Masker,hat,1.916,hat,2.366,glove,2.966,green,3.566,green,4.316,shoe,4.766,card,5.366,pen,5.966,tables,6.716,tables,7.316,hat,7.766,toy,8.366,pen,8.966,hat,9.566,hat,10.166,shoe,10.916,pen,11.516,sock,11.966
m_speech__ild_0__itd_500__targ_r__control_1,2,Target,red,1.766,toy,2.366,green,3.0,hat,4.0,chairs,4.0,spoons,5.0,chairs,5.366,green,5.966,pen,7.0,card,7.0,toy,7.766,chairs,9.0,sock,9.0,pen,10.0,spoons,10.0,toy,10.766,toy,12.0,card,12.0
m_speech__ild_0__itd_500__targ_r__control_1,2,Masker,hat,1.916,spoons,2.516,toy,2.966,red,3.566,pen,4.166,hat,4.766,desks,5.516,pen,6.116,pen,6.566,pen,7.166,white,7.916,pen,8.366,blue,8.966,sock,9.566,card,10.166,chairs,10.916,toy,11.366,pen,11.966
m_speech__ild_0__itd_500__targ_r__control_1,3,Target,sock,2.0,desks,2.366,hat,3.0,bag,4.0,hat,4.0,shoe,4.766,blue,6.0,bag,6.0,card,6.566,card,7.166,card,7.766,card,8.366,green,8.966,shoe,9.566,toy,10.166,glove,10.766,chairs,11.366,hat,12.0
m_speech__ild_0__itd_500__targ_r__control_1,3,Masker,card,1.766,hat,2.516,hat,2.966,red,3.566,red,4.166,bag,4.916,hat,5.366,card,5.966,tables,6.716,sock,7.316,chairs,7.916,tables,8.516,tables,9.116,tables,9.716,bag,10.316,white,10.916,spoons,11.516,blue,11.966
m_noise__ild_0__itd_500__targ_l__control_1,0,Target,glove,3.0,white,3.208,sock,3.808,white,4.408,card,5.0,glove,6.0,white,6.208,spoons,6.808,bag,8.0,bag,8.0,bag,9.0,spoons,9.208,hat,10.0,glove,11.0,chairs,11.0,shoe,11.608,toy,12.0,red,12.808
m_noise__ild_0__itd_500__targ_l__control_1,0,Masker,noise,2.608,noise,3.358,noise,3.958,noise,4.558,noise,5.008,noise,5.608,noise,6.358,noise,6.958,noise,7.408,noise,8.008,noise,8.608,noise,9.358,noise,9.808,noise,10.408,noise,11.008,noise,11.758,noise,12.208,noise,12.958
m_noise__ild_0__itd_500__targ_l__control_1,1,Target,chairs,3.0,hat,3.208,chairs,3.808,toy,5.0,blue,5.0,red,5.608,hat,6.208,card,7.0,chairs,8.0,tables,8.0,green,9.0,toy,9.0,pen,9.808,toy,11.0,chairs,11.0,card,12.0,white,12.208,toy,13.0
m_noise__ild_0__itd_500__targ_l__control_1,1,Masker,noise,2.608,noise,3.358,noise,3.958,noise,4.408,noise,5.008,noise,5.758,noise,6.358,noise,6.808,noise,7.408,noise,8.008,noise,8.608,noise,9.208,noise,9.958,noise,10.408,noise,11.008,noise,11.608,noise,12.358,noise,12.808
m_noise__ild_0__itd_500__targ_l__control_1,2,Target,green,2.608,spoons,3.208,toy,3.808,tables,4.408,red,5.0,shoe,5.608,toy,6.0,chairs,7.0,chairs,7.408,bag,8.0,white,8.608,chairs,9.0,toy,9.808,card,10.408,chairs,11.008,red,12.0,shoe,12.208,sock,12.808
m_noise__ild_0__itd_500__targ_l__control_1,2,Masker,noise,2.758,noise,3.358,noise,3.958,noise,4.558,noise,5.008,noise,5.758,noise,6.208,noise,6.808,noise,7.558,noise,8.008,noise,8.758,noise,9.208,noise,9.958,noise,10.558,noise,11.158,noise,11.608,noise,12.358,noise,12.958
m_noise__ild_0__itd_500__targ_l__control_1,3,Target,glove,2.608,desks,3.208,hat,4.0,bag,4.408,red,5.0,bag,5.608,chairs,6.0,shoe,7.0,pen,8.0,desks,8.008,pen,8.608,desks,9.208,glove,10.0,glove,10.408,glove,11.008,shoe,12.0,desks,12.208,red,12.808
m_noise__ild_0__itd_500__targ_l__control_1,3,Masker,noise,2.758,noise,3.358,noise,3.808,noise,4.558,noise,5.008,noise,5.758,noise,6.208,noise,6.808,noise,7.408,noise,8.158,noise,8.758,noise,9.358,noise,9.808,noise,10.558,noise,11.158,noise,11.608,noise,12.358,noise,12.958
m_noise__ild_0__itd_500__targ_r__control_1,0,Target,sock,1.602,chairs,2.0,chairs,2.802,pen,3.402,sock,4.002,chairs,4.602,toy,5.202,sock,5.802,hat,7.0,toy,7.002,pen,7.602,green,8.202,white,9.0,chairs,9.402,hat,10.0,sock,11.0,tables,11.0,hat,11.802
m_noise__ild_0__itd_500__targ_r__control_1,0,Masker,noise,1.752,noise,2.202,noise,2.952,noise,3.552,noise,4.152,noise,4.752,noise,5.352,noise,5.952,noise,6.402,noise,7.152,noise,7.752,noise,8.352,noise,8.802,noise,9.552,noise,10.002,noise,10.602,noise,11.202,noise,11.952
m_noise__ild_0__itd_500__targ_r__control_1,1,Target,chairs,1.602,shoe,2.202,desks,3.0,spoons,3.402,red,4.0,hat,4.602,tables,5.0,hat,5.802,card,6.402,chairs,7.0,green,8.0,chairs,8.0,card,8.802,white,9.402,sock,10.0,white,11.0,bag,11.202,toy,12.0
m_noise__ild_0__itd_500__targ_r__control_1,1,Masker,noise,1.752,noise,2.352,noise,2.802,noise,3.552,noise,4.002,noise,4.752,noise,5.202,noise,5.952,noise,6.552,noise,7.002,noise,7.602,noise,8.202,noise,8.952,noise,9.552,noise,10.002,noise,10.602,noise,11.352,noise,11.802
m_noise__ild_0__itd_500__targ_r__control_1,2,Target,white,2.0,chairs,2.202,bag,2.802,shoe,3.402,green,4.0,red,5.0,glove,5.0,tables,5.802,hat,6.402,pen,7.002,red,7.602,desks,8.202,bag,8.802,pen,9.402,tables,10.002,card,10.602,hat,11.0,card,11.802
m_noise__ild_0__itd_500__targ_r__control_1,2,Masker,noise,1.602,noise,2.352,noise,2.952,noise,3.552,noise,4.002,noise,4.602,noise,5.202,noise,5.952,noise,6.552,noise,7.152,noise,7.752,noise,8.352,noise,8.952,noise,9.552,noise,10.152,noise,10.752,noise,11.202,noise,11.952
m_noise__ild_0__itd_500__targ_r__control_1,3,Target,toy,1.602,white,2.202,hat,2.802,toy,3.402,hat,4.002,red,5.0,bag,5.202,card,6.0,desks,6.402,bag,7.002,red,7.602,toy,8.0,spoons,8.802,sock,9.402,hat,10.0,toy,10.602,chairs,11.202,green,12.0
m_noise__ild_0__itd_500__targ_r__control_1,3,Masker,noise,1.752,noise,2.352,noise,2.952,noise,3.552,noise,4.152,noise,4.602,noise,5.352,noise,5.802,noise,6.552,noise,7.152,noise,7.752,noise,8.202,noise,8.952,noise,9.552,noise,10.002,noise,10.752,noise,11.352,noise,11.802
