Condition,Run,Type,Word0,Time0,Word1,Time1,Word2,Time2,Word3,Time3,Word4,Time4,Word5,Time5,Word6,Time6,Word7,Time7,Word8,Time8,Word9,Time9,Word10,Time10,Word11,Time11,Word12,Time12,Word13,Time13,Word14,Time14,Word15,Time15,Word16,Time16,Word17,Time17
practice,0,Target,glove,2.0,bag,2.859,toy,4.0,bag,4.059,glove,4.659,toy,5.0,shoe,6.0,toy,6.459,toy,7.0,desks,8.0,toy,8.259,bag,9.0,white,10.0,glove,10.059,green,10.659,blue,11.259,bag,12.0,hat,13.0
practice,0,Masker,none,2.259,none,3.009,none,3.459,none,4.209,none,4.809,none,5.259,none,5.859,none,6.609,none,7.059,none,7.659,none,8.409,none,8.859,none,9.459,none,10.209,none,10.809,none,11.409,none,11.859,none,12.459
practice,1,Target,hat,2.0,card,2.859,sock,4.0,shoe,4.0,toy,4.659,blue,5.0,chairs,6.0,pen,7.0,shoe,7.059,hat,7.659,pen,8.259,pen,8.859,card,10.0,sock,10.0,desks,11.0,hat,11.0,blue,11.859,chairs,12.459
practice,1,Masker,none,2.259,none,3.009,none,3.459,none,4.059,none,4.809,none,5.259,none,5.859,none,6.459,none,7.209,none,7.809,none,8.409,none,9.009,none,9.459,none,10.059,none,10.659,none,11.259,none,12.009,none,12.609
practice,2,Target,hat,2.259,glove,3.0,spoons,3.459,glove,4.059,desks,4.659,shoe,5.0,white,6.0,spoons,7.0,sock,7.0,spoons,7.659,glove,8.259,tables,9.0,pen,10.0,spoons,10.059,glove,10.659,green,11.259,hat,12.0,blue,12.459
practice,2,Masker,none,2.409,none,2.859,none,3.609,none,4.209,none,4.809,none,5.259,none,5.859,none,6.459,none,7.059,none,7.809,none,8.409,none,8.859,none,9.459,none,10.209,none,10.809,none,11.409,none,11.859,none,12.609
practice,3,Target,card,2.259,bag,3.0,blue,3.459,green,4.0,pen,5.0,glove,5.259,pen,6.0,pen,7.0,toy,7.059,pen,8.0,pen,8.259,shoe,9.0,chairs,9.459,desks,10.059,chairs,10.659,white,11.0,white,12.0,glove,12.459
practice,3,Masker,none,2.409,none,2.859,none,3.609,none,4.059,none,4.659,none,5.409,none,5.859,none,6.459,none,7.209,none,7.659,none,8.409,none,8.859,none,9.609,none,10.209,none,10.809,none,11.259,none,11.859,none,12.609
m_speech__ild_0__itd_50__targ_l,0,Target,shoe,3.0,bag,3.474,glove,4.0,desks,5.0,hat,5.274,bag,5.874,white,7.0,white,7.074,chairs,7.674,chairs,8.0,pen,9.0,white,9.474,glove,10.074,card,10.674,spoons,11.274,tables,12.0,shoe,12.474,red,13.074
m_speech__ild_0__itd_50__targ_l,0,Masker,pen,2.874,green,3.624,card,4.074,toy,4.674,chairs,5.424,red,6.024,glove,6.474,card,7.224,sock,7.824,chairs,8.274,tables,8.874,chairs,9.624,spoons,10.224,pen,10.824,glove,11.424,glove,11.874,glove,12.624,sock,13.224
m_speech__ild_0__itd_50__targ_l,1,Target,white,3.0,pen,4.0,glove,4.074,card,4.674,toy,5.274,bag,6.0,blue,7.0,toy,7.074,sock,8.0,white,8.274,spoons,9.0,pen,10.0,desks,10.0,sock,11.0,sock,11.0,card,11.874,pen,13.0,tables,13.0
m_speech__ild_0__itd_50__targ_l,1,Masker,spoons,2.874,bag,3.474,sock,4.224,green,4.824,tables,5.424,hat,5.874,toy,6.474,sock,7.224,red,7.674,bag,8.424,shoe,8.874,tables,9.474,blue,10.074,tables,10.674,pen,11.274,red,12.024,spoons,12.474,sock,13.074
m_speech__ild_0__itd_50__targ_l,2,Target,pen,3.0,spoons,3.474,green,4.074,blue,5.0,sock,5.0,white,6.0,spoons,6.474,desks,7.0,glove,8.0,sock,8.274,tables,8.874,spoons,10.0,white,10.074,hat,11.0,glove,11.274,sock,11.874,hat,12.474,toy,13.0
m_speech__ild_0__itd_50__targ_l,2,Masker,desks,2.874,blue,3.624,hat,4.224,glove,4.674,blue,5.274,spoons,5.874,tables,6.624,glove,7.074,sock,7.674,spoons,8.424,blue,9.024,spoons,9.474,glove,10.224,glove,10.674,glove,11.424,hat,12.024,toy,12.624,spoons,13.074
m_speech__ild_0__itd_50__targ_l,3,Target,card,3.0,shoe,4.0,chairs,4.0,card,5.0,blue,5.0,sock,5.874,chairs,6.474,sock,7.074,chairs,8.0,green,8.0,chairs,8.874,white,10.0,pen,10.0,toy,10.674,sock,11.274,pen,12.0,desks,13.0,tables,13.074
m_speech__ild_0__itd_50__targ_l,3,Masker,shoe,2.874,sock,3.474,card,4.074,shoe,4.674,toy,5.274,shoe,6.024,red,6.624,spoons,7.224,card,7.674,toy,8.274,white,9.024,pen,9.474,bag,10.074,sock,10.824,chairs,11.424,toy,11.874,shoe,12.474,chairs,13.224
m_speech__ild_0__itd_50__targ_r,0,Target,green,3.0,spoons,4.0,toy,3.977,pen,5.0,tables,5.0,toy,5.777,toy,7.0,shoe,6.977,pen,8.0,spoons,8.177,pen,8.777,sock,10.0,spoons,9.977,hat,11.0,toy,11.0,toy,12.0,blue,12.377,bag,13.0
m_speech__ild_0__itd_50__targ_r,0,Masker,pen,2.777,chairs,3.377,blue,4.127,white,4.577,bag,5.177,blue,5.927,blue,6.377,glove,7.127,chairs,7.577,pen,8.327,toy,8.927,toy,9.377,bag,10.127,bag,10.577,tables,11.177,spoons,11.777,spoons,12.527,toy,12.977
m_speech__ild_0__itd_50__targ_r,1,Target,card,2.777,sock,4.0,spoons,4.0,white,5.0,pen,5.177,tables,5.777,spoons,6.377,hat,6.977,card,8.0,spoons,8.0,bag,9.0,green,10.0,desks,10.0,glove,11.0,chairs,11.177,spoons,12.0,blue,13.0,spoons,13.0
m_speech__ild_0__itd_50__targ_r,1,Masker,blue,2.927,hat,3.377,card,3.977,glove,4.577,tables,5.327,spoons,5.927,toy,6.527,spoons,7.127,desks,7.577,toy,8.177,hat,8.777,card,9.377,glove,9.977,green,10.577,shoe,11.327,spoons,11.777,desks,12.377,blue,12.977
m_speech__ild_0__itd_50__targ_r,2,Target,sock,3.0,tables,4.0,white,3.977,blue,4.577,shoe,5.0,bag,6.0,chairs,7.0,pen,7.0,chairs,7.577,sock,8.0,desks,9.0,tables,9.377,blue,10.0,desks,11.0,glove,11.0,tables,12.0,bag,12.377,blue,13.0
m_speech__ild_0__itd_50__targ_r,2,Masker,desks,2.777,desks,3.377,shoe,4.127,chairs,4.727,blue,5.177,chairs,5.777,shoe,6.377,glove,6.977,green,7.727,spoons,8.177,glove,8.777,shoe,9.527,shoe,9.977,spoons,10.577,glove,11.177,pen,11.777,tables,12.527,chairs,12.977
m_speech__ild_0__itd_50__targ_r,3,Target,chairs,2.777,green,4.0,chairs,4.0,blue,4.577,chairs,5.177,spoons,5.777,tables,6.377,blue,6.977,spoons,8.0,spoons,8.0,bag,8.777,hat,9.377,pen,10.0,chairs,10.577,pen,11.177,chairs,12.0,white,12.377,bag,12.977
m_speech__ild_0__itd_50__targ_r,3,Masker,spoons,2.927,pen,3.377,card,3.977,chairs,4.727,spoons,5.327,sock,5.927,green,6.527,spoons,7.127,tables,7.577,spoons,8.177,card,8.927,card,9.527,chairs,9.977,chairs,10.727,blue,11.327,card,11.777,desks,12.527,chairs,13.127
m_noise__ild_0__itd_50__targ_l,0,Target,blue,1.0,chairs,1.665,pen,2.265,glove,2.865,white,4.0,chairs,4.065,sock,5.0,glove,5.265,tables,5.865,toy,7.0,blue,7.0,spoons,7.665,chairs,8.265,bag,9.0,bag,10.0,toy,10.0,chairs,11.0,glove,11.0
m_noise__ild_0__itd_50__targ_l,0,Masker,noise,1.065,noise,1.815,noise,2.415,noise,3.015,noise,3.465,noise,4.215,noise,4.665,noise,5.415,noise,6.015,noise,6.465,noise,7.065,noise,7.815,noise,8.415,noise,8.865,noise,9.465,noise,10.065,noise,10.665,noise,11.265
m_noise__ild_0__itd_50__targ_l,1,Target,tables,1.065,desks,1.665,green,2.0,bag,2.865,shoe,3.465,white,4.065,hat,5.0,tables,5.265,blue,5.865,toy,6.465,tables,7.065,sock,8.0,spoons,8.265,shoe,9.0,glove,9.465,spoons,10.0,shoe,10.665,chairs,11.0
m_noise__ild_0__itd_50__targ_l,1,Masker,noise,1.215,noise,1.815,noise,2.265,noise,3.015,noise,3.615,noise,4.215,noise,4.665,noise,5.415,noise,6.015,noise,6.615,noise,7.215,noise,7.665,noise,8.415,noise,8.865,noise,9.615,noise,10.065,noise,10.815,noise,11.265
m_noise__ild_0__itd_50__targ_l,2,Target,blue,1.065,bag,2.0,chairs,2.265,spoons,2.865,hat,4.0,shoe,4.065,pen,5.0,white,5.0,spoons,5.865,desks,7.0,tables,7.0,card,8.0,card,8.0,toy,8.865,pen,9.465,red,10.0,desks,11.0,shoe,11.265
m_noise__ild_0__itd_50__targ_l,2,Masker,noise,1.215,noise,1.665,noise,2.415,noise,3.015,noise,3.465,noise,4.215,noise,4.665,noise,5.265,noise,6.015,noise,6.465,noise,7.065,noise,7.665,noise,8.265,noise,9.015,noise,9.615,noise,10.065,noise,10.665,noise,11.415
m_noise__ild_0__itd_50__targ_l,3,Target,glove,1.065,tables,1.665,sock,2.265,tables,2.865,pen,4.0,chairs,4.0,green,5.0,toy,5.265,pen,6.0,desks,6.465,card,7.065,white,7.665,card,8.265,bag,9.0,hat,10.0,spoons,10.0,card,11.0,glove,11.0
m_noise__ild_0__itd_50__targ_l,3,Masker,noise,1.215,noise,1.815,noise,2.415,noise,3.015,noise,3.465,noise,4.065,noise,4.665,noise,5.415,noise,5.865,noise,6.615,noise,7.215,noise,7.815,noise,8.415,noise,8.865,noise,9.465,noise,10.065,noise,10.665,noise,11.265
m_noise__ild_0__itd_50__targ_r,0,Target,white,3.0,spoons,3.029,tables,4.0,card,4.0,tables,5.0,hat,6.0,red,6.0,spoons,7.0,shoe,7.0,spoons,7.829,bag,8.429,spoons,9.029,pen,9.629,spoons,10.229,sock,11.0,blue,11.429,green,12.0,card,12.629
m_noise__ild_0__itd_50__targ_r,0,Masker,noise,2.429,noise,3.179,noise,3.629,noise,4.229,noise,4.829,noise,5.429,noise,6.029,noise,6.629,noise,7.229,noise,7.979,noise,8.579,noise,9.179,noise,9.779,noise,10.379,noise,10.829,noise,11.579,noise,12.029,noise,12.779
m_noise__ild_0__itd_50__targ_r,1,Target,bag,3.0,desks,3.0,spoons,3.629,tables,4.0,shoe,4.829,blue,6.0,shoe,6.0,bag,7.0,blue,7.229,hat,8.0,spoons,9.0,bag,9.029,chairs,9.629,hat,10.229,green,10.829,sock,12.0,glove,12.0,blue,12.629
m_noise__ild_0__itd_50__targ_r,1,Masker,noise,2.429,noise,3.029,noise,3.779,noise,4.229,noise,4.979,noise,5.429,noise,6.029,noise,6.629,noise,7.379,noise,7.829,noise,8.429,noise,9.179,noise,9.779,noise,10.379,noise,10.979,noise,11.429,noise,12.029,noise,12.779
m_noise__ild_0__itd_50__targ_r,2,Target,toy,3.0,desks,3.0,shoe,3.629,blue,4.229,white,5.0,red,5.429,red,6.0,shoe,7.0,card,7.229,chairs,8.0,shoe,9.0,chairs,9.0,desks,9.629,toy,10.229,pen,10.829,toy,12.0,glove,12.029,hat,12.629
m_noise__ild_0__itd_50__targ_r,2,Masker,noise,2.429,noise,3.029,noise,3.779,noise,4.379,noise,4.829,noise,5.579,noise,6.029,noise,6.629,noise,7.379,noise,7.829,noise,8.429,noise,9.029,noise,9.779,noise,10.379,noise,10.979,noise,11.429,noise,12.179,noise,12.779
m_noise__ild_0__itd_50__targ_r,3,Target,spoons,2.429,blue,3.029,chairs,4.0,glove,4.229,pen,5.0,bag,6.0,tables,6.029,card,7.0,glove,7.0,spoons,8.0,sock,8.429,spoons,9.029,toy,10.0,red,10.229,shoe,11.0,chairs,12.0,shoe,12.0,pen,13.0
m_noise__ild_0__itd_50__targ_r,3,Masker,noise,2.579,noise,3.179,noise,3.629,noise,4.379,noise,4.829,noise,5.429,noise,6.179,noise,6.629,noise,7.229,noise,7.829,noise,8.579,noise,9.179,noise,9.629,noise,10.379,noise,10.829,noise,11.429,noise,12.029,noise,12.629
m_speech__ild_0__itd_500__targ_l,0,Target,desks,2.0,pen,2.0,card,2.753,green,3.353,green,3.953,hat,4.553,green,5.0,red,6.0,toy,6.353,card,7.0,card,8.0,hat,8.153,desks,8.753,toy,10.0,pen,10.0,desks,10.553,bag,11.0,desks,11.753
m_speech__ild_0__itd_500__targ_l,0,Masker,desks,1.553,green,2.153,toy,2.903,shoe,3.503,tables,4.103,pen,4.703,hat,5.153,card,5.753,desks,6.503,shoe,6.953,card,7.553,desks,8.303,red,8.903,desks,9.353,toy,9.953,pen,10.703,desks,11.153,desks,11.903
m_speech__ild_0__itd_500__targ_l,1,Target,card,2.0,chairs,2.0,pen,2.753,pen,3.353,bag,4.0,toy,4.553,desks,5.153,blue,5.753,toy,7.0,sock,6.953,green,8.0,white,8.0,toy,8.753,shoe,10.0,desks,10.0,white,11.0,card,11.0,bag,12.0
m_speech__ild_0__itd_500__targ_l,1,Masker,glove,1.553,blue,2.153,pen,2.903,chairs,3.503,glove,3.953,chairs,4.703,sock,5.303,shoe,5.903,toy,6.353,shoe,7.103,sock,7.553,card,8.153,green,8.903,pen,9.353,glove,9.953,pen,10.553,bag,11.153,chairs,11.753
m_speech__ild_0__itd_500__targ_l,2,Target,green,1.553,red,2.153,green,2.753,sock,4.0,glove,3.953,hat,5.0,glove,5.153,hat,6.0,sock,6.353,desks,7.0,chairs,8.0,tables,8.0,desks,9.0,sock,9.353,green,10.0,glove,11.0,sock,11.153,shoe,11.753
m_speech__ild_0__itd_500__targ_l,2,Masker,card,1.703,glove,2.303,glove,2.903,desks,3.353,red,4.103,card,4.553,glove,5.303,green,5.753,desks,6.503,pen,6.953,glove,7.553,spoons,8.153,red,8.753,tables,9.503,desks,9.953,card,10.553,glove,11.303,desks,11.903
m_speech__ild_0__itd_500__targ_l,3,Target,red,1.553,pen,2.0,glove,2.753,hat,4.0,white,3.953,chairs,5.0,spoons,5.0,glove,5.753,bag,6.353,white,6.953,glove,7.553,pen,8.0,bag,9.0,chairs,10.0,glove,10.0,spoons,11.0,white,11.153,spoons,12.0
m_speech__ild_0__itd_500__targ_l,3,Masker,glove,1.703,glove,2.153,white,2.903,bag,3.353,pen,4.103,hat,4.553,bag,5.153,toy,5.903,desks,6.503,card,7.103,shoe,7.703,red,8.153,glove,8.753,pen,9.353,spoons,9.953,blue,10.553,bag,11.303,chairs,11.753
m_speech__ild_0__itd_500__targ_r,0,Target,spoons,1.138,pen,1.738,blue,2.338,hat,2.938,bag,3.538,red,4.138,bag,4.738,chairs,5.338,toy,6.0,spoons,7.0,desks,7.138,bag,8.0,card,8.0,desks,8.938,chairs,9.538,green,10.138,glove,11.0,chairs,11.338
m_speech__ild_0__itd_500__targ_r,0,Masker,pen,1.288,card,1.888,sock,2.488,white,3.088,spoons,3.688,chairs,4.288,desks,4.888,desks,5.488,spoons,5.938,chairs,6.538,white,7.288,desks,7.738,chairs,8.338,hat,9.088,sock,9.688,desks,10.288,hat,10.738,card,11.488
m_speech__ild_0__itd_500__targ_r,1,Target,hat,1.0,chairs,2.0,spoons,2.0,hat,2.938,white,4.0,desks,4.0,blue,4.738,card,5.338,hat,5.938,card,7.0,hat,7.138,bag,8.0,white,8.0,card,9.0,chairs,10.0,tables,10.138,desks,10.738,pen,11.338
m_speech__ild_0__itd_500__targ_r,1,Masker,tables,1.138,tables,1.738,desks,2.338,pen,3.088,desks,3.538,chairs,4.138,spoons,4.888,spoons,5.488,green,6.088,blue,6.538,spoons,7.288,spoons,7.738,glove,8.338,pen,8.938,chairs,9.538,desks,10.288,sock,10.888,bag,11.488
m_speech__ild_0__itd_500__targ_r,2,Target,green,1.138,card,1.738,blue,2.0,chairs,2.938,chairs,3.538,tables,4.138,hat,4.738,glove,5.0,glove,5.938,chairs,7.0,glove,7.0,tables,8.0,bag,8.338,glove,9.0,chairs,10.0,desks,10.138,glove,10.738,sock,11.338
m_speech__ild_0__itd_500__targ_r,2,Masker,bag,1.288,shoe,1.888,bag,2.338,glove,3.088,bag,3.688,sock,4.288,toy,4.888,hat,5.338,chairs,6.088,glove,6.538,green,7.138,shoe,7.738,spoons,8.488,bag,8.938,blue,9.538,chairs,10.288,card,10.888,pen,11.488
m_speech__ild_0__itd_500__targ_r,3,Target,toy,1.138,green,2.0,spoons,2.0,green,2.938,desks,4.0,chairs,4.138,card,4.738,hat,5.338,pen,6.0,card,7.0,sock,7.0,shoe,7.738,red,8.0,bag,8.938,chairs,10.0,chairs,10.0,sock,10.738,blue,11.338
m_speech__ild_0__itd_500__targ_r,3,Masker,pen,1.288,sock,1.738,card,2.338,tables,3.088,glove,3.538,toy,4.288,tables,4.888,toy,5.488,sock,5.938,white,6.538,card,7.138,pen,7.888,glove,8.338,hat,9.088,green,9.538,sock,10.138,pen,10.888,spoons,11.488
m_noise__ild_0__itd_500__targ_l,0,Target,sock,2.166,white,3.0,white,4.0,red,4.0,hat,4.566,hat,5.0,desks,6.0,shoe,7.0,bag,7.0,chairs,7.566,chairs,8.0,chairs,9.0,spoons,10.0,sock,9.966,bag,11.0,blue,11.166,chairs,11.766,desks,12.366
m_noise__ild_0__itd_500__targ_l,0,Masker,noise,2.316,noise,2.766,noise,3.366,noise,3.966,noise,4.716,noise,5.166,noise,5.766,noise,6.366,noise,6.966,noise,7.716,noise,8.166,noise,8.766,noise,9.366,noise,10.116,noise,10.566,noise,11.316,noise,11.916,noise,12.516
m_noise__ild_0__itd_500__targ_l,1,Target,pen,2.166,shoe,2.766,chairs,4.0,chairs,4.0,card,5.0,white,5.166,chairs,5.766,white,6.366,chairs,6.966,desks,7.566,blue,8.0,spoons,8.766,shoe,9.366,card,9.966,chairs,11.0,card,11.0,sock,11.766,hat,13.0
m_noise__ild_0__itd_500__targ_l,1,Masker,noise,2.316,noise,2.916,noise,3.366,noise,3.966,noise,4.566,noise,5.316,noise,5.916,noise,6.516,noise,7.116,noise,7.716,noise,8.166,noise,8.916,noise,9.516,noise,10.116,noise,10.566,noise,11.166,noise,11.916,noise,12.366
m_noise__ild_0__itd_500__targ_l,2,Target,tables,2.166,pen,3.0,chairs,4.0,blue,4.0,chairs,4.566,pen,5.0,shoe,5.766,hat,7.0,glove,7.0,green,7.566,chairs,8.0,bag,9.0,desks,10.0,white,10.0,hat,11.0,bag,11.166,spoons,12.0,tables,13.0
m_noise__ild_0__itd_500__targ_l,2,Masker,noise,2.316,noise,2.766,noise,3.366,noise,3.966,noise,4.716,noise,5.166,noise,5.916,noise,6.366,noise,6.966,noise,7.716,noise,8.166,noise,8.766,noise,9.366,noise,9.966,noise,10.566,noise,11.316,noise,11.766,noise,12.366
m_noise__ild_0__itd_500__targ_l,3,Target,bag,2.0,green,2.766,bag,4.0,desks,3.966,chairs,4.566,desks,5.0,hat,5.766,white,6.366,toy,7.0,card,7.566,blue,8.0,hat,8.766,spoons,9.366,pen,10.0,sock,10.566,red,11.166,sock,11.766,sock,12.366
m_noise__ild_0__itd_500__targ_l,3,Masker,noise,2.166,noise,2.916,noise,3.366,noise,4.116,noise,4.716,noise,5.166,noise,5.916,noise,6.516,noise,6.966,noise,7.716,noise,8.166,noise,8.916,noise,9.516,noise,9.966,noise,10.716,noise,11.316,noise,11.916,noise,12.516
m_noise__ild_0__itd_500__targ_r,0,Target,red,1.0,chairs,1.81,red,3.0,pen,3.0,shoe,4.0,desks,4.21,sock,4.81,hat,5.41,tables,6.0,shoe,7.0,hat,7.0,desks,8.0,green,9.0,shoe,9.0,toy,9.61,tables,10.21,hat,10.81,pen,12.0
m_noise__ild_0__itd_500__targ_r,0,Masker,noise,1.21,noise,1.96,noise,2.41,noise,3.01,noise,3.61,noise,4.36,noise,4.96,noise,5.56,noise,6.01,noise,6.61,noise,7.21,noise,7.81,noise,8.41,noise,9.01,noise,9.76,noise,10.36,noise,10.96,noise,11.41
m_noise__ild_0__itd_500__targ_r,1,Target,bag,1.21,shoe,2.0,chairs,2.41,hat,3.0,tables,3.61,glove,4.0,toy,5.0,toy,5.41,red,6.0,hat,7.0,spoons,7.0,desks,8.0,white,9.0,spoons,9.01,glove,10.0,chairs,10.0,desks,11.0,bag,11.41
m_noise__ild_0__itd_500__targ_r,1,Masker,noise,1.36,noise,1.81,noise,2.56,noise,3.01,noise,3.76,noise,4.21,noise,4.81,noise,5.56,noise,6.01,noise,6.61,noise,7.21,noise,7.81,noise,8.41,noise,9.16,noise,9.61,noise,10.21,noise,10.81,noise,11.56
m_noise__ild_0__itd_500__targ_r,2,Target,red,1.0,glove,2.0,hat,3.0,chairs,3.01,desks,3.61,card,4.0,glove,5.0,sock,6.0,toy,6.0,bag,6.61,desks,7.0,sock,7.81,toy,8.41,white,9.01,sock,9.61,bag,10.0,sock,10.81,pen,12.0
m_noise__ild_0__itd_500__targ_r,2,Masker,noise,1.21,noise,1.81,noise,2.41,noise,3.16,noise,3.76,noise,4.21,noise,4.81,noise,5.41,noise,6.01,noise,6.76,noise,7.21,noise,7.96,noise,8.56,noise,9.16,noise,9.76,noise,10.21,noise,10.96,noise,11.41
m_noise__ild_0__itd_500__targ_r,3,Target,pen,1.21,desks,2.0,shoe,3.0,hat,3.01,pen,3.61,card,4.21,hat,5.0,chairs,6.0,green,6.0,red,7.0,desks,7.0,toy,7.81,sock,9.0,shoe,9.01,desks,10.0,card,10.0,white,10.81,hat,12.0
m_noise__ild_0__itd_500__targ_r,3,Masker,noise,1.36,noise,1.81,noise,2.41,noise,3.16,noise,3.76,noise,4.36,noise,4.81,noise,5.41,noise,6.01,noise,6.61,noise,7.21,noise,7.96,noise,8.41,noise,9.16,noise,9.61,noise,10.21,noise,10.96,noise,11.41
m_speech__ild_10__itd_0__targ_l,0,Target,spoons,2.0,pen,2.0,shoe,3.0,pen,3.0,card,3.765,tables,5.0,shoe,4.965,glove,6.0,card,6.0,sock,6.765,tables,8.0,green,8.0,green,8.565,bag,9.165,spoons,9.765,pen,11.0,white,10.965,blue,12.0
m_speech__ild_10__itd_0__targ_l,0,Masker,white,1.365,chairs,1.965,spoons,2.565,desks,3.165,green,3.915,spoons,4.365,white,5.115,blue,5.565,toy,6.165,pen,6.915,pen,7.365,card,7.965,spoons,8.715,shoe,9.315,shoe,9.915,spoons,10.365,desks,11.115,sock,11.565
m_speech__ild_10__itd_0__targ_l,1,Target,hat,2.0,bag,1.965,hat,2.565,sock,3.165,green,4.0,sock,4.365,hat,4.965,blue,5.565,desks,6.165,bag,7.0,glove,7.365,tables,7.965,sock,9.0,desks,9.0,sock,9.765,shoe,10.365,glove,11.0,card,12.0
m_speech__ild_10__itd_0__targ_l,1,Masker,chairs,1.365,blue,2.115,toy,2.715,shoe,3.315,hat,3.765,spoons,4.515,hat,5.115,spoons,5.715,toy,6.315,hat,6.765,tables,7.515,hat,8.115,green,8.565,bag,9.165,chairs,9.915,bag,10.515,hat,10.965,white,11.565
m_speech__ild_10__itd_0__targ_l,2,Target,bag,1.365,chairs,1.965,card,2.565,bag,3.165,hat,4.0,shoe,4.365,toy,4.965,glove,6.0,blue,6.165,shoe,7.0,sock,8.0,card,8.0,red,8.565,blue,9.0,desks,9.765,shoe,11.0,pen,11.0,card,12.0
m_speech__ild_10__itd_0__targ_l,2,Masker,shoe,1.515,blue,2.115,shoe,2.715,toy,3.315,shoe,3.765,desks,4.515,green,5.115,chairs,5.565,card,6.315,shoe,6.765,chairs,7.365,blue,7.965,shoe,8.715,shoe,9.165,glove,9.915,bag,10.365,glove,10.965,sock,11.565
m_speech__ild_10__itd_0__targ_l,3,Target,white,1.365,glove,2.0,green,2.565,bag,3.165,chairs,3.765,hat,4.365,sock,4.965,shoe,5.565,white,6.0,sock,6.765,card,7.365,tables,8.0,glove,9.0,tables,9.165,glove,9.765,desks,11.0,glove,10.965,card,11.565
m_speech__ild_10__itd_0__targ_l,3,Masker,shoe,1.515,tables,1.965,hat,2.715,sock,3.315,desks,3.915,card,4.515,desks,5.115,chairs,5.715,hat,6.165,green,6.915,toy,7.515,blue,7.965,card,8.565,pen,9.315,spoons,9.915,hat,10.365,hat,11.115,desks,11.715
m_speech__ild_10__itd_0__targ_r,0,Target,chairs,1.296,spoons,2.0,tables,2.496,chairs,3.0,desks,3.696,shoe,4.296,glove,4.896,white,6.0,glove,6.0,desks,7.0,green,7.296,hat,8.0,white,8.496,glove,9.096,desks,10.0,green,10.0,glove,10.896,card,11.496
m_speech__ild_10__itd_0__targ_r,0,Masker,glove,1.446,white,1.896,spoons,2.646,chairs,3.096,chairs,3.846,hat,4.446,white,5.046,card,5.496,tables,6.096,spoons,6.696,shoe,7.446,spoons,7.896,chairs,8.646,toy,9.246,blue,9.696,tables,10.296,card,11.046,chairs,11.646
m_speech__ild_10__itd_0__targ_r,1,Target,spoons,1.0,glove,1.896,glove,3.0,desks,3.0,bag,3.696,white,4.0,bag,5.0,card,5.496,spoons,6.0,pen,6.696,toy,7.296,spoons,7.896,green,8.496,tables,9.096,bag,9.696,sock,10.296,bag,11.0,tables,12.0
m_speech__ild_10__itd_0__targ_r,1,Masker,toy,1.296,pen,2.046,toy,2.496,red,3.096,chairs,3.846,glove,4.296,bag,4.896,sock,5.646,green,6.096,tables,6.846,desks,7.446,blue,8.046,toy,8.646,card,9.246,toy,9.846,bag,10.446,toy,10.896,chairs,11.496
m_speech__ild_10__itd_0__targ_r,2,Target,shoe,1.0,hat,1.896,shoe,3.0,sock,3.096,toy,4.0,shoe,4.0,tables,4.896,pen,5.496,shoe,6.0,toy,7.0,sock,7.296,bag,8.0,shoe,9.0,spoons,9.096,white,9.696,glove,10.0,white,11.0,desks,11.496
m_speech__ild_10__itd_0__targ_r,2,Masker,bag,1.296,green,2.046,desks,2.496,desks,3.246,sock,3.696,pen,4.296,tables,5.046,toy,5.646,tables,6.096,spoons,6.696,white,7.446,desks,7.896,blue,8.496,hat,9.246,shoe,9.846,toy,10.296,sock,10.896,card,11.646
m_speech__ild_10__itd_0__targ_r,3,Target,blue,1.296,bag,1.896,tables,2.496,spoons,3.096,hat,3.696,glove,4.0,bag,4.896,toy,6.0,chairs,6.096,toy,7.0,red,7.0,chairs,7.896,bag,9.0,bag,9.096,pen,10.0,chairs,10.296,desks,11.0,sock,12.0
m_speech__ild_10__itd_0__targ_r,3,Masker,chairs,1.446,toy,2.046,pen,2.646,hat,3.246,bag,3.846,pen,4.296,blue,5.046,red,5.496,toy,6.246,chairs,6.696,hat,7.296,toy,8.046,blue,8.496,green,9.246,sock,9.696,pen,10.446,pen,10.896,spoons,11.496
m_noise__ild_10__itd_0__targ_l,0,Target,hat,1.0,shoe,1.897,blue,2.497,blue,3.0,red,4.0,chairs,4.0,hat,5.0,bag,6.0,chairs,6.097,white,6.697,desks,7.0,hat,8.0,toy,8.497,desks,9.0,glove,10.0,bag,10.297,card,10.897,bag,11.497
m_noise__ild_10__itd_0__targ_l,0,Masker,noise,1.297,noise,2.047,noise,2.647,noise,3.097,noise,3.697,noise,4.297,noise,4.897,noise,5.497,noise,6.247,noise,6.847,noise,7.297,noise,7.897,noise,8.647,noise,9.097,noise,9.697,noise,10.447,noise,11.047,noise,11.647
m_noise__ild_10__itd_0__targ_l,1,Target,chairs,1.0,spoons,1.897,red,2.497,desks,3.097,spoons,3.697,bag,4.297,bag,5.0,pen,6.0,shoe,6.0,glove,6.697,shoe,7.297,chairs,8.0,hat,8.497,card,9.0,white,10.0,spoons,10.0,tables,11.0,chairs,12.0
m_noise__ild_10__itd_0__targ_l,1,Masker,noise,1.297,noise,2.047,noise,2.647,noise,3.247,noise,3.847,noise,4.447,noise,4.897,noise,5.497,noise,6.097,noise,6.847,noise,7.447,noise,7.897,noise,8.647,noise,9.097,noise,9.697,noise,10.297,noise,10.897,noise,11.497
m_noise__ild_10__itd_0__targ_l,2,Target,spoons,1.0,white,2.0,chairs,3.0,tables,3.097,bag,3.697,pen,4.0,glove,5.0,tables,5.497,hat,6.0,sock,6.697,blue,7.0,blue,7.897,pen,9.0,desks,9.097,glove,9.697,shoe,10.0,hat,11.0,toy,12.0
m_noise__ild_10__itd_0__targ_l,2,Masker,noise,1.297,noise,1.897,noise,2.497,noise,3.247,noise,3.847,noise,4.297,noise,4.897,noise,5.647,noise,6.097,noise,6.847,noise,7.297,noise,8.047,noise,8.497,noise,9.247,noise,9.847,noise,10.297,noise,10.897,noise,11.497
m_noise__ild_10__itd_0__targ_l,3,Target,chairs,1.0,spoons,2.0,hat,2.497,chairs,3.097,glove,4.0,glove,4.0,hat,4.897,spoons,6.0,pen,6.097,spoons,7.0,glove,7.297,red,8.0,chairs,8.497,bag,9.097,chairs,9.697,toy,10.297,desks,11.0,blue,12.0
m_noise__ild_10__itd_0__targ_l,3,Masker,noise,1.297,noise,1.897,noise,2.647,noise,3.247,noise,3.697,noise,4.297,noise,5.047,noise,5.497,noise,6.247,noise,6.697,noise,7.447,noise,7.897,noise,8.647,noise,9.247,noise,9.847,noise,10.447,noise,10.897,noise,11.497
m_noise__ild_10__itd_0__targ_r,0,Target,red,1.391,glove,1.991,sock,3.0,white,3.0,spoons,4.0,pen,4.391,chairs,5.0,blue,6.0,bag,6.191,glove,7.0,pen,8.0,spoons,7.991,spoons,9.0,glove,9.0,tables,9.791,chairs,11.0,glove,11.0,sock,12.0
m_noise__ild_10__itd_0__targ_r,0,Masker,noise,1.541,noise,2.141,noise,2.591,noise,3.191,noise,3.791,noise,4.541,noise,4.991,noise,5.591,noise,6.341,noise,6.791,noise,7.391,noise,8.141,noise,8.591,noise,9.191,noise,9.941,noise,10.391,noise,10.991,noise,11.591
m_noise__ild_10__itd_0__targ_r,1,Target,tables,2.0,red,1.991,tables,3.0,toy,3.191,shoe,3.791,blue,4.391,shoe,4.991,hat,6.0,shoe,6.0,blue,7.0,shoe,7.391,toy,7.991,pen,9.0,pen,9.0,chairs,10.0,hat,11.0,hat,10.991,toy,11.591
m_noise__ild_10__itd_0__targ_r,1,Masker,noise,1.391,noise,2.141,noise,2.591,noise,3.341,noise,3.941,noise,4.541,noise,5.141,noise,5.591,noise,6.191,noise,6.791,noise,7.541,noise,8.141,noise,8.591,noise,9.191,noise,9.791,noise,10.391,noise,11.141,noise,11.741
m_noise__ild_10__itd_0__targ_r,2,Target,white,2.0,pen,2.0,spoons,3.0,chairs,3.0,tables,3.791,hat,4.391,tables,4.991,toy,5.591,spoons,6.191,hat,6.791,pen,8.0,bag,7.991,white,8.591,card,9.0,spoons,9.791,hat,11.0,spoons,11.0,tables,11.591
m_noise__ild_10__itd_0__targ_r,2,Masker,noise,1.391,noise,1.991,noise,2.591,noise,3.191,noise,3.941,noise,4.541,noise,5.141,noise,5.741,noise,6.341,noise,6.941,noise,7.391,noise,8.141,noise,8.741,noise,9.191,noise,9.941,noise,10.391,noise,10.991,noise,11.741
m_noise__ild_10__itd_0__targ_r,3,Target,green,1.391,spoons,2.0,spoons,2.591,hat,3.191,shoe,4.0,bag,4.391,shoe,4.991,sock,6.0,bag,6.0,shoe,6.791,toy,8.0,bag,7.991,red,9.0,spoons,9.191,chairs,9.791,blue,10.391,red,11.0,glove,11.591
m_noise__ild_10__itd_0__targ_r,3,Masker,noise,1.541,noise,1.991,noise,2.741,noise,3.341,noise,3.791,noise,4.541,noise,5.141,noise,5.591,noise,6.191,noise,6.941,noise,7.391,noise,8.141,noise,8.591,noise,9.341,noise,9.941,noise,10.541,noise,10.991,noise,11.741
