Condition,Run,Type,Word0,Time0,Word1,Time1,Word2,Time2,Word3,Time3,Word4,Time4,Word5,Time5,Word6,Time6,Word7,Time7,Word8,Time8,Word9,Time9,Word10,Time10,Word11,Time11,Word12,Time12,Word13,Time13,Word14,Time14,Word15,Time15,Word16,Time16,Word17,Time17
practice,0,Target,shoe,2.382,hat,2.982,red,3.582,green,4.182,white,5.0,hat,6.0,card,5.982,shoe,7.0,spoons,7.0,desks,7.782,toy,8.382,green,9.0,toy,9.582,shoe,10.0,hat,10.782,shoe,11.382,bag,11.982,bag,12.582
practice,0,Masker,none,2.532,none,3.132,none,3.732,none,4.332,none,4.782,none,5.382,none,6.132,none,6.582,none,7.182,none,7.932,none,8.532,none,8.982,none,9.732,none,10.182,none,10.932,none,11.532,none,12.132,none,12.732
practice,1,Target,desks,3.0,red,3.0,red,3.582,tables,4.182,sock,5.0,chairs,6.0,hat,6.0,green,7.0,shoe,7.182,spoons,8.0,bag,9.0,glove,9.0,hat,9.582,glove,10.182,sock,10.782,tables,11.382,toy,12.0,bag,13.0
practice,1,Masker,none,2.382,none,2.982,none,3.732,none,4.332,none,4.782,none,5.382,none,5.982,none,6.582,none,7.332,none,7.782,none,8.382,none,8.982,none,9.732,none,10.332,none,10.932,none,11.532,none,11.982,none,12.582
practice,2,Target,desks,2.382,spoons,3.0,toy,4.0,blue,4.182,shoe,5.0,hat,6.0,desks,5.982,spoons,6.582,chairs,7.0,shoe,7.782,toy,9.0,spoons,9.0,desks,9.582,chairs,10.0,desks,10.782,blue,11.382,hat,11.982,toy,12.582
practice,2,Masker,none,2.532,none,2.982,none,3.582,none,4.332,none,4.782,none,5.382,none,6.132,none,6.732,none,7.182,none,7.932,none,8.382,none,8.982,none,9.732,none,10.182,none,10.932,none,11.532,none,12.132,none,12.732
practice,3,Target,tables,2.382,bag,2.982,white,4.0,pen,4.182,hat,4.782,glove,5.382,white,5.982,pen,6.582,glove,7.0,card,7.782,shoe,9.0,card,9.0,red,9.582,spoons,10.0,bag,10.782,desks,11.382,spoons,12.0,card,13.0
practice,3,Masker,none,2.532,none,3.132,none,3.582,none,4.332,none,4.932,none,5.532,none,6.132,none,6.732,none,7.182,none,7.932,none,8.382,none,8.982,none,9.732,none,10.182,none,10.932,none,11.532,none,11.982,none,12.582
m_speech__ild_0__itd_50__targ_l__control_0,0,Target,glove,2.0,tables,2.506,blue,3.0,spoons,3.706,hat,4.0,desks,4.906,hat,5.506,card,6.106,chairs,7.0,white,7.306,chairs,8.0,glove,8.506,tables,9.0,shoe,10.0,bag,10.0,shoe,10.906,spoons,12.0,chairs,12.106
m_speech__ild_0__itd_50__targ_l__control_0,0,Masker,chairs,1.906,sock,2.656,spoons,3.106,bag,3.856,shoe,4.306,glove,5.056,chairs,5.656,tables,6.256,tables,6.706,desks,7.456,green,7.906,blue,8.656,card,9.106,chairs,9.706,hat,10.306,glove,11.056,shoe,11.506,desks,12.256
m_speech__ild_0__itd_50__targ_l__control_0,1,Target,chairs,1.906,pen,3.0,pen,3.106,green,4.0,card,4.0,white,4.906,glove,6.0,spoons,6.106,pen,6.706,bag,7.306,card,8.0,glove,9.0,toy,9.0,hat,10.0,pen,10.0,blue,11.0,toy,11.506,desks,12.0
m_speech__ild_0__itd_50__targ_l__control_0,1,Masker,red,2.056,hat,2.506,shoe,3.256,bag,3.706,hat,4.306,hat,5.056,card,5.506,green,6.256,desks,6.856,blue,7.456,sock,7.906,tables,8.506,hat,9.106,shoe,9.706,toy,10.306,hat,10.906,spoons,11.656,toy,12.106
m_speech__ild_0__itd_50__targ_l__control_0,2,Target,toy,1.906,red,3.0,chairs,3.106,pen,3.706,card,4.0,shoe,5.0,hat,5.506,card,6.106,desks,7.0,toy,7.0,bag,8.0,red,9.0,desks,9.106,pen,9.706,hat,10.306,bag,11.0,red,12.0,chairs,12.106
m_speech__ild_0__itd_50__targ_l__control_0,2,Masker,card,2.056,card,2.506,tables,3.256,toy,3.856,shoe,4.306,white,4.906,pen,5.656,card,6.256,pen,6.706,white,7.306,sock,7.906,desks,8.506,chairs,9.256,shoe,9.856,toy,10.456,shoe,10.906,chairs,11.506,tables,12.256
m_speech__ild_0__itd_50__targ_l__control_0,3,Target,sock,1.906,chairs,3.0,green,3.0,glove,4.0,tables,4.306,shoe,4.906,glove,6.0,glove,6.0,shoe,6.706,hat,7.306,glove,7.906,tables,9.0,chairs,9.0,spoons,10.0,red,10.306,glove,10.906,sock,12.0,spoons,12.0
m_speech__ild_0__itd_50__targ_l__control_0,3,Masker,spoons,2.056,spoons,2.506,glove,3.106,blue,3.706,card,4.456,glove,5.056,green,5.506,spoons,6.106,spoons,6.856,tables,7.456,hat,8.056,red,8.506,spoons,9.106,toy,9.706,card,10.456,hat,11.056,white,11.506,chairs,12.106
m_speech__ild_0__itd_50__targ_r__control_0,0,Target,glove,1.0,chairs,2.0,hat,2.357,chairs,3.0,glove,3.557,hat,4.0,shoe,4.757,blue,5.357,spoons,5.957,hat,6.557,red,7.157,sock,7.757,red,8.357,glove,9.0,pen,9.557,bag,10.157,hat,10.757,red,11.357
m_speech__ild_0__itd_50__targ_r__control_0,0,Masker,blue,1.157,sock,1.757,tables,2.507,spoons,2.957,pen,3.707,sock,4.157,white,4.907,spoons,5.507,white,6.107,pen,6.707,chairs,7.307,card,7.907,tables,8.507,card,8.957,toy,9.707,glove,10.307,white,10.907,bag,11.507
m_speech__ild_0__itd_50__targ_r__control_0,1,Target,desks,1.0,card,1.757,spoons,3.0,sock,2.957,desks,3.557,shoe,4.157,toy,4.757,hat,5.357,card,6.0,tables,7.0,toy,7.157,bag,8.0,pen,8.357,toy,9.0,glove,10.0,toy,10.0,blue,11.0,green,11.357
m_speech__ild_0__itd_50__targ_r__control_0,1,Masker,bag,1.157,bag,1.907,white,2.357,glove,3.107,pen,3.707,desks,4.307,glove,4.907,tables,5.507,tables,5.957,blue,6.557,toy,7.307,sock,7.757,glove,8.507,bag,8.957,red,9.557,green,10.157,glove,10.757,sock,11.507
m_speech__ild_0__itd_50__targ_r__control_0,2,Target,chairs,1.157,blue,1.757,chairs,3.0,card,3.0,desks,4.0,red,4.157,green,4.757,tables,6.0,sock,6.0,red,7.0,spoons,7.157,tables,7.757,chairs,8.357,desks,8.957,spoons,10.0,hat,10.157,sock,11.0,hat,11.357
m_speech__ild_0__itd_50__targ_r__control_0,2,Masker,white,1.307,card,1.907,blue,2.357,glove,2.957,sock,3.557,glove,4.307,hat,4.907,sock,5.357,card,5.957,spoons,6.557,tables,7.307,chairs,7.907,hat,8.507,sock,9.107,white,9.557,card,10.307,chairs,10.757,shoe,11.507
m_speech__ild_0__itd_50__targ_r__control_0,3,Target,desks,1.0,pen,2.0,glove,3.0,shoe,3.0,chairs,3.557,chairs,4.157,chairs,4.757,toy,6.0,white,5.957,chairs,6.557,white,7.157,desks,7.757,card,9.0,chairs,9.0,desks,10.0,glove,10.157,shoe,11.0,chairs,12.0
m_speech__ild_0__itd_50__targ_r__control_0,3,Masker,desks,1.157,spoons,1.757,tables,2.357,tables,2.957,blue,3.707,desks,4.307,desks,4.907,card,5.357,chairs,6.107,red,6.707,card,7.307,desks,7.907,chairs,8.357,chairs,8.957,chairs,9.557,chairs,10.307,white,10.757,red,11.357
m_noise__ild_0__itd_50__targ_l__control_0,0,Target,hat,3.0,red,3.0,bag,4.0,sock,4.0,spoons,5.0,tables,5.542,card,6.0,sock,6.742,hat,7.0,sock,8.0,red,8.542,card,9.142,shoe,10.0,chairs,10.342,tables,10.942,desks,11.542,card,12.0,bag,13.0
m_noise__ild_0__itd_50__targ_l__control_0,0,Masker,noise,2.542,noise,3.142,noise,3.742,noise,4.342,noise,4.942,noise,5.692,noise,6.142,noise,6.892,noise,7.342,noise,7.942,noise,8.692,noise,9.292,noise,9.742,noise,10.492,noise,11.092,noise,11.692,noise,12.142,noise,12.742
m_noise__ild_0__itd_50__targ_l__control_0,1,Target,glove,2.542,chairs,3.142,glove,4.0,shoe,4.342,spoons,5.0,glove,6.0,hat,6.142,chairs,7.0,shoe,7.0,white,8.0,spoons,8.542,hat,9.142,green,10.0,chairs,10.342,bag,10.942,shoe,12.0,sock,12.0,green,13.0
m_noise__ild_0__itd_50__targ_l__control_0,1,Masker,noise,2.692,noise,3.292,noise,3.742,noise,4.492,noise,4.942,noise,5.542,noise,6.292,noise,6.742,noise,7.342,noise,7.942,noise,8.692,noise,9.292,noise,9.742,noise,10.492,noise,11.092,noise,11.542,noise,12.142,noise,12.742
m_noise__ild_0__itd_50__targ_l__control_0,2,Target,green,2.542,bag,3.0,bag,3.742,desks,4.342,toy,4.942,chairs,5.542,desks,6.0,pen,6.742,shoe,7.0,hat,8.0,sock,9.0,bag,9.142,chairs,10.0,shoe,10.0,sock,10.942,hat,11.542,pen,12.0,green,12.742
m_noise__ild_0__itd_50__targ_l__control_0,2,Masker,noise,2.692,noise,3.142,noise,3.892,noise,4.492,noise,5.092,noise,5.692,noise,6.142,noise,6.892,noise,7.342,noise,7.942,noise,8.542,noise,9.292,noise,9.742,noise,10.342,noise,11.092,noise,11.692,noise,12.142,noise,12.892
m_noise__ild_0__itd_50__targ_l__control_0,3,Target,sock,3.0,card,3.0,shoe,4.0,chairs,4.342,toy,4.942,sock,5.542,desks,6.142,glove,6.742,bag,7.0,green,8.0,tables,9.0,green,9.0,bag,10.0,tables,10.0,desks,11.0,bag,12.0,bag,12.142,desks,13.0
m_noise__ild_0__itd_50__targ_l__control_0,3,Masker,noise,2.542,noise,3.142,noise,3.742,noise,4.492,noise,5.092,noise,5.692,noise,6.292,noise,6.892,noise,7.342,noise,7.942,noise,8.542,noise,9.142,noise,9.742,noise,10.342,noise,10.942,noise,11.542,noise,12.292,noise,12.742
m_noise__ild_0__itd_50__targ_r__control_0,0,Target,sock,2.0,chairs,2.674,spoons,3.274,bag,4.0,bag,5.0,sock,5.074,toy,5.674,toy,6.0,pen,6.874,hat,8.0,card,8.0,red,9.0,chairs,9.274,toy,9.874,red,10.474,white,11.0,toy,12.0,green,12.0
m_noise__ild_0__itd_50__targ_r__control_0,0,Masker,noise,2.074,noise,2.824,noise,3.424,noise,3.874,noise,4.474,noise,5.224,noise,5.824,noise,6.274,noise,7.024,noise,7.474,noise,8.074,noise,8.674,noise,9.424,noise,10.024,noise,10.624,noise,11.074,noise,11.674,noise,12.274
m_noise__ild_0__itd_50__targ_r__control_0,1,Target,spoons,2.074,hat,3.0,card,3.274,toy,4.0,hat,4.474,chairs,5.0,glove,6.0,sock,6.0,pen,7.0,red,7.474,green,8.0,hat,8.674,desks,9.274,hat,10.0,shoe,10.474,glove,11.0,pen,11.674,glove,12.274
m_noise__ild_0__itd_50__targ_r__control_0,1,Masker,noise,2.224,noise,2.674,noise,3.424,noise,3.874,noise,4.624,noise,5.074,noise,5.674,noise,6.274,noise,6.874,noise,7.624,noise,8.074,noise,8.824,noise,9.424,noise,9.874,noise,10.624,noise,11.074,noise,11.824,noise,12.424
m_noise__ild_0__itd_50__targ_r__control_0,2,Target,green,2.074,hat,2.674,chairs,3.0,sock,3.874,pen,4.474,sock,5.074,desks,5.674,glove,6.274,blue,6.874,card,7.474,desks,8.074,tables,8.674,white,9.0,chairs,10.0,bag,10.474,spoons,11.074,white,11.674,chairs,12.274
m_noise__ild_0__itd_50__targ_r__control_0,2,Masker,noise,2.224,noise,2.824,noise,3.274,noise,4.024,noise,4.624,noise,5.224,noise,5.824,noise,6.424,noise,7.024,noise,7.624,noise,8.224,noise,8.824,noise,9.274,noise,9.874,noise,10.624,noise,11.224,noise,11.824,noise,12.424
m_noise__ild_0__itd_50__targ_r__control_0,3,Target,spoons,2.074,desks,3.0,bag,3.274,tables,3.874,tables,5.0,glove,5.0,pen,5.674,desks,6.274,sock,6.874,glove,7.474,sock,8.074,red,8.674,tables,9.274,glove,9.874,blue,11.0,sock,11.0,desks,11.674,tables,12.0
m_noise__ild_0__itd_50__targ_r__control_0,3,Masker,noise,2.224,noise,2.674,noise,3.424,noise,4.024,noise,4.474,noise,5.074,noise,5.824,noise,6.424,noise,7.024,noise,7.624,noise,8.224,noise,8.824,noise,9.424,noise,10.024,noise,10.474,noise,11.074,noise,11.824,noise,12.274
m_speech__ild_0__itd_500__targ_l__control_0,0,Target,desks,2.0,red,3.0,shoe,3.498,tables,4.098,desks,5.0,card,5.298,tables,5.898,toy,7.0,chairs,7.0,bag,7.698,card,8.298,desks,8.898,toy,10.0,desks,10.0,desks,11.0,shoe,11.298,white,11.898,spoons,13.0
m_speech__ild_0__itd_500__targ_l__control_0,0,Masker,pen,2.298,bag,2.898,hat,3.648,desks,4.248,sock,4.698,red,5.448,chairs,6.048,sock,6.498,sock,7.098,shoe,7.848,toy,8.448,bag,9.048,hat,9.498,hat,10.098,blue,10.698,desks,11.448,shoe,12.048,glove,12.498
m_speech__ild_0__itd_500__targ_l__control_0,1,Target,bag,2.0,pen,3.0,pen,3.498,green,4.098,bag,4.698,pen,5.0,blue,5.898,blue,7.0,bag,7.098,bag,7.698,spoons,8.0,pen,8.898,toy,9.498,chairs,10.098,spoons,11.0,bag,11.298,pen,11.898,hat,12.498
m_speech__ild_0__itd_500__targ_l__control_0,1,Masker,chairs,2.298,desks,2.898,spoons,3.648,chairs,4.248,bag,4.848,red,5.298,chairs,6.048,spoons,6.498,spoons,7.248,spoons,7.848,desks,8.298,tables,9.048,card,9.648,tables,10.248,spoons,10.698,white,11.448,white,12.048,white,12.648
m_speech__ild_0__itd_500__targ_l__control_0,2,Target,hat,2.0,bag,2.898,pen,3.498,shoe,4.0,hat,4.698,desks,5.298,green,5.898,hat,7.0,toy,7.098,shoe,7.698,hat,8.0,chairs,9.0,sock,10.0,chairs,10.0,green,11.0,desks,11.298,pen,11.898,hat,13.0
m_speech__ild_0__itd_500__targ_l__control_0,2,Masker,card,2.298,green,3.048,desks,3.648,glove,4.098,card,4.848,hat,5.448,toy,6.048,hat,6.498,spoons,7.248,red,7.848,spoons,8.298,desks,8.898,hat,9.498,sock,10.098,pen,10.698,toy,11.448,pen,12.048,tables,12.498
m_speech__ild_0__itd_500__targ_l__control_0,3,Target,chairs,2.0,bag,3.0,desks,3.498,pen,4.0,bag,5.0,red,5.0,spoons,5.898,hat,6.498,chairs,7.0,toy,8.0,glove,8.298,green,9.0,red,9.498,desks,10.098,shoe,10.698,toy,11.298,shoe,12.0,white,12.498
m_speech__ild_0__itd_500__targ_l__control_0,3,Masker,pen,2.298,toy,2.898,shoe,3.648,red,4.098,shoe,4.698,tables,5.298,toy,6.048,spoons,6.648,green,7.098,shoe,7.698,white,8.448,pen,8.898,card,9.648,shoe,10.248,sock,10.848,card,11.448,spoons,11.898,pen,12.648
m_speech__ild_0__itd_500__targ_r__control_0,0,Target,chairs,2.553,card,3.0,hat,4.0,tables,5.0,blue,5.0,toy,6.0,shoe,6.0,glove,7.0,green,8.0,green,7.953,tables,9.0,spoons,9.0,chairs,10.0,sock,10.353,spoons,11.0,pen,12.0,hat,12.153,spoons,12.753
m_speech__ild_0__itd_500__targ_r__control_0,0,Masker,red,2.703,hat,3.153,red,3.753,spoons,4.353,chairs,4.953,tables,5.553,green,6.153,shoe,6.753,tables,7.353,pen,8.103,bag,8.553,blue,9.153,toy,9.753,hat,10.503,tables,10.953,tables,11.553,desks,12.303,shoe,12.903
m_speech__ild_0__itd_500__targ_r__control_0,1,Target,shoe,3.0,hat,3.0,desks,3.753,chairs,4.353,glove,5.0,blue,6.0,glove,6.153,bag,6.753,hat,8.0,red,7.953,shoe,9.0,spoons,9.0,glove,10.0,red,10.353,red,10.953,glove,11.553,card,12.0,chairs,12.753
m_speech__ild_0__itd_500__targ_r__control_0,1,Masker,desks,2.553,chairs,3.153,bag,3.903,red,4.503,bag,4.953,chairs,5.553,glove,6.303,chairs,6.903,glove,7.353,chairs,8.103,glove,8.553,hat,9.153,pen,9.753,glove,10.503,glove,11.103,bag,11.703,blue,12.153,sock,12.903
m_speech__ild_0__itd_500__targ_r__control_0,2,Target,toy,3.0,desks,3.0,card,3.753,glove,4.353,card,4.953,green,5.553,desks,6.153,spoons,6.753,spoons,8.0,desks,7.953,card,9.0,hat,9.153,red,10.0,tables,10.353,spoons,10.953,glove,12.0,shoe,12.0,blue,12.753
m_speech__ild_0__itd_500__targ_r__control_0,2,Masker,bag,2.553,blue,3.153,toy,3.903,toy,4.503,shoe,5.103,glove,5.703,blue,6.303,pen,6.903,white,7.353,hat,8.103,sock,8.553,spoons,9.303,tables,9.753,spoons,10.503,red,11.103,spoons,11.553,card,12.153,bag,12.903
m_speech__ild_0__itd_500__targ_r__control_0,3,Target,hat,3.0,hat,3.0,chairs,4.0,glove,4.353,desks,4.953,glove,5.553,bag,6.153,spoons,6.753,chairs,7.353,bag,8.0,hat,8.553,desks,9.0,card,9.753,blue,10.353,hat,10.953,hat,12.0,white,12.0,hat,13.0
m_speech__ild_0__itd_500__targ_r__control_0,3,Masker,bag,2.553,blue,3.153,green,3.753,sock,4.503,red,5.103,card,5.703,pen,6.303,sock,6.903,pen,7.503,chairs,7.953,shoe,8.703,red,9.153,pen,9.903,chairs,10.503,glove,11.103,desks,11.553,toy,12.153,glove,12.753
m_noise__ild_0__itd_500__targ_l__control_0,0,Target,spoons,1.278,bag,1.878,white,2.478,glove,3.078,white,3.678,glove,4.278,sock,4.878,spoons,5.478,sock,6.078,desks,6.678,card,7.278,card,8.0,glove,9.0,spoons,9.0,card,10.0,bag,10.0,bag,11.0,hat,11.478
m_noise__ild_0__itd_500__targ_l__control_0,0,Masker,noise,1.428,noise,2.028,noise,2.628,noise,3.228,noise,3.828,noise,4.428,noise,5.028,noise,5.628,noise,6.228,noise,6.828,noise,7.428,noise,7.878,noise,8.478,noise,9.078,noise,9.678,noise,10.278,noise,10.878,noise,11.628
m_noise__ild_0__itd_500__targ_l__control_0,1,Target,green,1.0,red,2.0,chairs,3.0,pen,3.0,chairs,4.0,shoe,4.0,card,5.0,glove,6.0,bag,6.0,spoons,6.678,bag,7.0,toy,7.878,sock,8.478,chairs,9.078,tables,9.678,bag,10.278,tables,10.878,chairs,11.478
m_noise__ild_0__itd_500__targ_l__control_0,1,Masker,noise,1.278,noise,1.878,noise,2.478,noise,3.078,noise,3.678,noise,4.278,noise,4.878,noise,5.478,noise,6.078,noise,6.828,noise,7.278,noise,8.028,noise,8.628,noise,9.228,noise,9.828,noise,10.428,noise,11.028,noise,11.628
m_noise__ild_0__itd_500__targ_l__control_0,2,Target,shoe,1.0,pen,2.0,shoe,3.0,blue,3.0,tables,4.0,green,4.0,desks,5.0,toy,6.0,tables,6.0,sock,7.0,blue,7.0,glove,7.878,card,9.0,shoe,9.0,desks,9.678,spoons,10.0,card,10.878,red,11.478
m_noise__ild_0__itd_500__targ_l__control_0,2,Masker,noise,1.278,noise,1.878,noise,2.478,noise,3.078,noise,3.678,noise,4.278,noise,4.878,noise,5.478,noise,6.078,noise,6.678,noise,7.278,noise,8.028,noise,8.478,noise,9.078,noise,9.828,noise,10.278,noise,11.028,noise,11.628
m_noise__ild_0__itd_500__targ_l__control_0,3,Target,green,1.0,green,2.0,tables,3.0,red,3.0,toy,3.678,bag,4.278,card,4.878,card,6.0,card,6.0,tables,7.0,bag,7.278,tables,7.878,bag,9.0,shoe,9.0,toy,10.0,card,10.0,bag,11.0,glove,12.0
m_noise__ild_0__itd_500__targ_l__control_0,3,Masker,noise,1.278,noise,1.878,noise,2.478,noise,3.078,noise,3.828,noise,4.428,noise,5.028,noise,5.478,noise,6.078,noise,6.678,noise,7.428,noise,8.028,noise,8.478,noise,9.078,noise,9.678,noise,10.278,noise,10.878,noise,11.478
m_noise__ild_0__itd_500__targ_r__control_0,0,Target,chairs,1.202,sock,1.802,bag,3.0,red,3.0,bag,4.0,spoons,4.202,bag,5.0,pen,5.402,chairs,6.0,bag,7.0,bag,7.0,glove,8.0,desks,9.0,sock,9.0,spoons,10.0,sock,10.0,green,11.0,blue,11.402
m_noise__ild_0__itd_500__targ_r__control_0,0,Masker,noise,1.352,noise,1.952,noise,2.402,noise,3.002,noise,3.602,noise,4.352,noise,4.802,noise,5.552,noise,6.002,noise,6.602,noise,7.202,noise,7.802,noise,8.402,noise,9.002,noise,9.602,noise,10.202,noise,10.802,noise,11.552
m_noise__ild_0__itd_500__targ_r__control_0,1,Target,spoons,1.0,glove,2.0,bag,2.402,chairs,3.0,chairs,3.602,desks,4.202,bag,4.802,tables,6.0,bag,6.002,chairs,7.0,desks,7.0,chairs,8.0,bag,9.0,glove,9.0,blue,9.602,chairs,10.0,red,10.802,glove,12.0
m_noise__ild_0__itd_500__targ_r__control_0,1,Masker,noise,1.202,noise,1.802,noise,2.552,noise,3.002,noise,3.752,noise,4.352,noise,4.952,noise,5.402,noise,6.152,noise,6.602,noise,7.202,noise,7.802,noise,8.402,noise,9.002,noise,9.752,noise,10.202,noise,10.952,noise,11.402
m_noise__ild_0__itd_500__targ_r__control_0,2,Target,blue,1.0,desks,2.0,hat,3.0,desks,3.0,hat,3.602,pen,4.202,green,4.802,toy,6.0,card,6.0,card,7.0,spoons,7.202,pen,7.802,spoons,9.0,desks,9.002,hat,10.0,shoe,10.0,green,11.0,bag,12.0
m_noise__ild_0__itd_500__targ_r__control_0,2,Masker,noise,1.202,noise,1.802,noise,2.402,noise,3.002,noise,3.752,noise,4.352,noise,4.952,noise,5.402,noise,6.002,noise,6.602,noise,7.352,noise,7.952,noise,8.402,noise,9.152,noise,9.602,noise,10.202,noise,10.802,noise,11.402
m_noise__ild_0__itd_500__targ_r__control_0,3,Target,spoons,1.202,desks,2.0,green,3.0,toy,3.0,tables,4.0,spoons,4.0,red,5.0,desks,5.402,hat,6.002,chairs,7.0,desks,7.202,toy,8.0,green,8.402,pen,9.0,spoons,9.602,white,10.202,tables,11.0,pen,11.402
m_noise__ild_0__itd_500__targ_r__control_0,3,Masker,noise,1.352,noise,1.802,noise,2.402,noise,3.002,noise,3.602,noise,4.202,noise,4.802,noise,5.552,noise,6.152,noise,6.602,noise,7.352,noise,7.802,noise,8.552,noise,9.002,noise,9.752,noise,10.352,noise,10.802,noise,11.552
m_speech__ild_10__itd_0__targ_l__control_0,0,Target,desks,2.0,spoons,3.0,card,4.0,glove,4.0,spoons,5.0,green,5.0,glove,5.906,red,7.0,hat,7.0,sock,7.706,pen,8.0,green,8.906,spoons,9.506,bag,10.0,bag,11.0,red,11.0,spoons,12.0,bag,13.0
m_speech__ild_10__itd_0__targ_l__control_0,0,Masker,glove,2.306,pen,2.906,tables,3.506,bag,4.106,tables,4.706,pen,5.306,green,6.056,toy,6.506,blue,7.106,spoons,7.856,tables,8.306,bag,9.056,hat,9.656,sock,10.106,card,10.706,pen,11.306,bag,11.906,green,12.506
m_speech__ild_10__itd_0__targ_l__control_0,1,Target,glove,2.0,tables,2.906,desks,4.0,hat,4.106,tables,5.0,pen,5.0,toy,6.0,glove,6.506,spoons,7.0,pen,7.706,chairs,8.306,blue,9.0,tables,9.506,glove,10.106,toy,11.0,sock,11.0,green,11.906,sock,13.0
m_speech__ild_10__itd_0__targ_l__control_0,1,Masker,bag,2.306,green,3.056,green,3.506,tables,4.256,toy,4.706,shoe,5.306,chairs,5.906,green,6.656,bag,7.106,desks,7.856,blue,8.456,toy,8.906,sock,9.656,hat,10.256,pen,10.706,chairs,11.306,tables,12.056,spoons,12.506
m_speech__ild_10__itd_0__targ_l__control_0,2,Target,pen,2.306,card,2.906,chairs,4.0,blue,4.106,pen,5.0,shoe,5.306,glove,5.906,tables,6.506,red,7.106,desks,7.706,glove,8.0,green,8.906,desks,9.506,white,10.0,desks,10.706,glove,11.0,tables,11.906,bag,13.0
m_speech__ild_10__itd_0__targ_l__control_0,2,Masker,card,2.456,green,3.056,bag,3.506,glove,4.256,pen,4.706,red,5.456,hat,6.056,pen,6.656,pen,7.256,green,7.856,bag,8.306,spoons,9.056,glove,9.656,pen,10.106,pen,10.856,shoe,11.306,tables,12.056,chairs,12.506
m_speech__ild_10__itd_0__targ_l__control_0,3,Target,blue,2.0,card,3.0,bag,4.0,tables,4.106,sock,5.0,glove,5.306,hat,5.906,glove,7.0,desks,7.0,sock,7.706,tables,8.0,hat,9.0,white,9.506,white,10.0,glove,10.706,toy,11.0,pen,12.0,card,12.506
m_speech__ild_10__itd_0__targ_l__control_0,3,Masker,hat,2.306,bag,2.906,toy,3.506,bag,4.256,bag,4.706,sock,5.456,desks,6.056,blue,6.506,hat,7.106,hat,7.856,green,8.306,bag,8.906,pen,9.656,spoons,10.106,shoe,10.856,red,11.306,desks,11.906,desks,12.656
m_speech__ild_10__itd_0__targ_r__control_0,0,Target,sock,3.0,tables,4.0,spoons,4.0,chairs,4.765,desks,5.365,blue,6.0,tables,7.0,red,7.0,chairs,7.765,chairs,9.0,desks,9.0,chairs,9.565,chairs,10.0,chairs,10.765,shoe,11.365,card,12.0,green,12.565,hat,13.165
m_speech__ild_10__itd_0__targ_r__control_0,0,Masker,pen,2.965,sock,3.565,shoe,4.165,shoe,4.915,card,5.515,card,5.965,pen,6.565,pen,7.165,spoons,7.915,spoons,8.365,red,8.965,card,9.715,green,10.165,chairs,10.915,toy,11.515,green,11.965,desks,12.715,red,13.315
m_speech__ild_10__itd_0__targ_r__control_0,1,Target,tables,3.0,chairs,4.0,toy,4.165,white,5.0,blue,6.0,glove,6.0,sock,6.565,card,7.165,card,7.765,pen,8.365,glove,8.965,chairs,9.565,card,10.0,tables,10.765,chairs,11.365,bag,11.965,chairs,13.0,blue,13.165
m_speech__ild_10__itd_0__targ_r__control_0,1,Masker,sock,2.965,red,3.565,tables,4.315,desks,4.765,tables,5.365,pen,5.965,hat,6.715,spoons,7.315,spoons,7.915,glove,8.515,white,9.115,sock,9.715,desks,10.165,red,10.915,spoons,11.515,glove,12.115,desks,12.565,spoons,13.315
m_speech__ild_10__itd_0__targ_r__control_0,2,Target,toy,3.0,spoons,4.0,pen,4.0,shoe,4.765,pen,5.365,sock,6.0,chairs,7.0,pen,7.165,bag,8.0,chairs,9.0,white,9.0,green,10.0,hat,10.165,green,11.0,pen,12.0,tables,12.0,desks,12.565,glove,13.165
m_speech__ild_10__itd_0__targ_r__control_0,2,Masker,green,2.965,tables,3.565,spoons,4.165,chairs,4.915,toy,5.515,pen,5.965,tables,6.565,pen,7.315,desks,7.765,tables,8.365,tables,8.965,bag,9.565,chairs,10.315,tables,10.765,hat,11.365,white,11.965,blue,12.715,pen,13.315
m_speech__ild_10__itd_0__targ_r__control_0,3,Target,shoe,3.0,pen,4.0,shoe,4.165,spoons,4.765,card,6.0,sock,6.0,toy,7.0,blue,7.165,toy,8.0,card,8.365,shoe,8.965,chairs,10.0,chairs,10.165,bag,11.0,white,12.0,hat,11.965,red,13.0,blue,13.0
m_speech__ild_10__itd_0__targ_r__control_0,3,Masker,toy,2.965,red,3.565,desks,4.315,hat,4.915,white,5.365,bag,5.965,green,6.565,toy,7.315,toy,7.765,sock,8.515,tables,9.115,pen,9.565,spoons,10.315,spoons,10.765,glove,11.365,tables,12.115,tables,12.565,tables,13.165
m_noise__ild_10__itd_0__targ_l__control_0,0,Target,chairs,2.0,shoe,2.0,chairs,2.553,card,3.0,spoons,3.753,shoe,4.353,pen,5.0,desks,6.0,chairs,6.0,white,7.0,shoe,7.353,pen,7.953,pen,8.553,card,9.153,red,10.0,sock,10.353,blue,10.953,tables,12.0
m_noise__ild_10__itd_0__targ_l__control_0,0,Masker,noise,1.353,noise,1.953,noise,2.703,noise,3.153,noise,3.903,noise,4.503,noise,4.953,noise,5.553,noise,6.153,noise,6.753,noise,7.503,noise,8.103,noise,8.703,noise,9.303,noise,9.753,noise,10.503,noise,11.103,noise,11.553
m_noise__ild_10__itd_0__targ_l__control_0,1,Target,hat,2.0,chairs,1.953,shoe,2.553,chairs,3.153,bag,4.0,shoe,4.353,sock,4.953,chairs,6.0,blue,6.153,pen,7.0,shoe,7.353,pen,7.953,green,9.0,toy,9.0,glove,10.0,bag,10.353,toy,11.0,hat,12.0
m_noise__ild_10__itd_0__targ_l__control_0,1,Masker,noise,1.353,noise,2.103,noise,2.703,noise,3.303,noise,3.753,noise,4.503,noise,5.103,noise,5.553,noise,6.303,noise,6.753,noise,7.503,noise,8.103,noise,8.553,noise,9.153,noise,9.753,noise,10.503,noise,10.953,noise,11.553
m_noise__ild_10__itd_0__targ_l__control_0,2,Target,bag,2.0,green,2.0,hat,3.0,chairs,3.0,card,4.0,red,5.0,bag,5.0,pen,6.0,card,6.0,glove,7.0,bag,8.0,sock,7.953,glove,8.553,tables,9.0,hat,10.0,red,10.353,toy,10.953,chairs,11.553
m_noise__ild_10__itd_0__targ_l__control_0,2,Masker,noise,1.353,noise,1.953,noise,2.553,noise,3.153,noise,3.753,noise,4.353,noise,4.953,noise,5.553,noise,6.153,noise,6.753,noise,7.353,noise,8.103,noise,8.703,noise,9.153,noise,9.753,noise,10.503,noise,11.103,noise,11.703
m_noise__ild_10__itd_0__targ_l__control_0,3,Target,shoe,2.0,tables,2.0,shoe,2.553,spoons,3.153,red,3.753,shoe,5.0,spoons,5.0,toy,5.553,spoons,6.0,toy,7.0,tables,7.353,shoe,8.0,card,9.0,tables,9.153,blue,10.0,bag,11.0,bag,11.0,pen,12.0
m_noise__ild_10__itd_0__targ_l__control_0,3,Masker,noise,1.353,noise,1.953,noise,2.703,noise,3.303,noise,3.903,noise,4.353,noise,4.953,noise,5.703,noise,6.153,noise,6.753,noise,7.503,noise,7.953,noise,8.553,noise,9.303,noise,9.753,noise,10.353,noise,10.953,noise,11.553
m_noise__ild_10__itd_0__targ_r__control_0,0,Target,tables,2.113,bag,2.713,card,3.0,glove,4.0,toy,4.513,chairs,5.113,sock,6.0,sock,6.0,toy,6.913,green,7.513,card,8.113,green,8.713,desks,9.0,toy,10.0,glove,11.0,shoe,11.0,white,12.0,blue,12.0
m_noise__ild_10__itd_0__targ_r__control_0,0,Masker,noise,2.263,noise,2.863,noise,3.313,noise,3.913,noise,4.663,noise,5.263,noise,5.713,noise,6.313,noise,7.063,noise,7.663,noise,8.263,noise,8.863,noise,9.313,noise,9.913,noise,10.513,noise,11.113,noise,11.713,noise,12.313
m_noise__ild_10__itd_0__targ_r__control_0,1,Target,card,2.0,sock,3.0,pen,3.313,toy,4.0,hat,4.513,card,5.113,white,5.713,tables,6.313,bag,7.0,chairs,8.0,toy,8.0,chairs,8.713,desks,9.0,blue,10.0,card,11.0,tables,11.113,shoe,12.0,desks,12.0
m_noise__ild_10__itd_0__targ_r__control_0,1,Masker,noise,2.113,noise,2.713,noise,3.463,noise,3.913,noise,4.663,noise,5.263,noise,5.863,noise,6.463,noise,6.913,noise,7.513,noise,8.113,noise,8.863,noise,9.313,noise,9.913,noise,10.513,noise,11.263,noise,11.713,noise,12.313
m_noise__ild_10__itd_0__targ_r__control_0,2,Target,green,2.0,glove,3.0,tables,3.313,chairs,3.913,pen,4.513,card,5.0,glove,5.713,toy,6.0,pen,6.913,pen,7.513,green,8.113,spoons,8.713,toy,9.313,pen,9.913,toy,10.513,pen,11.0,toy,11.713,blue,12.313
m_noise__ild_10__itd_0__targ_r__control_0,2,Masker,noise,2.113,noise,2.713,noise,3.463,noise,4.063,noise,4.663,noise,5.113,noise,5.863,noise,6.313,noise,7.063,noise,7.663,noise,8.263,noise,8.863,noise,9.463,noise,10.063,noise,10.663,noise,11.113,noise,11.863,noise,12.463
m_noise__ild_10__itd_0__targ_r__control_0,3,Target,red,2.113,white,2.713,toy,3.0,desks,3.913,spoons,5.0,toy,5.113,spoons,6.0,blue,6.313,bag,6.913,white,8.0,chairs,8.113,spoons,9.0,chairs,9.313,hat,10.0,pen,11.0,desks,11.0,hat,12.0,card,12.0
m_noise__ild_10__itd_0__targ_r__control_0,3,Masker,noise,2.263,noise,2.863,noise,3.313,noise,4.063,noise,4.513,noise,5.263,noise,5.713,noise,6.463,noise,7.063,noise,7.513,noise,8.263,noise,8.713,noise,9.463,noise,9.913,noise,10.513,noise,11.113,noise,11.713,noise,12.313
m_speech__ild_70n__itd_0__targ_l__control_0,0,Target,hat,1.815,green,2.415,desks,3.015,card,4.0,toy,4.0,toy,5.0,green,5.415,shoe,6.0,glove,7.0,card,7.215,hat,7.815,pen,8.415,shoe,9.015,toy,10.0,spoons,10.215,red,11.0,shoe,11.415,toy,12.0
m_speech__ild_70n__itd_0__targ_l__control_0,0,Masker,sock,1.965,hat,2.565,toy,3.165,sock,3.615,bag,4.215,tables,4.815,shoe,5.565,spoons,6.015,chairs,6.615,green,7.365,sock,7.965,bag,8.565,red,9.165,toy,9.615,green,10.365,toy,10.815,toy,11.565,shoe,12.015
m_speech__ild_70n__itd_0__targ_l__control_0,1,Target,green,1.815,green,3.0,hat,3.0,glove,3.615,shoe,4.0,glove,4.815,green,6.0,card,6.015,glove,6.615,toy,7.0,hat,7.815,bag,9.0,spoons,9.015,pen,9.615,chairs,10.215,chairs,11.0,bag,11.415,sock,12.0
m_speech__ild_70n__itd_0__targ_l__control_0,1,Masker,hat,1.965,pen,2.415,card,3.015,hat,3.765,spoons,4.215,bag,4.965,bag,5.415,desks,6.165,chairs,6.765,hat,7.215,red,7.965,desks,8.415,white,9.165,blue,9.765,card,10.365,white,10.815,shoe,11.565,toy,12.015
m_speech__ild_70n__itd_0__targ_l__control_0,2,Target,toy,2.0,pen,3.0,shoe,3.015,bag,3.615,desks,4.0,hat,5.0,card,5.415,card,6.015,card,7.0,card,7.0,white,7.815,tables,9.0,sock,9.0,blue,9.615,bag,10.0,bag,10.815,red,12.0,tables,12.015
m_speech__ild_70n__itd_0__targ_l__control_0,2,Masker,toy,1.815,desks,2.415,tables,3.165,card,3.765,card,4.215,red,4.815,toy,5.565,glove,6.165,red,6.615,bag,7.215,toy,7.965,sock,8.415,bag,9.015,tables,9.765,toy,10.215,desks,10.965,glove,11.415,red,12.165
m_speech__ild_70n__itd_0__targ_l__control_0,3,Target,pen,1.815,pen,3.0,spoons,3.015,pen,3.615,card,4.0,blue,5.0,sock,5.415,toy,6.0,chairs,6.615,hat,7.0,white,8.0,hat,8.415,card,9.0,sock,10.0,desks,10.215,green,11.0,green,11.415,glove,12.015
m_speech__ild_70n__itd_0__targ_l__control_0,3,Masker,red,1.965,card,2.415,bag,3.165,spoons,3.765,shoe,4.215,hat,4.815,pen,5.565,spoons,6.015,white,6.765,chairs,7.215,shoe,7.815,green,8.565,chairs,9.015,hat,9.615,card,10.365,tables,10.815,bag,11.565,toy,12.165
m_speech__ild_70n__itd_0__targ_r__control_0,0,Target,card,2.108,green,2.708,toy,3.0,pen,4.0,glove,5.0,card,5.0,desks,6.0,shoe,6.0,white,6.908,glove,7.508,toy,8.108,red,9.0,hat,9.308,blue,9.908,card,11.0,toy,11.108,card,11.708,toy,12.308
m_speech__ild_70n__itd_0__targ_r__control_0,0,Masker,bag,2.258,card,2.858,spoons,3.308,tables,3.908,white,4.508,toy,5.108,white,5.708,glove,6.308,spoons,7.058,chairs,7.658,desks,8.258,card,8.708,red,9.458,toy,10.058,desks,10.508,glove,11.258,red,11.858,toy,12.458
m_speech__ild_70n__itd_0__targ_r__control_0,1,Target,sock,2.0,chairs,3.0,blue,3.0,shoe,3.908,bag,5.0,pen,5.0,sock,6.0,bag,6.0,spoons,7.0,red,7.508,desks,8.108,white,9.0,glove,9.308,toy,10.0,card,10.508,white,11.108,sock,12.0,toy,12.0
m_speech__ild_70n__itd_0__targ_r__control_0,1,Masker,hat,2.108,sock,2.708,chairs,3.308,chairs,4.058,shoe,4.508,shoe,5.108,chairs,5.708,sock,6.308,green,6.908,glove,7.658,sock,8.258,chairs,8.708,tables,9.458,sock,9.908,red,10.658,toy,11.258,tables,11.708,glove,12.308
m_speech__ild_70n__itd_0__targ_r__control_0,2,Target,card,2.108,hat,2.708,card,3.308,hat,4.0,hat,5.0,blue,5.0,sock,5.708,shoe,6.0,desks,7.0,hat,7.508,red,8.108,sock,8.708,shoe,9.0,card,10.0,bag,10.508,card,11.0,card,11.708,hat,12.308
m_speech__ild_70n__itd_0__targ_r__control_0,2,Masker,spoons,2.258,desks,2.858,white,3.458,hat,3.908,hat,4.508,hat,5.108,card,5.858,glove,6.308,blue,6.908,pen,7.658,sock,8.258,red,8.858,hat,9.308,desks,9.908,card,10.658,hat,11.108,white,11.858,chairs,12.458
m_speech__ild_70n__itd_0__targ_r__control_0,3,Target,glove,2.0,bag,3.0,pen,3.308,chairs,3.908,glove,4.508,toy,5.108,white,6.0,glove,6.308,tables,6.908,tables,7.508,white,8.0,pen,9.0,green,9.308,toy,9.908,sock,11.0,hat,11.108,blue,12.0,shoe,12.0
m_speech__ild_70n__itd_0__targ_r__control_0,3,Masker,chairs,2.108,hat,2.708,glove,3.458,sock,4.058,toy,4.658,bag,5.258,bag,5.708,toy,6.458,desks,7.058,bag,7.658,shoe,8.108,card,8.708,chairs,9.458,red,10.058,tables,10.508,white,11.258,card,11.708,card,12.308
m_noise__ild_70n__itd_0__targ_l__control_0,0,Target,hat,2.891,card,4.0,card,4.091,pen,4.691,white,5.291,desks,5.891,tables,7.0,hat,7.0,red,8.0,desks,8.0,red,9.0,blue,9.491,tables,10.0,hat,11.0,toy,11.291,sock,11.891,desks,12.491,spoons,13.091
m_noise__ild_70n__itd_0__targ_l__control_0,0,Masker,noise,3.041,noise,3.491,noise,4.241,noise,4.841,noise,5.441,noise,6.041,noise,6.491,noise,7.091,noise,7.691,noise,8.291,noise,8.891,noise,9.641,noise,10.091,noise,10.691,noise,11.441,noise,12.041,noise,12.641,noise,13.241
m_noise__ild_70n__itd_0__targ_l__control_0,1,Target,toy,2.891,toy,3.491,toy,4.091,white,5.0,tables,5.291,spoons,6.0,blue,7.0,sock,7.091,hat,8.0,hat,8.291,hat,8.891,glove,10.0,blue,10.0,spoons,11.0,chairs,11.291,hat,11.891,red,13.0,glove,13.091
m_noise__ild_70n__itd_0__targ_l__control_0,1,Masker,noise,3.041,noise,3.641,noise,4.241,noise,4.691,noise,5.441,noise,5.891,noise,6.491,noise,7.241,noise,7.691,noise,8.441,noise,9.041,noise,9.491,noise,10.091,noise,10.691,noise,11.441,noise,12.041,noise,12.491,noise,13.241
m_noise__ild_70n__itd_0__targ_l__control_0,2,Target,desks,3.0,hat,3.491,desks,4.091,hat,5.0,desks,5.0,shoe,6.0,sock,6.491,desks,7.091,hat,7.691,chairs,8.291,hat,9.0,tables,10.0,glove,10.0,bag,11.0,white,11.0,chairs,12.0,pen,13.0,blue,13.0
m_noise__ild_70n__itd_0__targ_l__control_0,2,Masker,noise,2.891,noise,3.641,noise,4.241,noise,4.691,noise,5.291,noise,5.891,noise,6.641,noise,7.241,noise,7.841,noise,8.441,noise,8.891,noise,9.491,noise,10.091,noise,10.691,noise,11.291,noise,11.891,noise,12.491,noise,13.091
m_noise__ild_70n__itd_0__targ_l__control_0,3,Target,toy,2.891,glove,4.0,blue,4.091,bag,4.691,bag,5.291,pen,5.891,blue,6.491,tables,7.0,card,7.691,white,8.0,chairs,8.891,desks,9.491,tables,10.091,spoons,10.691,pen,11.0,bag,12.0,shoe,13.0,white,13.0
m_noise__ild_70n__itd_0__targ_l__control_0,3,Masker,noise,3.041,noise,3.491,noise,4.241,noise,4.841,noise,5.441,noise,6.041,noise,6.641,noise,7.091,noise,7.841,noise,8.291,noise,9.041,noise,9.641,noise,10.241,noise,10.841,noise,11.291,noise,11.891,noise,12.491,noise,13.091
m_noise__ild_70n__itd_0__targ_r__control_0,0,Target,red,1.866,glove,2.466,tables,3.066,sock,3.666,blue,4.0,spoons,5.0,chairs,6.0,tables,6.066,blue,6.666,red,7.0,card,8.0,chairs,8.466,pen,9.0,card,9.666,desks,10.266,spoons,11.0,toy,12.0,toy,12.0
m_noise__ild_70n__itd_0__targ_r__control_0,0,Masker,noise,2.016,noise,2.616,noise,3.216,noise,3.816,noise,4.266,noise,4.866,noise,5.466,noise,6.216,noise,6.816,noise,7.266,noise,7.866,noise,8.616,noise,9.066,noise,9.816,noise,10.416,noise,10.866,noise,11.466,noise,12.066
m_noise__ild_70n__itd_0__targ_r__control_0,1,Target,shoe,1.866,tables,2.466,sock,3.066,glove,3.666,glove,4.0,tables,4.866,shoe,6.0,green,6.066,toy,6.666,bag,7.266,chairs,7.866,white,9.0,toy,9.0,glove,10.0,glove,10.0,chairs,10.866,spoons,12.0,red,12.0
m_noise__ild_70n__itd_0__targ_r__control_0,1,Masker,noise,2.016,noise,2.616,noise,3.216,noise,3.816,noise,4.266,noise,5.016,noise,5.466,noise,6.216,noise,6.816,noise,7.416,noise,8.016,noise,8.466,noise,9.066,noise,9.666,noise,10.266,noise,11.016,noise,11.466,noise,12.066
m_noise__ild_70n__itd_0__targ_r__control_0,2,Target,blue,2.0,blue,3.0,white,3.066,toy,3.666,card,4.266,hat,4.866,card,6.0,hat,6.0,pen,7.0,card,7.266,desks,8.0,tables,9.0,toy,9.066,shoe,9.666,glove,10.266,white,10.866,desks,12.0,shoe,12.0
m_noise__ild_70n__itd_0__targ_r__control_0,2,Masker,noise,1.866,noise,2.466,noise,3.216,noise,3.816,noise,4.416,noise,5.016,noise,5.466,noise,6.066,noise,6.666,noise,7.416,noise,7.866,noise,8.466,noise,9.216,noise,9.816,noise,10.416,noise,11.016,noise,11.466,noise,12.066
m_noise__ild_70n__itd_0__targ_r__control_0,3,Target,red,2.0,sock,3.0,toy,3.0,white,4.0,tables,4.266,card,5.0,shoe,6.0,spoons,6.066,card,6.666,sock,7.0,toy,8.0,tables,9.0,chairs,9.066,spoons,10.0,sock,10.0,card,11.0,green,11.466,toy,12.0
m_noise__ild_70n__itd_0__targ_r__control_0,3,Masker,noise,1.866,noise,2.466,noise,3.066,noise,3.666,noise,4.416,noise,4.866,noise,5.466,noise,6.216,noise,6.816,noise,7.266,noise,7.866,noise,8.466,noise,9.216,noise,9.666,noise,10.266,noise,10.866,noise,11.616,noise,12.066
m_speech__ild_0__itd_500__targ_l__control_1,0,Target,glove,3.0,green,3.37,hat,3.97,pen,4.57,white,5.0,card,5.77,sock,6.37,glove,6.97,sock,7.57,card,8.17,shoe,9.0,pen,10.0,chairs,10.0,toy,10.57,hat,11.0,red,12.0,sock,12.37,hat,12.97
m_speech__ild_0__itd_500__targ_l__control_1,0,Masker,spoons,2.77,spoons,3.52,card,4.12,sock,4.72,bag,5.17,spoons,5.92,shoe,6.52,desks,7.12,pen,7.72,red,8.32,tables,8.77,hat,9.37,white,9.97,chairs,10.72,pen,11.17,hat,11.77,chairs,12.52,shoe,13.12
m_speech__ild_0__itd_500__targ_l__control_1,1,Target,bag,3.0,sock,4.0,card,4.0,red,5.0,desks,5.0,bag,5.77,bag,6.37,hat,7.0,desks,8.0,glove,8.0,white,9.0,tables,10.0,pen,9.97,red,11.0,pen,11.0,blue,11.77,desks,12.37,spoons,13.0
m_speech__ild_0__itd_500__targ_l__control_1,1,Masker,white,2.77,sock,3.37,tables,3.97,sock,4.57,green,5.17,glove,5.92,toy,6.52,sock,6.97,toy,7.57,white,8.17,desks,8.77,blue,9.37,sock,10.12,tables,10.57,chairs,11.17,glove,11.92,bag,12.52,card,12.97
m_speech__ild_0__itd_500__targ_l__control_1,2,Target,hat,3.0,spoons,4.0,white,3.97,spoons,5.0,green,5.17,desks,6.0,card,7.0,toy,6.97,shoe,7.57,card,8.17,desks,9.0,hat,10.0,card,10.0,spoons,10.57,white,11.0,pen,12.0,desks,12.37,chairs,12.97
m_speech__ild_0__itd_500__targ_l__control_1,2,Masker,hat,2.77,spoons,3.37,hat,4.12,shoe,4.57,bag,5.32,pen,5.77,toy,6.37,chairs,7.12,white,7.72,toy,8.32,pen,8.77,tables,9.37,red,9.97,bag,10.72,tables,11.17,pen,11.77,pen,12.52,toy,13.12
m_speech__ild_0__itd_500__targ_l__control_1,3,Target,toy,3.0,sock,3.37,red,3.97,shoe,4.57,red,5.0,desks,5.77,bag,7.0,pen,7.0,chairs,7.57,spoons,8.0,chairs,8.77,spoons,9.37,white,10.0,desks,10.57,bag,11.0,glove,12.0,chairs,12.37,glove,12.97
m_speech__ild_0__itd_500__targ_l__control_1,3,Masker,glove,2.77,glove,3.52,sock,4.12,desks,4.72,sock,5.17,hat,5.92,sock,6.37,chairs,6.97,desks,7.72,blue,8.17,sock,8.92,spoons,9.52,desks,9.97,card,10.72,sock,11.17,sock,11.77,shoe,12.52,white,13.12
m_speech__ild_0__itd_500__targ_r__control_1,0,Target,blue,1.0,sock,1.945,bag,3.0,glove,3.145,chairs,4.0,spoons,4.0,tables,4.945,card,5.545,toy,6.0,card,6.745,sock,7.345,glove,8.0,green,9.0,blue,9.145,chairs,10.0,shoe,10.345,card,11.0,red,11.545
m_speech__ild_0__itd_500__targ_r__control_1,0,Masker,glove,1.345,tables,2.095,spoons,2.545,chairs,3.295,red,3.745,sock,4.345,chairs,5.095,sock,5.695,tables,6.145,bag,6.895,chairs,7.495,tables,7.945,hat,8.545,spoons,9.295,toy,9.745,sock,10.495,green,10.945,desks,11.695
m_speech__ild_0__itd_500__targ_r__control_1,1,Target,hat,1.0,pen,1.945,pen,2.545,spoons,3.0,pen,4.0,desks,4.0,sock,5.0,chairs,5.545,card,6.145,red,6.745,shoe,7.345,spoons,8.0,glove,9.0,spoons,9.145,sock,10.0,spoons,10.0,white,10.945,toy,11.545
m_speech__ild_0__itd_500__targ_r__control_1,1,Masker,spoons,1.345,desks,2.095,shoe,2.695,glove,3.145,shoe,3.745,white,4.345,glove,4.945,spoons,5.695,green,6.295,desks,6.895,red,7.495,spoons,7.945,pen,8.545,hat,9.295,spoons,9.745,white,10.345,sock,11.095,chairs,11.695
m_speech__ild_0__itd_500__targ_r__control_1,2,Target,tables,1.345,green,1.945,chairs,2.545,sock,3.0,green,4.0,desks,4.345,hat,5.0,pen,6.0,sock,6.145,bag,6.745,desks,7.0,desks,8.0,green,8.545,hat,9.0,spoons,9.745,white,10.345,toy,11.0,hat,11.545
m_speech__ild_0__itd_500__targ_r__control_1,2,Masker,card,1.495,sock,2.095,white,2.695,chairs,3.145,hat,3.745,pen,4.495,hat,4.945,desks,5.545,card,6.295,white,6.895,hat,7.345,card,7.945,glove,8.695,glove,9.145,card,9.895,chairs,10.495,pen,10.945,pen,11.695
m_speech__ild_0__itd_500__targ_r__control_1,3,Target,pen,1.345,toy,2.0,red,2.545,spoons,3.145,shoe,4.0,glove,4.345,chairs,5.0,bag,6.0,glove,6.145,toy,6.745,white,7.0,tables,8.0,red,8.545,spoons,9.145,chairs,10.0,card,10.0,desks,10.945,bag,11.545
m_speech__ild_0__itd_500__targ_r__control_1,3,Masker,sock,1.495,spoons,1.945,shoe,2.695,pen,3.295,hat,3.745,chairs,4.495,red,4.945,sock,5.545,tables,6.295,chairs,6.895,desks,7.345,spoons,7.945,shoe,8.695,blue,9.295,tables,9.745,spoons,10.345,sock,11.095,tables,11.695
m_noise__ild_0__itd_500__targ_l__control_1,0,Target,sock,3.0,blue,3.331,toy,3.931,chairs,5.0,bag,5.131,pen,5.731,bag,6.331,tables,6.931,pen,8.0,tables,8.131,toy,9.0,white,9.331,card,10.0,pen,10.531,card,11.0,bag,12.0,desks,12.331,chairs,13.0
m_noise__ild_0__itd_500__targ_l__control_1,0,Masker,noise,2.731,noise,3.481,noise,4.081,noise,4.531,noise,5.281,noise,5.881,noise,6.481,noise,7.081,noise,7.531,noise,8.281,noise,8.731,noise,9.481,noise,9.931,noise,10.681,noise,11.131,noise,11.731,noise,12.481,noise,12.931
m_noise__ild_0__itd_500__targ_l__control_1,1,Target,green,2.731,card,3.0,toy,3.931,red,4.531,chairs,5.131,pen,6.0,hat,6.0,pen,6.931,card,7.531,glove,8.131,card,8.731,bag,9.331,red,9.931,glove,11.0,hat,11.0,pen,12.0,chairs,12.0,spoons,13.0
m_noise__ild_0__itd_500__targ_l__control_1,1,Masker,noise,2.881,noise,3.331,noise,4.081,noise,4.681,noise,5.281,noise,5.731,noise,6.331,noise,7.081,noise,7.681,noise,8.281,noise,8.881,noise,9.481,noise,10.081,noise,10.531,noise,11.131,noise,11.731,noise,12.331,noise,12.931
m_noise__ild_0__itd_500__targ_l__control_1,2,Target,desks,2.731,spoons,3.331,sock,4.0,shoe,4.531,white,5.0,sock,5.731,bag,6.0,sock,6.931,hat,8.0,chairs,8.0,red,9.0,bag,9.0,tables,9.931,green,11.0,spoons,11.131,toy,11.731,red,12.0,hat,13.0
m_noise__ild_0__itd_500__targ_l__control_1,2,Masker,noise,2.881,noise,3.481,noise,3.931,noise,4.681,noise,5.131,noise,5.881,noise,6.331,noise,7.081,noise,7.531,noise,8.131,noise,8.731,noise,9.331,noise,10.081,noise,10.531,noise,11.281,noise,11.881,noise,12.331,noise,12.931
m_noise__ild_0__itd_500__targ_l__control_1,3,Target,shoe,3.0,bag,3.0,tables,3.931,red,5.0,green,5.131,bag,5.731,blue,6.331,green,7.0,chairs,7.531,desks,8.0,bag,9.0,chairs,9.0,desks,9.931,toy,11.0,hat,11.0,bag,12.0,desks,12.0,spoons,12.931
m_noise__ild_0__itd_500__targ_l__control_1,3,Masker,noise,2.731,noise,3.331,noise,4.081,noise,4.531,noise,5.281,noise,5.881,noise,6.481,noise,6.931,noise,7.681,noise,8.131,noise,8.731,noise,9.331,noise,10.081,noise,10.531,noise,11.131,noise,11.731,noise,12.331,noise,13.081
m_noise__ild_0__itd_500__targ_r__control_1,0,Target,bag,1.198,glove,1.798,white,3.0,card,3.0,pen,3.598,glove,4.0,glove,4.798,spoons,6.0,white,5.998,sock,7.0,spoons,7.0,red,8.0,blue,8.398,spoons,9.0,bag,10.0,chairs,10.198,desks,10.798,shoe,11.398
m_noise__ild_0__itd_500__targ_r__control_1,0,Masker,noise,1.348,noise,1.948,noise,2.398,noise,2.998,noise,3.748,noise,4.198,noise,4.948,noise,5.398,noise,6.148,noise,6.598,noise,7.198,noise,7.798,noise,8.548,noise,8.998,noise,9.598,noise,10.348,noise,10.948,noise,11.548
m_noise__ild_0__itd_500__targ_r__control_1,1,Target,hat,1.0,green,1.798,toy,3.0,sock,2.998,chairs,4.0,white,4.0,bag,5.0,shoe,6.0,tables,6.0,spoons,7.0,sock,7.198,bag,8.0,blue,9.0,sock,8.998,spoons,10.0,spoons,10.0,hat,10.798,chairs,11.398
m_noise__ild_0__itd_500__targ_r__control_1,1,Masker,noise,1.198,noise,1.948,noise,2.398,noise,3.148,noise,3.598,noise,4.198,noise,4.798,noise,5.398,noise,5.998,noise,6.598,noise,7.348,noise,7.798,noise,8.398,noise,9.148,noise,9.598,noise,10.198,noise,10.948,noise,11.548
m_noise__ild_0__itd_500__targ_r__control_1,2,Target,desks,1.0,red,1.798,hat,3.0,bag,2.998,white,3.598,chairs,4.0,glove,4.798,toy,5.398,tables,5.998,desks,6.598,bag,7.0,chairs,8.0,hat,8.398,chairs,9.0,chairs,10.0,red,10.0,chairs,11.0,toy,12.0
m_noise__ild_0__itd_500__targ_r__control_1,2,Masker,noise,1.198,noise,1.948,noise,2.398,noise,3.148,noise,3.748,noise,4.198,noise,4.948,noise,5.548,noise,6.148,noise,6.748,noise,7.198,noise,7.798,noise,8.548,noise,8.998,noise,9.598,noise,10.198,noise,10.798,noise,11.398
m_noise__ild_0__itd_500__targ_r__control_1,3,Target,chairs,1.198,card,1.798,glove,2.398,white,3.0,chairs,4.0,chairs,4.198,pen,5.0,glove,6.0,spoons,6.0,glove,6.598,sock,7.0,red,7.798,glove,8.398,sock,8.998,chairs,9.598,desks,10.0,hat,11.0,spoons,11.398
m_noise__ild_0__itd_500__targ_r__control_1,3,Masker,noise,1.348,noise,1.948,noise,2.548,noise,2.998,noise,3.598,noise,4.348,noise,4.798,noise,5.398,noise,5.998,noise,6.748,noise,7.198,noise,7.948,noise,8.548,noise,9.148,noise,9.748,noise,10.198,noise,10.798,noise,11.548
