Condition,Run,Type,Word0,Time0,Word1,Time1,Word2,Time2,Word3,Time3,Word4,Time4,Word5,Time5,Word6,Time6,Word7,Time7,Word8,Time8,Word9,Time9,Word10,Time10,Word11,Time11,Word12,Time12,Word13,Time13,Word14,Time14,Word15,Time15,Word16,Time16,Word17,Time17
practice,0,Target,spoons,2.255,chairs,2.855,blue,3.455,chairs,4.055,tables,4.655,tables,5.0,toy,5.855,red,6.455,tables,7.055,pen,7.655,desks,8.255,sock,8.855,chairs,9.455,toy,10.055,pen,11.0,card,11.0,pen,12.0,shoe,13.0
practice,0,Masker,none,2.405,none,3.005,none,3.605,none,4.205,none,4.805,none,5.255,none,6.005,none,6.605,none,7.205,none,7.805,none,8.405,none,9.005,none,9.605,none,10.205,none,10.655,none,11.255,none,11.855,none,12.455
practice,1,Target,card,2.255,hat,2.855,white,3.455,shoe,4.0,bag,4.655,tables,5.0,toy,5.855,chairs,7.0,pen,7.055,card,7.655,glove,8.0,blue,8.855,pen,9.455,desks,10.0,green,10.655,green,11.255,shoe,11.855,hat,13.0
practice,1,Masker,none,2.405,none,3.005,none,3.605,none,4.055,none,4.805,none,5.255,none,6.005,none,6.455,none,7.205,none,7.805,none,8.255,none,9.005,none,9.605,none,10.055,none,10.805,none,11.405,none,12.005,none,12.455
practice,2,Target,tables,2.255,desks,2.855,spoons,3.455,chairs,4.055,white,5.0,card,5.0,blue,6.0,card,6.455,shoe,7.055,spoons,7.655,chairs,8.255,desks,9.0,red,10.0,desks,10.0,red,11.0,card,11.255,desks,11.855,bag,13.0
practice,2,Masker,none,2.405,none,3.005,none,3.605,none,4.205,none,4.655,none,5.255,none,5.855,none,6.605,none,7.205,none,7.805,none,8.405,none,8.855,none,9.455,none,10.055,none,10.655,none,11.405,none,12.005,none,12.455
practice,3,Target,desks,2.255,bag,2.855,hat,3.455,chairs,4.055,white,4.655,shoe,5.0,pen,6.0,blue,6.455,bag,7.0,green,8.0,toy,8.0,chairs,8.855,pen,9.455,glove,10.055,bag,11.0,bag,11.0,desks,12.0,glove,12.455
practice,3,Masker,none,2.405,none,3.005,none,3.605,none,4.205,none,4.805,none,5.255,none,5.855,none,6.605,none,7.055,none,7.655,none,8.255,none,9.005,none,9.605,none,10.205,none,10.655,none,11.255,none,11.855,none,12.605
m_speech__ild_0__itd_50__targ_l__control_0,0,Target,spoons,2.0,card,2.82,pen,4.0,spoons,4.0,card,4.62,desks,5.22,blue,5.82,pen,6.42,blue,7.02,toy,8.0,sock,8.22,card,9.0,chairs,9.42,glove,10.02,desks,10.62,hat,11.22,bag,11.82,card,12.42
m_speech__ild_0__itd_50__targ_l__control_0,0,Masker,chairs,2.22,sock,2.97,pen,3.42,glove,4.02,card,4.77,desks,5.37,desks,5.97,tables,6.57,desks,7.17,blue,7.62,bag,8.37,white,8.82,card,9.57,chairs,10.17,sock,10.77,desks,11.37,sock,11.97,chairs,12.57
m_speech__ild_0__itd_50__targ_l__control_0,1,Target,hat,2.0,toy,2.82,tables,4.0,red,4.02,blue,4.62,chairs,5.22,toy,6.0,sock,7.0,toy,7.02,glove,7.62,card,8.0,white,9.0,sock,9.42,pen,10.0,glove,10.62,tables,11.0,blue,12.0,toy,12.42
m_speech__ild_0__itd_50__targ_l__control_0,1,Masker,green,2.22,bag,2.97,toy,3.42,pen,4.17,pen,4.77,white,5.37,shoe,5.82,green,6.42,sock,7.17,red,7.77,tables,8.22,glove,8.82,glove,9.57,spoons,10.02,card,10.77,desks,11.22,pen,11.82,hat,12.57
m_speech__ild_0__itd_50__targ_l__control_0,2,Target,toy,2.0,glove,2.82,toy,4.0,shoe,4.0,chairs,4.62,chairs,5.0,desks,6.0,toy,7.0,spoons,7.02,card,8.0,sock,8.22,desks,8.82,sock,10.0,white,10.02,hat,11.0,blue,11.0,chairs,12.0,pen,12.42
m_speech__ild_0__itd_50__targ_l__control_0,2,Masker,sock,2.22,card,2.97,chairs,3.42,spoons,4.02,sock,4.77,green,5.22,pen,5.82,spoons,6.42,green,7.17,spoons,7.62,green,8.37,spoons,8.97,glove,9.42,spoons,10.17,spoons,10.62,chairs,11.22,chairs,11.82,desks,12.57
m_speech__ild_0__itd_50__targ_l__control_0,3,Target,toy,2.22,chairs,3.0,toy,3.42,green,4.02,tables,4.62,card,5.0,desks,6.0,pen,7.0,shoe,7.02,blue,8.0,card,8.0,spoons,8.82,tables,10.0,desks,10.0,toy,11.0,pen,11.0,spoons,11.82,white,13.0
m_speech__ild_0__itd_50__targ_l__control_0,3,Masker,green,2.37,hat,2.82,blue,3.57,chairs,4.17,sock,4.77,white,5.22,sock,5.82,hat,6.42,sock,7.17,tables,7.62,toy,8.22,pen,8.97,spoons,9.42,spoons,10.02,glove,10.62,blue,11.22,tables,11.97,shoe,12.42
m_speech__ild_0__itd_50__targ_r__control_0,0,Target,tables,2.0,desks,2.833,hat,4.0,pen,4.0,desks,4.633,chairs,5.0,bag,6.0,desks,7.0,sock,7.033,sock,8.0,pen,8.0,red,9.0,bag,9.433,desks,10.033,desks,10.633,spoons,11.0,red,12.0,toy,12.433
m_speech__ild_0__itd_50__targ_r__control_0,0,Masker,blue,2.233,shoe,2.983,desks,3.433,green,4.033,white,4.783,spoons,5.233,sock,5.833,sock,6.433,desks,7.183,tables,7.633,chairs,8.233,tables,8.833,hat,9.583,bag,10.183,spoons,10.783,toy,11.233,hat,11.833,green,12.583
m_speech__ild_0__itd_50__targ_r__control_0,1,Target,tables,2.233,white,3.0,tables,4.0,toy,4.033,hat,4.633,bag,5.0,tables,5.833,shoe,7.0,spoons,7.0,hat,8.0,tables,8.0,spoons,8.833,red,10.0,desks,10.033,pen,10.633,card,11.233,tables,11.833,shoe,12.433
m_speech__ild_0__itd_50__targ_r__control_0,1,Masker,glove,2.383,toy,2.833,chairs,3.433,tables,4.183,bag,4.783,tables,5.233,chairs,5.983,green,6.433,sock,7.033,red,7.633,desks,8.233,desks,8.983,glove,9.433,tables,10.183,toy,10.783,tables,11.383,desks,11.983,desks,12.583
m_speech__ild_0__itd_50__targ_r__control_0,2,Target,pen,2.233,tables,2.833,chairs,4.0,shoe,4.033,glove,4.633,blue,5.0,white,6.0,bag,6.433,spoons,7.033,spoons,7.633,blue,8.0,bag,8.833,bag,9.433,blue,10.033,chairs,11.0,desks,11.0,desks,11.833,desks,12.433
m_speech__ild_0__itd_50__targ_r__control_0,2,Masker,bag,2.383,card,2.983,green,3.433,desks,4.183,desks,4.783,shoe,5.233,bag,5.833,hat,6.583,spoons,7.183,desks,7.783,pen,8.233,green,8.983,blue,9.583,pen,10.183,bag,10.633,tables,11.233,desks,11.983,blue,12.583
m_speech__ild_0__itd_50__targ_r__control_0,3,Target,tables,2.233,card,2.833,hat,4.0,spoons,4.033,green,4.633,blue,5.0,sock,6.0,blue,7.0,card,7.0,green,7.633,hat,8.233,glove,9.0,card,9.433,pen,10.033,toy,11.0,hat,11.233,desks,12.0,chairs,13.0
m_speech__ild_0__itd_50__targ_r__control_0,3,Masker,sock,2.383,tables,2.983,sock,3.433,white,4.183,card,4.783,hat,5.233,glove,5.833,toy,6.433,sock,7.033,bag,7.783,red,8.383,desks,8.833,glove,9.583,hat,10.183,white,10.633,blue,11.383,chairs,11.833,chairs,12.433
m_noise__ild_0__itd_50__targ_l__control_0,0,Target,chairs,3.0,card,3.529,toy,4.0,toy,5.0,sock,5.0,glove,5.929,pen,6.529,green,7.0,pen,8.0,white,8.0,hat,9.0,red,9.529,pen,10.0,shoe,11.0,pen,11.0,white,11.929,spoons,12.529,sock,13.129
m_noise__ild_0__itd_50__targ_l__control_0,0,Masker,noise,2.929,noise,3.679,noise,4.129,noise,4.729,noise,5.329,noise,6.079,noise,6.679,noise,7.129,noise,7.729,noise,8.329,noise,8.929,noise,9.679,noise,10.129,noise,10.729,noise,11.329,noise,12.079,noise,12.679,noise,13.279
m_noise__ild_0__itd_50__targ_l__control_0,1,Target,card,2.929,card,4.0,toy,4.129,toy,4.729,card,5.329,hat,5.929,white,7.0,chairs,7.129,white,8.0,shoe,8.0,chairs,8.929,sock,10.0,card,10.0,spoons,11.0,hat,11.0,spoons,12.0,card,13.0,blue,13.0
m_noise__ild_0__itd_50__targ_l__control_0,1,Masker,noise,3.079,noise,3.529,noise,4.279,noise,4.879,noise,5.479,noise,6.079,noise,6.529,noise,7.279,noise,7.729,noise,8.329,noise,9.079,noise,9.529,noise,10.129,noise,10.729,noise,11.329,noise,11.929,noise,12.529,noise,13.129
m_noise__ild_0__itd_50__targ_l__control_0,2,Target,card,2.929,glove,3.529,red,4.0,desks,5.0,blue,5.0,sock,5.929,bag,6.529,card,7.129,glove,8.0,card,8.329,chairs,8.929,tables,9.529,sock,10.0,bag,10.729,red,11.329,blue,11.929,pen,13.0,desks,13.129
m_noise__ild_0__itd_50__targ_l__control_0,2,Masker,noise,3.079,noise,3.679,noise,4.129,noise,4.729,noise,5.329,noise,6.079,noise,6.679,noise,7.279,noise,7.729,noise,8.479,noise,9.079,noise,9.679,noise,10.129,noise,10.879,noise,11.479,noise,12.079,noise,12.529,noise,13.279
m_noise__ild_0__itd_50__targ_l__control_0,3,Target,sock,3.0,sock,3.529,pen,4.129,spoons,5.0,sock,5.0,bag,6.0,red,7.0,spoons,7.0,card,8.0,bag,8.0,sock,9.0,card,10.0,blue,10.0,blue,10.729,card,11.0,spoons,11.929,sock,12.529,red,13.129
m_noise__ild_0__itd_50__targ_l__control_0,3,Masker,noise,2.929,noise,3.679,noise,4.279,noise,4.729,noise,5.329,noise,5.929,noise,6.529,noise,7.129,noise,7.729,noise,8.329,noise,8.929,noise,9.529,noise,10.129,noise,10.879,noise,11.329,noise,12.079,noise,12.679,noise,13.279
m_noise__ild_0__itd_50__targ_r__control_0,0,Target,white,2.728,tables,3.0,red,3.928,shoe,4.528,pen,5.0,hat,5.728,blue,6.328,card,6.928,glove,8.0,chairs,8.0,hat,9.0,spoons,9.328,shoe,10.0,tables,10.528,white,11.0,tables,12.0,pen,12.0,glove,13.0
m_noise__ild_0__itd_50__targ_r__control_0,0,Masker,noise,2.878,noise,3.328,noise,4.078,noise,4.678,noise,5.128,noise,5.878,noise,6.478,noise,7.078,noise,7.528,noise,8.128,noise,8.728,noise,9.478,noise,9.928,noise,10.678,noise,11.128,noise,11.728,noise,12.328,noise,12.928
m_noise__ild_0__itd_50__targ_r__control_0,1,Target,red,3.0,tables,3.0,sock,4.0,bag,4.528,desks,5.128,shoe,6.0,sock,6.0,blue,7.0,tables,8.0,pen,8.128,sock,9.0,hat,9.0,white,10.0,desks,10.528,bag,11.0,card,12.0,glove,12.0,glove,13.0
m_noise__ild_0__itd_50__targ_r__control_0,1,Masker,noise,2.728,noise,3.328,noise,3.928,noise,4.678,noise,5.278,noise,5.728,noise,6.328,noise,6.928,noise,7.528,noise,8.278,noise,8.728,noise,9.328,noise,9.928,noise,10.678,noise,11.128,noise,11.728,noise,12.328,noise,12.928
m_noise__ild_0__itd_50__targ_r__control_0,2,Target,card,2.728,bag,3.0,glove,3.928,spoons,4.528,green,5.128,pen,6.0,hat,6.0,spoons,7.0,hat,8.0,blue,8.128,pen,9.0,toy,9.0,green,9.928,card,10.528,hat,11.128,tables,11.728,bag,12.328,bag,12.928
m_noise__ild_0__itd_50__targ_r__control_0,2,Masker,noise,2.878,noise,3.328,noise,4.078,noise,4.678,noise,5.278,noise,5.728,noise,6.328,noise,6.928,noise,7.528,noise,8.278,noise,8.728,noise,9.328,noise,10.078,noise,10.678,noise,11.278,noise,11.878,noise,12.478,noise,13.078
m_noise__ild_0__itd_50__targ_r__control_0,3,Target,green,2.728,pen,3.0,sock,3.928,bag,5.0,bag,5.0,tables,5.728,glove,6.328,pen,7.0,shoe,8.0,chairs,8.0,sock,8.728,tables,9.328,toy,9.928,spoons,10.528,card,11.0,red,11.728,card,12.328,chairs,12.928
m_noise__ild_0__itd_50__targ_r__control_0,3,Masker,noise,2.878,noise,3.328,noise,4.078,noise,4.528,noise,5.128,noise,5.878,noise,6.478,noise,6.928,noise,7.528,noise,8.128,noise,8.878,noise,9.478,noise,10.078,noise,10.678,noise,11.128,noise,11.878,noise,12.478,noise,13.078
m_speech__ild_0__itd_500__targ_l__control_0,0,Target,green,2.596,tables,3.196,chairs,4.0,white,5.0,toy,4.996,pen,6.0,shoe,6.196,spoons,7.0,bag,7.396,pen,8.0,tables,9.0,spoons,9.196,desks,9.796,sock,10.396,desks,11.0,green,11.596,red,12.196,spoons,12.796
m_speech__ild_0__itd_500__targ_l__control_0,0,Masker,card,2.746,chairs,3.346,desks,3.796,pen,4.396,red,5.146,red,5.596,glove,6.346,glove,6.796,tables,7.546,red,7.996,bag,8.596,pen,9.346,sock,9.946,pen,10.546,sock,10.996,hat,11.746,sock,12.346,hat,12.946
m_speech__ild_0__itd_500__targ_l__control_0,1,Target,card,3.0,chairs,3.0,blue,4.0,glove,5.0,blue,4.996,card,6.0,toy,6.196,card,6.796,shoe,7.396,tables,7.996,card,9.0,bag,9.196,card,10.0,spoons,11.0,spoons,10.996,bag,11.596,hat,12.0,sock,12.796
m_speech__ild_0__itd_500__targ_l__control_0,1,Masker,glove,2.596,tables,3.196,shoe,3.796,sock,4.396,bag,5.146,red,5.596,pen,6.346,hat,6.946,red,7.546,bag,8.146,sock,8.596,hat,9.346,sock,9.796,card,10.396,desks,11.146,desks,11.746,sock,12.196,glove,12.946
m_speech__ild_0__itd_500__targ_l__control_0,2,Target,bag,3.0,chairs,3.196,spoons,4.0,pen,5.0,green,4.996,glove,6.0,toy,6.0,desks,6.796,shoe,8.0,tables,7.996,bag,8.596,glove,9.196,pen,9.796,shoe,11.0,tables,10.996,green,11.596,pen,12.0,white,13.0
m_speech__ild_0__itd_500__targ_l__control_0,2,Masker,toy,2.596,desks,3.346,blue,3.796,tables,4.396,desks,5.146,desks,5.596,green,6.196,glove,6.946,desks,7.396,red,8.146,desks,8.746,card,9.346,spoons,9.946,shoe,10.396,green,11.146,toy,11.746,desks,12.196,glove,12.796
m_speech__ild_0__itd_500__targ_l__control_0,3,Target,hat,2.596,red,3.196,blue,3.796,bag,4.396,bag,5.0,spoons,6.0,spoons,6.196,pen,6.796,toy,7.396,sock,7.996,white,9.0,chairs,9.196,white,9.796,spoons,11.0,spoons,11.0,chairs,12.0,tables,12.196,pen,12.796
m_speech__ild_0__itd_500__targ_l__control_0,3,Masker,desks,2.746,tables,3.346,chairs,3.946,blue,4.546,sock,4.996,bag,5.596,shoe,6.346,spoons,6.946,pen,7.546,shoe,8.146,desks,8.596,white,9.346,spoons,9.946,glove,10.396,toy,10.996,spoons,11.596,tables,12.346,red,12.946
m_speech__ild_0__itd_500__targ_r__control_0,0,Target,chairs,3.0,tables,3.0,shoe,3.623,chairs,4.223,desks,5.0,hat,6.0,card,6.023,chairs,6.623,blue,7.223,glove,7.823,bag,9.0,glove,9.0,bag,10.0,white,10.0,glove,11.0,toy,12.0,spoons,12.023,card,12.623
m_speech__ild_0__itd_500__targ_r__control_0,0,Masker,pen,2.423,card,3.023,spoons,3.773,glove,4.373,green,4.823,pen,5.423,pen,6.173,white,6.773,card,7.373,bag,7.973,white,8.423,white,9.023,desks,9.623,bag,10.223,tables,10.823,spoons,11.423,pen,12.173,card,12.773
m_speech__ild_0__itd_500__targ_r__control_0,1,Target,spoons,3.0,tables,3.0,sock,4.0,shoe,4.0,blue,5.0,shoe,6.0,toy,6.0,tables,7.0,red,7.0,pen,8.0,card,8.423,shoe,9.023,glove,9.623,sock,10.223,card,10.823,chairs,12.0,spoons,12.0,pen,12.623
m_speech__ild_0__itd_500__targ_r__control_0,1,Masker,card,2.423,white,3.023,toy,3.623,white,4.223,pen,4.823,pen,5.423,pen,6.023,white,6.623,card,7.223,chairs,7.823,sock,8.573,desks,9.173,tables,9.773,chairs,10.373,toy,10.973,tables,11.423,pen,12.023,spoons,12.773
m_speech__ild_0__itd_500__targ_r__control_0,2,Target,white,2.423,card,3.023,desks,3.623,white,4.0,hat,5.0,tables,5.423,bag,6.023,desks,7.0,tables,7.0,shoe,8.0,blue,9.0,white,9.023,glove,9.623,hat,10.0,bag,11.0,toy,12.0,glove,12.0,hat,12.623
m_speech__ild_0__itd_500__targ_r__control_0,2,Masker,bag,2.573,toy,3.173,shoe,3.773,card,4.223,desks,4.823,white,5.573,red,6.173,red,6.623,glove,7.223,desks,7.823,card,8.423,chairs,9.173,spoons,9.773,desks,10.223,chairs,10.823,tables,11.423,desks,12.023,blue,12.773
m_speech__ild_0__itd_500__targ_r__control_0,3,Target,shoe,3.0,toy,3.023,sock,4.0,bag,4.0,shoe,4.823,red,5.423,bag,6.0,shoe,6.623,red,7.223,sock,7.823,blue,8.423,bag,9.023,card,9.623,toy,10.0,sock,11.0,chairs,12.0,spoons,12.023,white,12.623
m_speech__ild_0__itd_500__targ_r__control_0,3,Masker,hat,2.423,shoe,3.173,shoe,3.623,sock,4.223,sock,4.973,spoons,5.573,tables,6.023,bag,6.773,bag,7.373,spoons,7.973,card,8.573,glove,9.173,red,9.773,bag,10.223,blue,10.823,spoons,11.423,green,12.173,bag,12.773
m_noise__ild_0__itd_500__targ_l__control_0,0,Target,toy,2.709,pen,3.309,card,4.0,pen,4.509,card,5.0,toy,6.0,tables,6.0,desks,7.0,spoons,8.0,red,8.0,red,8.709,toy,9.0,shoe,9.909,green,10.509,chairs,11.109,bag,12.0,sock,12.0,blue,12.909
m_noise__ild_0__itd_500__targ_l__control_0,0,Masker,noise,2.859,noise,3.459,noise,3.909,noise,4.659,noise,5.109,noise,5.709,noise,6.309,noise,6.909,noise,7.509,noise,8.109,noise,8.859,noise,9.309,noise,10.059,noise,10.659,noise,11.259,noise,11.709,noise,12.309,noise,13.059
m_noise__ild_0__itd_500__targ_l__control_0,1,Target,card,2.709,white,3.0,tables,3.909,tables,5.0,pen,5.0,white,6.0,toy,6.309,green,6.909,tables,7.509,pen,8.109,pen,9.0,card,9.0,hat,10.0,shoe,10.509,tables,11.0,pen,12.0,tables,12.309,desks,13.0
m_noise__ild_0__itd_500__targ_l__control_0,1,Masker,noise,2.859,noise,3.309,noise,4.059,noise,4.509,noise,5.109,noise,5.709,noise,6.459,noise,7.059,noise,7.659,noise,8.259,noise,8.709,noise,9.309,noise,9.909,noise,10.659,noise,11.109,noise,11.709,noise,12.459,noise,12.909
m_noise__ild_0__itd_500__targ_l__control_0,2,Target,green,3.0,shoe,3.309,glove,3.909,sock,5.0,tables,5.109,toy,5.709,pen,6.309,glove,7.0,sock,8.0,desks,8.0,chairs,9.0,card,9.309,tables,10.0,spoons,10.509,chairs,11.109,blue,12.0,card,12.0,white,13.0
m_noise__ild_0__itd_500__targ_l__control_0,2,Masker,noise,2.709,noise,3.459,noise,4.059,noise,4.509,noise,5.259,noise,5.859,noise,6.459,noise,6.909,noise,7.509,noise,8.109,noise,8.709,noise,9.459,noise,9.909,noise,10.659,noise,11.259,noise,11.709,noise,12.309,noise,12.909
m_noise__ild_0__itd_500__targ_l__control_0,3,Target,hat,2.709,sock,3.0,blue,4.0,bag,5.0,tables,5.0,sock,6.0,desks,6.0,spoons,6.909,tables,7.509,glove,8.109,red,8.709,tables,9.309,bag,10.0,green,11.0,desks,11.109,chairs,11.709,desks,12.0,shoe,13.0
m_noise__ild_0__itd_500__targ_l__control_0,3,Masker,noise,2.859,noise,3.309,noise,3.909,noise,4.509,noise,5.109,noise,5.709,noise,6.309,noise,7.059,noise,7.659,noise,8.259,noise,8.859,noise,9.459,noise,9.909,noise,10.509,noise,11.259,noise,11.859,noise,12.309,noise,12.909
m_noise__ild_0__itd_500__targ_r__control_0,0,Target,card,2.0,chairs,2.79,pen,4.0,green,3.99,tables,5.0,bag,5.0,sock,6.0,chairs,6.39,sock,6.99,glove,8.0,pen,8.19,bag,9.0,pen,10.0,red,9.99,shoe,11.0,blue,11.0,pen,12.0,bag,12.39
m_noise__ild_0__itd_500__targ_r__control_0,0,Masker,noise,2.19,noise,2.94,noise,3.39,noise,4.14,noise,4.59,noise,5.19,noise,5.79,noise,6.54,noise,7.14,noise,7.59,noise,8.34,noise,8.79,noise,9.39,noise,10.14,noise,10.59,noise,11.19,noise,11.79,noise,12.54
m_noise__ild_0__itd_500__targ_r__control_0,1,Target,bag,2.19,tables,2.79,blue,3.39,white,4.0,desks,4.59,shoe,5.0,red,5.79,desks,7.0,card,6.99,bag,8.0,toy,8.0,spoons,9.0,pen,10.0,glove,10.0,spoons,10.59,chairs,11.19,chairs,12.0,chairs,12.39
m_noise__ild_0__itd_500__targ_r__control_0,1,Masker,noise,2.34,noise,2.94,noise,3.54,noise,3.99,noise,4.74,noise,5.19,noise,5.94,noise,6.39,noise,7.14,noise,7.59,noise,8.19,noise,8.79,noise,9.39,noise,9.99,noise,10.74,noise,11.34,noise,11.79,noise,12.54
m_noise__ild_0__itd_500__targ_r__control_0,2,Target,spoons,2.0,desks,3.0,toy,4.0,pen,4.0,bag,5.0,spoons,5.19,chairs,5.79,pen,6.39,white,6.99,pen,8.0,bag,8.0,chairs,9.0,green,10.0,sock,10.0,chairs,10.59,bag,11.0,sock,12.0,hat,13.0
m_noise__ild_0__itd_500__targ_r__control_0,2,Masker,noise,2.19,noise,2.79,noise,3.39,noise,3.99,noise,4.59,noise,5.34,noise,5.94,noise,6.54,noise,7.14,noise,7.59,noise,8.19,noise,8.79,noise,9.39,noise,9.99,noise,10.74,noise,11.19,noise,11.79,noise,12.39
m_noise__ild_0__itd_500__targ_r__control_0,3,Target,spoons,2.0,desks,3.0,sock,4.0,hat,4.0,red,4.59,tables,5.19,spoons,6.0,tables,6.39,sock,6.99,spoons,7.59,shoe,8.0,pen,9.0,sock,9.39,toy,10.0,red,10.59,pen,11.0,white,12.0,blue,12.39
m_noise__ild_0__itd_500__targ_r__control_0,3,Masker,noise,2.19,noise,2.79,noise,3.39,noise,3.99,noise,4.74,noise,5.34,noise,5.79,noise,6.54,noise,7.14,noise,7.74,noise,8.19,noise,8.79,noise,9.54,noise,9.99,noise,10.74,noise,11.19,noise,11.79,noise,12.54
m_speech__ild_10__itd_0__targ_l__control_0,0,Target,bag,2.0,shoe,2.213,tables,2.813,pen,4.0,hat,4.0,blue,5.0,spoons,5.0,glove,6.0,card,7.0,sock,7.013,card,8.0,card,8.213,toy,8.813,green,10.0,green,10.013,card,11.0,card,11.0,white,11.813
m_speech__ild_10__itd_0__targ_l__control_0,0,Masker,desks,1.613,chairs,2.363,desks,2.963,red,3.413,blue,4.013,desks,4.613,toy,5.213,chairs,5.813,tables,6.413,card,7.163,bag,7.613,pen,8.363,red,8.963,glove,9.413,toy,10.163,card,10.613,chairs,11.213,chairs,11.963
m_speech__ild_10__itd_0__targ_l__control_0,1,Target,desks,2.0,tables,2.213,desks,3.0,sock,3.413,red,4.013,green,5.0,hat,5.0,bag,5.813,glove,6.413,hat,7.013,chairs,7.613,bag,8.213,glove,9.0,desks,9.413,spoons,10.0,desks,11.0,tables,11.0,chairs,11.813
m_speech__ild_10__itd_0__targ_l__control_0,1,Masker,card,1.613,shoe,2.363,spoons,2.813,red,3.563,card,4.163,sock,4.613,toy,5.213,hat,5.963,white,6.563,glove,7.163,desks,7.763,glove,8.363,glove,8.813,spoons,9.563,red,10.013,red,10.613,hat,11.213,glove,11.963
m_speech__ild_10__itd_0__targ_l__control_0,2,Target,tables,2.0,shoe,2.213,desks,2.813,toy,3.413,glove,4.013,blue,5.0,desks,5.0,card,6.0,shoe,6.413,hat,7.0,hat,8.0,bag,8.0,shoe,9.0,desks,9.413,pen,10.013,glove,10.613,blue,11.0,pen,11.813
m_speech__ild_10__itd_0__targ_l__control_0,2,Masker,red,1.613,desks,2.363,toy,2.963,bag,3.563,pen,4.163,tables,4.613,spoons,5.213,red,5.813,tables,6.563,sock,7.013,pen,7.613,toy,8.213,pen,8.813,tables,9.563,hat,10.163,hat,10.763,spoons,11.213,tables,11.963
m_speech__ild_10__itd_0__targ_l__control_0,3,Target,white,2.0,shoe,2.213,shoe,3.0,tables,3.413,hat,4.013,desks,4.613,chairs,5.0,hat,6.0,glove,6.413,hat,7.0,tables,8.0,hat,8.0,green,8.813,bag,9.413,shoe,10.0,glove,10.613,sock,11.213,pen,11.813
m_speech__ild_10__itd_0__targ_l__control_0,3,Masker,desks,1.613,hat,2.363,green,2.813,bag,3.563,glove,4.163,tables,4.763,tables,5.213,spoons,5.813,hat,6.563,blue,7.013,pen,7.613,card,8.213,desks,8.963,tables,9.563,red,10.013,tables,10.763,green,11.363,desks,11.963
m_speech__ild_10__itd_0__targ_r__control_0,0,Target,blue,2.0,sock,2.104,tables,3.0,sock,3.304,desks,4.0,tables,5.0,bag,5.104,shoe,6.0,hat,6.0,pen,6.904,card,8.0,spoons,8.104,pen,8.704,chairs,9.0,green,10.0,tables,10.504,red,11.0,hat,12.0
m_speech__ild_10__itd_0__targ_r__control_0,0,Masker,sock,1.504,red,2.254,card,2.704,red,3.454,card,3.904,hat,4.504,red,5.254,glove,5.704,toy,6.304,spoons,7.054,toy,7.504,card,8.254,glove,8.854,sock,9.304,pen,9.904,shoe,10.654,sock,11.104,red,11.704
m_speech__ild_10__itd_0__targ_r__control_0,1,Target,card,1.504,blue,2.0,toy,2.704,pen,3.0,sock,4.0,shoe,4.504,hat,5.0,card,5.704,sock,6.304,blue,7.0,pen,7.504,green,8.104,glove,9.0,pen,9.304,glove,9.904,toy,10.504,blue,11.0,hat,11.704
m_speech__ild_10__itd_0__targ_r__control_0,1,Masker,pen,1.654,glove,2.104,white,2.854,glove,3.304,glove,3.904,glove,4.654,desks,5.104,white,5.854,spoons,6.454,toy,6.904,hat,7.654,glove,8.254,tables,8.704,sock,9.454,white,10.054,toy,10.654,hat,11.104,blue,11.854
m_speech__ild_10__itd_0__targ_r__control_0,2,Target,hat,1.504,glove,2.104,card,3.0,green,3.304,bag,4.0,sock,4.504,desks,5.0,shoe,6.0,chairs,6.0,red,6.904,glove,7.504,desks,8.104,tables,8.704,desks,9.304,chairs,10.0,toy,10.504,glove,11.0,hat,11.704
m_speech__ild_10__itd_0__targ_r__control_0,2,Masker,sock,1.654,chairs,2.254,hat,2.704,shoe,3.454,pen,3.904,blue,4.654,toy,5.104,toy,5.704,glove,6.304,pen,7.054,spoons,7.654,shoe,8.254,tables,8.854,green,9.454,hat,9.904,white,10.654,red,11.104,shoe,11.854
m_speech__ild_10__itd_0__targ_r__control_0,3,Target,green,2.0,blue,2.104,tables,2.704,spoons,3.304,shoe,3.904,card,4.504,sock,5.0,glove,5.704,tables,6.0,toy,7.0,tables,7.504,desks,8.0,card,8.704,chairs,9.304,desks,10.0,tables,11.0,desks,11.0,red,12.0
m_speech__ild_10__itd_0__targ_r__control_0,3,Masker,card,1.504,pen,2.254,green,2.854,hat,3.454,shoe,4.054,chairs,4.654,glove,5.104,toy,5.854,sock,6.304,blue,6.904,red,7.654,sock,8.104,tables,8.854,sock,9.454,shoe,9.904,tables,10.504,sock,11.104,pen,11.704
m_noise__ild_10__itd_0__targ_l__control_0,0,Target,toy,2.0,toy,3.0,bag,4.0,glove,3.984,green,4.584,white,5.0,toy,6.0,sock,6.384,bag,6.984,toy,8.0,tables,8.0,shoe,9.0,chairs,10.0,green,9.984,toy,10.584,tables,11.184,shoe,12.0,bag,13.0
m_noise__ild_10__itd_0__targ_l__control_0,0,Masker,noise,2.184,noise,2.784,noise,3.384,noise,4.134,noise,4.734,noise,5.184,noise,5.784,noise,6.534,noise,7.134,noise,7.584,noise,8.184,noise,8.784,noise,9.384,noise,10.134,noise,10.734,noise,11.334,noise,11.784,noise,12.384
m_noise__ild_10__itd_0__targ_l__control_0,1,Target,pen,2.184,white,2.784,card,3.384,desks,3.984,glove,4.584,white,5.184,shoe,6.0,pen,7.0,bag,7.0,pen,7.584,green,8.0,pen,9.0,pen,10.0,blue,10.0,pen,10.584,glove,11.184,desks,11.784,shoe,13.0
m_noise__ild_10__itd_0__targ_l__control_0,1,Masker,noise,2.334,noise,2.934,noise,3.534,noise,4.134,noise,4.734,noise,5.334,noise,5.784,noise,6.384,noise,6.984,noise,7.734,noise,8.184,noise,8.784,noise,9.384,noise,9.984,noise,10.734,noise,11.334,noise,11.934,noise,12.384
m_noise__ild_10__itd_0__targ_l__control_0,2,Target,glove,2.0,desks,3.0,glove,3.384,sock,4.0,hat,5.0,card,5.184,bag,5.784,pen,7.0,green,7.0,glove,7.584,white,8.184,desks,8.784,shoe,9.384,bag,10.0,sock,10.584,white,11.184,sock,12.0,hat,13.0
m_noise__ild_10__itd_0__targ_l__control_0,2,Masker,noise,2.184,noise,2.784,noise,3.534,noise,3.984,noise,4.584,noise,5.334,noise,5.934,noise,6.384,noise,6.984,noise,7.734,noise,8.334,noise,8.934,noise,9.534,noise,9.984,noise,10.734,noise,11.334,noise,11.784,noise,12.384
m_noise__ild_10__itd_0__targ_l__control_0,3,Target,glove,2.184,blue,3.0,spoons,3.384,chairs,3.984,glove,4.584,toy,5.0,spoons,5.784,card,7.0,green,6.984,shoe,7.584,blue,8.0,tables,9.0,card,9.384,card,9.984,toy,11.0,glove,11.0,desks,12.0,bag,13.0
m_noise__ild_10__itd_0__targ_l__control_0,3,Masker,noise,2.334,noise,2.784,noise,3.534,noise,4.134,noise,4.734,noise,5.184,noise,5.934,noise,6.384,noise,7.134,noise,7.734,noise,8.184,noise,8.784,noise,9.534,noise,10.134,noise,10.584,noise,11.184,noise,11.784,noise,12.384
m_noise__ild_10__itd_0__targ_r__control_0,0,Target,spoons,1.0,card,1.772,bag,2.372,bag,2.972,shoe,4.0,hat,4.0,desks,5.0,blue,5.372,spoons,5.972,glove,6.572,card,7.0,tables,7.772,pen,9.0,toy,9.0,shoe,10.0,glove,10.172,white,10.772,shoe,11.372
m_noise__ild_10__itd_0__targ_r__control_0,0,Masker,noise,1.172,noise,1.922,noise,2.522,noise,3.122,noise,3.572,noise,4.172,noise,4.772,noise,5.522,noise,6.122,noise,6.722,noise,7.172,noise,7.922,noise,8.372,noise,8.972,noise,9.572,noise,10.322,noise,10.922,noise,11.522
m_noise__ild_10__itd_0__targ_r__control_0,1,Target,pen,1.172,hat,1.772,toy,3.0,chairs,3.0,shoe,4.0,green,4.172,shoe,4.772,toy,6.0,sock,5.972,pen,7.0,pen,7.0,desks,8.0,blue,9.0,red,8.972,shoe,9.572,red,10.172,glove,11.0,chairs,12.0
m_noise__ild_10__itd_0__targ_r__control_0,1,Masker,noise,1.322,noise,1.922,noise,2.372,noise,2.972,noise,3.572,noise,4.322,noise,4.922,noise,5.372,noise,6.122,noise,6.572,noise,7.172,noise,7.772,noise,8.372,noise,9.122,noise,9.722,noise,10.322,noise,10.772,noise,11.372
m_noise__ild_10__itd_0__targ_r__control_0,2,Target,spoons,1.172,spoons,1.772,spoons,3.0,red,2.972,bag,4.0,bag,4.172,sock,5.0,glove,5.372,chairs,6.0,blue,7.0,toy,7.172,sock,7.772,card,8.372,blue,8.972,white,10.0,toy,10.0,chairs,11.0,hat,12.0
m_noise__ild_10__itd_0__targ_r__control_0,2,Masker,noise,1.322,noise,1.922,noise,2.372,noise,3.122,noise,3.572,noise,4.322,noise,4.772,noise,5.522,noise,5.972,noise,6.572,noise,7.322,noise,7.922,noise,8.522,noise,9.122,noise,9.572,noise,10.172,noise,10.772,noise,11.372
m_noise__ild_10__itd_0__targ_r__control_0,3,Target,hat,1.0,spoons,2.0,chairs,2.372,blue,3.0,tables,4.0,chairs,4.172,glove,4.772,green,5.372,toy,5.972,glove,6.572,pen,7.172,white,7.772,spoons,8.372,green,8.972,toy,10.0,desks,10.172,glove,11.0,card,12.0
m_noise__ild_10__itd_0__targ_r__control_0,3,Masker,noise,1.172,noise,1.772,noise,2.522,noise,2.972,noise,3.572,noise,4.322,noise,4.922,noise,5.522,noise,6.122,noise,6.722,noise,7.322,noise,7.922,noise,8.522,noise,9.122,noise,9.572,noise,10.322,noise,10.772,noise,11.372
m_speech__ild_70n__itd_0__targ_l__control_0,0,Target,hat,1.87,sock,3.0,blue,3.0,hat,3.67,glove,4.27,glove,4.87,sock,5.47,desks,6.07,hat,7.0,shoe,7.0,spoons,7.87,shoe,9.0,glove,9.0,blue,9.67,card,10.27,toy,11.0,toy,11.47,toy,12.0
m_speech__ild_70n__itd_0__targ_l__control_0,0,Masker,red,2.02,shoe,2.47,hat,3.07,white,3.82,chairs,4.42,tables,5.02,spoons,5.62,white,6.22,hat,6.67,toy,7.27,tables,8.02,hat,8.47,chairs,9.07,toy,9.82,sock,10.42,tables,10.87,pen,11.62,shoe,12.07
m_speech__ild_70n__itd_0__targ_l__control_0,1,Target,pen,1.87,shoe,2.47,pen,3.0,blue,3.67,desks,4.27,bag,5.0,hat,5.47,desks,6.0,hat,6.67,chairs,7.0,card,8.0,red,8.47,white,9.0,white,10.0,glove,10.0,pen,11.0,card,11.47,desks,12.07
m_speech__ild_70n__itd_0__targ_l__control_0,1,Masker,chairs,2.02,blue,2.62,desks,3.07,hat,3.82,chairs,4.42,white,4.87,hat,5.62,bag,6.07,desks,6.82,chairs,7.27,hat,7.87,chairs,8.62,card,9.07,shoe,9.67,hat,10.27,green,10.87,spoons,11.62,chairs,12.22
m_speech__ild_70n__itd_0__targ_l__control_0,2,Target,pen,2.0,card,3.0,spoons,3.07,white,3.67,sock,4.27,pen,5.0,chairs,6.0,sock,6.07,card,6.67,desks,7.27,chairs,7.87,toy,8.47,hat,9.07,spoons,9.67,pen,10.0,red,11.0,chairs,11.47,blue,12.07
m_speech__ild_70n__itd_0__targ_l__control_0,2,Masker,tables,1.87,red,2.47,card,3.22,pen,3.82,card,4.42,glove,4.87,green,5.47,pen,6.22,hat,6.82,card,7.42,green,8.02,toy,8.62,glove,9.22,chairs,9.82,pen,10.27,bag,10.87,card,11.62,hat,12.22
m_speech__ild_70n__itd_0__targ_l__control_0,3,Target,chairs,1.87,spoons,3.0,bag,3.0,desks,4.0,white,4.27,bag,4.87,green,6.0,bag,6.07,sock,6.67,white,7.0,tables,8.0,white,8.47,tables,9.07,shoe,10.0,tables,10.0,desks,11.0,pen,12.0,hat,12.0
m_speech__ild_70n__itd_0__targ_l__control_0,3,Masker,desks,2.02,red,2.47,blue,3.07,bag,3.67,glove,4.42,bag,5.02,glove,5.47,toy,6.22,white,6.82,bag,7.27,glove,7.87,card,8.62,bag,9.22,bag,9.67,desks,10.27,bag,10.87,tables,11.47,sock,12.07
m_speech__ild_70n__itd_0__targ_r__control_0,0,Target,desks,2.581,toy,3.181,green,4.0,green,4.381,sock,5.0,shoe,6.0,toy,6.0,hat,6.781,white,7.381,spoons,8.0,pen,9.0,glove,9.0,red,9.781,shoe,10.381,desks,11.0,card,12.0,shoe,12.0,glove,12.781
m_speech__ild_70n__itd_0__targ_r__control_0,0,Masker,shoe,2.731,tables,3.331,hat,3.781,sock,4.531,card,4.981,sock,5.581,desks,6.181,sock,6.931,bag,7.531,red,7.981,toy,8.581,green,9.181,tables,9.931,blue,10.531,sock,10.981,red,11.581,card,12.181,toy,12.931
m_speech__ild_70n__itd_0__targ_r__control_0,1,Target,glove,3.0,toy,3.181,spoons,4.0,hat,4.381,glove,5.0,blue,5.581,desks,6.0,bag,7.0,hat,7.381,glove,7.981,sock,8.581,blue,9.0,toy,10.0,toy,10.381,red,11.0,shoe,12.0,pen,12.0,glove,12.781
m_speech__ild_70n__itd_0__targ_r__control_0,1,Masker,toy,2.581,sock,3.331,tables,3.781,shoe,4.531,sock,4.981,chairs,5.731,red,6.181,sock,6.781,red,7.531,chairs,8.131,toy,8.731,chairs,9.181,bag,9.781,green,10.531,toy,10.981,spoons,11.581,chairs,12.181,bag,12.931
m_speech__ild_70n__itd_0__targ_r__control_0,2,Target,pen,2.581,blue,3.0,green,3.781,toy,4.381,tables,4.981,chairs,5.581,sock,6.0,desks,6.781,hat,7.381,sock,8.0,blue,9.0,bag,9.0,blue,9.781,hat,11.0,sock,11.0,hat,12.0,sock,12.181,glove,13.0
m_speech__ild_70n__itd_0__targ_r__control_0,2,Masker,green,2.731,chairs,3.181,chairs,3.931,glove,4.531,green,5.131,card,5.731,white,6.181,chairs,6.931,pen,7.531,chairs,7.981,sock,8.581,hat,9.181,toy,9.931,toy,10.381,card,10.981,pen,11.581,card,12.331,glove,12.781
m_speech__ild_70n__itd_0__targ_r__control_0,3,Target,blue,2.581,spoons,3.181,blue,4.0,pen,4.381,chairs,5.0,pen,6.0,bag,6.0,spoons,7.0,desks,7.381,chairs,7.981,sock,8.581,shoe,9.181,card,10.0,green,11.0,tables,10.981,chairs,12.0,hat,12.0,bag,12.781
m_speech__ild_70n__itd_0__targ_r__control_0,3,Masker,chairs,2.731,pen,3.331,sock,3.781,pen,4.531,pen,4.981,spoons,5.581,chairs,6.181,blue,6.781,glove,7.531,desks,8.131,pen,8.731,pen,9.331,chairs,9.781,hat,10.381,white,11.131,white,11.581,chairs,12.181,toy,12.931
m_noise__ild_70n__itd_0__targ_l__control_0,0,Target,spoons,2.0,tables,3.0,sock,3.38,bag,4.0,toy,4.58,sock,5.0,red,6.0,hat,7.0,toy,6.98,sock,8.0,pen,8.18,spoons,8.78,green,9.38,glove,10.0,chairs,10.58,hat,11.18,bag,11.78,blue,13.0
m_noise__ild_70n__itd_0__targ_l__control_0,0,Masker,noise,2.18,noise,2.78,noise,3.53,noise,3.98,noise,4.73,noise,5.18,noise,5.78,noise,6.38,noise,7.13,noise,7.58,noise,8.33,noise,8.93,noise,9.53,noise,9.98,noise,10.73,noise,11.33,noise,11.93,noise,12.38
m_noise__ild_70n__itd_0__targ_l__control_0,1,Target,blue,2.0,tables,3.0,red,4.0,blue,4.0,tables,5.0,hat,5.0,pen,6.0,glove,7.0,shoe,6.98,chairs,8.0,spoons,8.0,card,8.78,bag,10.0,red,10.0,pen,11.0,desks,11.0,hat,11.78,card,12.38
m_noise__ild_70n__itd_0__targ_l__control_0,1,Masker,noise,2.18,noise,2.78,noise,3.38,noise,3.98,noise,4.58,noise,5.18,noise,5.78,noise,6.38,noise,7.13,noise,7.58,noise,8.18,noise,8.93,noise,9.38,noise,9.98,noise,10.58,noise,11.18,noise,11.93,noise,12.53
m_noise__ild_70n__itd_0__targ_l__control_0,2,Target,green,2.0,red,3.0,shoe,4.0,spoons,4.0,blue,5.0,pen,5.18,desks,6.0,shoe,7.0,toy,6.98,glove,7.58,shoe,8.0,hat,9.0,tables,9.38,chairs,9.98,hat,10.58,chairs,11.0,pen,12.0,shoe,12.38
m_noise__ild_70n__itd_0__targ_l__control_0,2,Masker,noise,2.18,noise,2.78,noise,3.38,noise,3.98,noise,4.58,noise,5.33,noise,5.78,noise,6.38,noise,7.13,noise,7.73,noise,8.18,noise,8.78,noise,9.53,noise,10.13,noise,10.73,noise,11.18,noise,11.78,noise,12.53
m_noise__ild_70n__itd_0__targ_l__control_0,3,Target,bag,2.18,shoe,3.0,sock,3.38,toy,4.0,glove,5.0,card,5.18,glove,5.78,toy,6.38,card,6.98,pen,7.58,shoe,8.0,white,8.78,sock,10.0,bag,9.98,toy,11.0,card,11.18,green,11.78,pen,13.0
m_noise__ild_70n__itd_0__targ_l__control_0,3,Masker,noise,2.33,noise,2.78,noise,3.53,noise,3.98,noise,4.58,noise,5.33,noise,5.93,noise,6.53,noise,7.13,noise,7.73,noise,8.18,noise,8.93,noise,9.38,noise,10.13,noise,10.58,noise,11.33,noise,11.93,noise,12.38
m_noise__ild_70n__itd_0__targ_r__control_0,0,Target,shoe,2.0,white,3.0,toy,3.053,hat,4.0,sock,4.253,shoe,5.0,hat,6.0,toy,6.053,hat,7.0,green,7.253,hat,7.853,shoe,8.453,glove,9.053,spoons,9.653,red,10.0,shoe,10.853,tables,12.0,spoons,12.053
m_noise__ild_70n__itd_0__targ_r__control_0,0,Masker,noise,1.853,noise,2.453,noise,3.203,noise,3.653,noise,4.403,noise,4.853,noise,5.453,noise,6.203,noise,6.653,noise,7.403,noise,8.003,noise,8.603,noise,9.203,noise,9.803,noise,10.253,noise,11.003,noise,11.453,noise,12.203
m_noise__ild_70n__itd_0__targ_r__control_0,1,Target,card,1.853,sock,2.453,glove,3.0,shoe,4.0,desks,4.0,card,4.853,shoe,6.0,desks,6.0,sock,7.0,tables,7.253,red,7.853,desks,9.0,blue,9.0,spoons,10.0,sock,10.0,tables,10.853,shoe,12.0,green,12.0
m_noise__ild_70n__itd_0__targ_r__control_0,1,Masker,noise,2.003,noise,2.603,noise,3.053,noise,3.653,noise,4.253,noise,5.003,noise,5.453,noise,6.053,noise,6.653,noise,7.403,noise,8.003,noise,8.453,noise,9.053,noise,9.653,noise,10.253,noise,11.003,noise,11.453,noise,12.053
m_noise__ild_70n__itd_0__targ_r__control_0,2,Target,blue,1.853,pen,2.453,bag,3.0,pen,4.0,card,4.253,desks,4.853,bag,6.0,sock,6.0,hat,6.653,card,7.253,hat,7.853,spoons,9.0,card,9.0,card,10.0,sock,10.0,blue,10.853,sock,12.0,spoons,12.053
m_noise__ild_70n__itd_0__targ_r__control_0,2,Masker,noise,2.003,noise,2.603,noise,3.053,noise,3.653,noise,4.403,noise,5.003,noise,5.453,noise,6.053,noise,6.803,noise,7.403,noise,8.003,noise,8.453,noise,9.053,noise,9.653,noise,10.253,noise,11.003,noise,11.453,noise,12.203
m_noise__ild_70n__itd_0__targ_r__control_0,3,Target,desks,2.0,pen,2.453,desks,3.0,glove,4.0,glove,4.0,shoe,4.853,pen,5.453,red,6.053,red,7.0,green,7.253,chairs,8.0,shoe,8.453,hat,9.053,shoe,9.653,card,10.0,glove,10.853,toy,11.453,blue,12.0
m_noise__ild_70n__itd_0__targ_r__control_0,3,Masker,noise,1.853,noise,2.603,noise,3.053,noise,3.653,noise,4.253,noise,5.003,noise,5.603,noise,6.203,noise,6.653,noise,7.403,noise,7.853,noise,8.603,noise,9.203,noise,9.803,noise,10.253,noise,11.003,noise,11.603,noise,12.053
m_speech__ild_0__itd_500__targ_l__control_1,0,Target,desks,2.0,white,2.658,bag,3.0,chairs,4.0,card,4.458,bag,5.0,spoons,5.658,shoe,6.0,desks,7.0,toy,7.458,red,8.0,spoons,9.0,card,9.0,spoons,9.858,pen,10.458,chairs,11.0,chairs,12.0,spoons,12.0
m_speech__ild_0__itd_500__targ_l__control_1,0,Masker,spoons,2.058,pen,2.808,pen,3.258,card,3.858,toy,4.608,hat,5.058,chairs,5.808,desks,6.258,hat,6.858,red,7.608,desks,8.058,desks,8.658,red,9.258,tables,10.008,glove,10.608,chairs,11.058,pen,11.658,chairs,12.258
m_speech__ild_0__itd_500__targ_l__control_1,1,Target,pen,2.0,blue,2.658,blue,3.0,desks,4.0,bag,4.458,green,5.0,tables,5.658,bag,6.258,green,7.0,card,7.458,hat,8.0,hat,9.0,tables,9.0,card,10.0,desks,10.458,pen,11.058,tables,12.0,toy,12.258
m_speech__ild_0__itd_500__targ_l__control_1,1,Masker,bag,2.058,hat,2.808,desks,3.258,hat,3.858,green,4.608,glove,5.058,chairs,5.808,toy,6.408,spoons,6.858,white,7.608,bag,8.058,pen,8.658,toy,9.258,spoons,9.858,shoe,10.608,white,11.208,card,11.658,glove,12.408
m_speech__ild_0__itd_500__targ_l__control_1,2,Target,blue,2.0,hat,2.658,white,3.0,sock,4.0,hat,4.458,tables,5.058,sock,6.0,shoe,6.258,blue,7.0,green,7.458,pen,8.058,chairs,8.658,hat,9.0,card,10.0,spoons,11.0,shoe,11.0,glove,12.0,pen,12.258
m_speech__ild_0__itd_500__targ_l__control_1,2,Masker,tables,2.058,desks,2.808,toy,3.258,white,3.858,green,4.608,green,5.208,blue,5.658,spoons,6.408,pen,6.858,card,7.608,chairs,8.208,pen,8.808,bag,9.258,glove,9.858,bag,10.458,spoons,11.058,toy,11.658,desks,12.408
m_speech__ild_0__itd_500__targ_l__control_1,3,Target,desks,2.058,card,3.0,blue,3.0,green,3.858,chairs,4.458,bag,5.0,chairs,5.658,desks,6.258,blue,7.0,glove,8.0,tables,8.058,spoons,9.0,chairs,9.258,shoe,10.0,hat,10.458,toy,11.0,pen,11.658,chairs,12.258
m_speech__ild_0__itd_500__targ_l__control_1,3,Masker,tables,2.208,glove,2.658,shoe,3.258,sock,4.008,shoe,4.608,spoons,5.058,bag,5.808,green,6.408,bag,6.858,card,7.458,blue,8.208,chairs,8.658,hat,9.408,tables,9.858,spoons,10.608,hat,11.058,bag,11.808,desks,12.408
m_speech__ild_0__itd_500__targ_r__control_1,0,Target,toy,1.084,blue,1.684,card,2.284,glove,3.0,glove,3.484,chairs,4.0,red,4.684,card,5.284,tables,5.884,sock,6.484,toy,7.0,spoons,7.684,bag,8.0,glove,8.884,green,9.484,hat,10.084,green,10.684,glove,11.284
m_speech__ild_0__itd_500__targ_r__control_1,0,Masker,card,1.234,glove,1.834,shoe,2.434,hat,2.884,glove,3.634,glove,4.084,toy,4.834,tables,5.434,shoe,6.034,chairs,6.634,glove,7.084,white,7.834,blue,8.284,sock,9.034,tables,9.634,spoons,10.234,bag,10.834,bag,11.434
m_speech__ild_0__itd_500__targ_r__control_1,1,Target,card,1.084,bag,1.684,white,2.0,card,3.0,desks,4.0,hat,4.0,toy,4.684,bag,5.284,green,6.0,green,6.484,chairs,7.0,glove,8.0,toy,8.0,chairs,8.884,sock,10.0,desks,10.084,chairs,11.0,card,11.0
m_speech__ild_0__itd_500__targ_r__control_1,1,Masker,pen,1.234,white,1.834,hat,2.284,white,2.884,blue,3.484,pen,4.084,spoons,4.834,desks,5.434,pen,5.884,glove,6.634,tables,7.084,tables,7.684,spoons,8.284,tables,9.034,toy,9.484,chairs,10.234,desks,10.684,green,11.284
m_speech__ild_0__itd_500__targ_r__control_1,2,Target,red,1.0,shoe,2.0,bag,2.284,spoons,2.884,tables,4.0,chairs,4.084,card,5.0,tables,5.284,toy,5.884,bag,7.0,shoe,7.084,tables,8.0,green,8.0,card,9.0,bag,9.484,desks,10.0,bag,10.684,sock,11.0
m_speech__ild_0__itd_500__targ_r__control_1,2,Masker,pen,1.084,shoe,1.684,spoons,2.434,tables,3.034,sock,3.484,toy,4.234,glove,4.684,red,5.434,sock,6.034,blue,6.484,tables,7.234,blue,7.684,shoe,8.284,green,8.884,shoe,9.634,shoe,10.084,sock,10.834,chairs,11.284
m_speech__ild_0__itd_500__targ_r__control_1,3,Target,shoe,1.0,hat,1.684,desks,2.0,pen,3.0,white,4.0,shoe,4.0,shoe,4.684,chairs,5.284,pen,5.884,shoe,6.484,glove,7.084,card,8.0,green,8.0,sock,8.884,bag,9.484,shoe,10.084,chairs,10.684,shoe,11.0
m_speech__ild_0__itd_500__targ_r__control_1,3,Masker,pen,1.084,spoons,1.834,chairs,2.284,card,2.884,desks,3.484,desks,4.084,pen,4.834,spoons,5.434,red,6.034,glove,6.634,hat,7.234,bag,7.684,card,8.284,red,9.034,desks,9.634,glove,10.234,spoons,10.834,bag,11.284
m_noise__ild_0__itd_500__targ_l__control_1,0,Target,red,3.0,card,3.0,glove,4.0,bag,4.48,chairs,5.08,tables,6.0,spoons,6.0,hat,7.0,white,8.0,shoe,8.08,tables,8.68,bag,9.0,desks,10.0,card,11.0,sock,11.08,card,12.0,bag,12.28,toy,13.0
m_noise__ild_0__itd_500__targ_l__control_1,0,Masker,noise,2.68,noise,3.28,noise,3.88,noise,4.63,noise,5.23,noise,5.68,noise,6.28,noise,6.88,noise,7.48,noise,8.23,noise,8.83,noise,9.28,noise,9.88,noise,10.48,noise,11.23,noise,11.68,noise,12.43,noise,12.88
m_noise__ild_0__itd_500__targ_l__control_1,1,Target,tables,3.0,chairs,3.28,desks,3.88,pen,4.48,tables,5.0,desks,5.68,glove,6.0,red,6.88,shoe,7.48,chairs,8.0,bag,9.0,tables,9.0,bag,10.0,shoe,10.48,hat,11.08,glove,12.0,white,12.28,glove,12.88
m_noise__ild_0__itd_500__targ_l__control_1,1,Masker,noise,2.68,noise,3.43,noise,4.03,noise,4.63,noise,5.08,noise,5.83,noise,6.28,noise,7.03,noise,7.63,noise,8.08,noise,8.68,noise,9.28,noise,9.88,noise,10.63,noise,11.23,noise,11.68,noise,12.43,noise,13.03
m_noise__ild_0__itd_500__targ_l__control_1,2,Target,sock,3.0,pen,3.0,desks,4.0,shoe,5.0,toy,5.08,white,5.68,chairs,6.28,toy,7.0,white,7.48,toy,8.0,sock,8.68,tables,9.0,spoons,10.0,spoons,10.48,pen,11.0,shoe,12.0,pen,12.28,red,13.0
m_noise__ild_0__itd_500__targ_l__control_1,2,Masker,noise,2.68,noise,3.28,noise,3.88,noise,4.48,noise,5.23,noise,5.83,noise,6.43,noise,6.88,noise,7.63,noise,8.08,noise,8.83,noise,9.28,noise,9.88,noise,10.63,noise,11.08,noise,11.68,noise,12.43,noise,12.88
m_noise__ild_0__itd_500__targ_l__control_1,3,Target,tables,2.68,bag,3.0,card,3.88,bag,5.0,shoe,5.08,green,6.0,desks,6.28,glove,7.0,desks,8.0,hat,8.08,tables,9.0,bag,9.0,chairs,10.0,spoons,10.48,desks,11.0,tables,11.68,blue,12.0,bag,12.88
m_noise__ild_0__itd_500__targ_l__control_1,3,Masker,noise,2.83,noise,3.28,noise,4.03,noise,4.48,noise,5.23,noise,5.68,noise,6.43,noise,6.88,noise,7.48,noise,8.23,noise,8.68,noise,9.28,noise,9.88,noise,10.63,noise,11.08,noise,11.83,noise,12.28,noise,13.03
m_noise__ild_0__itd_500__targ_r__control_1,0,Target,bag,1.559,green,2.159,card,2.759,tables,3.359,white,3.959,green,4.559,shoe,5.159,tables,6.0,chairs,7.0,sock,6.959,toy,8.0,red,8.159,toy,9.0,pen,10.0,glove,9.959,bag,10.559,hat,11.159,bag,11.759
m_noise__ild_0__itd_500__targ_r__control_1,0,Masker,noise,1.709,noise,2.309,noise,2.909,noise,3.509,noise,4.109,noise,4.709,noise,5.309,noise,5.759,noise,6.359,noise,7.109,noise,7.559,noise,8.309,noise,8.759,noise,9.359,noise,10.109,noise,10.709,noise,11.309,noise,11.909
m_noise__ild_0__itd_500__targ_r__control_1,1,Target,chairs,1.559,pen,2.0,shoe,3.0,tables,4.0,blue,4.0,spoons,5.0,pen,5.159,shoe,6.0,blue,6.359,green,7.0,red,7.559,chairs,8.0,shoe,9.0,sock,10.0,shoe,10.0,toy,11.0,tables,11.0,sock,12.0
m_noise__ild_0__itd_500__targ_r__control_1,1,Masker,noise,1.709,noise,2.159,noise,2.759,noise,3.359,noise,3.959,noise,4.559,noise,5.309,noise,5.759,noise,6.509,noise,6.959,noise,7.709,noise,8.159,noise,8.759,noise,9.359,noise,9.959,noise,10.559,noise,11.159,noise,11.759
m_noise__ild_0__itd_500__targ_r__control_1,2,Target,white,2.0,chairs,2.159,pen,2.759,spoons,3.359,card,4.0,tables,4.559,spoons,5.0,sock,5.759,tables,6.359,toy,7.0,red,8.0,shoe,8.159,sock,9.0,card,10.0,desks,10.0,toy,10.559,white,11.0,green,11.759
m_noise__ild_0__itd_500__targ_r__control_1,2,Masker,noise,1.559,noise,2.309,noise,2.909,noise,3.509,noise,3.959,noise,4.709,noise,5.159,noise,5.909,noise,6.509,noise,6.959,noise,7.559,noise,8.309,noise,8.759,noise,9.359,noise,9.959,noise,10.709,noise,11.159,noise,11.909
m_noise__ild_0__itd_500__targ_r__control_1,3,Target,sock,2.0,spoons,2.159,shoe,3.0,toy,3.359,spoons,4.0,pen,5.0,green,5.0,blue,5.759,toy,7.0,spoons,7.0,hat,7.559,shoe,8.159,toy,8.759,white,9.359,card,10.0,spoons,10.559,chairs,11.159,bag,12.0
m_noise__ild_0__itd_500__targ_r__control_1,3,Masker,noise,1.559,noise,2.309,noise,2.759,noise,3.509,noise,3.959,noise,4.559,noise,5.159,noise,5.909,noise,6.359,noise,6.959,noise,7.709,noise,8.309,noise,8.909,noise,9.509,noise,9.959,noise,10.709,noise,11.309,noise,11.759
