S,Trig,Condition
500,4,m_noise__ild_0__itd_50__targ_r
500,5,m_speech__ild_0__itd_500__targ_r
500,6,m_speech__ild_10__itd_0__targ_l
500,7,m_speech__ild_0__itd_50__targ_r
500,8,m_noise__ild_0__itd_500__targ_r
500,9,m_speech__ild_0__itd_50__targ_l
500,10,m_noise__ild_0__itd_500__targ_l
500,11,m_noise__ild_10__itd_0__side_r
500,12,m_speech__ild_0__itd_500__targ_l
500,13,m_speech__ild_0__itd_500__side_l
500,14,m_speech__ild_10__itd_0__targ_r
500,15,m_noise__ild_10__itd_0__targ_l
500,16,m_noise__ild_10__itd_0__targ_r
500,17,m_noise__ild_0__itd_50__targ_l
500,18,m_speech__ild_0__itd_50__side_l
500,1,Inhale
500,2,Exhale
500,3,Hold_Breath
500,4,m_noise__ild_0__itd_50__targ_r
500,5,m_speech__ild_0__itd_500__targ_r
500,6,m_speech__ild_10__itd_0__targ_l
500,7,m_speech__ild_0__itd_50__targ_r
500,8,m_noise__ild_0__itd_500__targ_r
500,9,m_speech__ild_0__itd_50__targ_l
500,10,m_noise__ild_0__itd_500__targ_l
500,11,m_noise__ild_10__itd_0__side_r
500,12,m_speech__ild_0__itd_500__targ_l
500,13,m_speech__ild_0__itd_500__side_l
500,14,m_speech__ild_10__itd_0__targ_r
500,15,m_noise__ild_10__itd_0__targ_l
500,16,m_noise__ild_10__itd_0__targ_r
500,17,m_noise__ild_0__itd_50__targ_l
500,18,m_speech__ild_0__itd_50__side_l
500,4,m_noise__ild_0__itd_50__targ_r
500,5,m_speech__ild_0__itd_500__targ_r
500,6,m_speech__ild_10__itd_0__targ_l
500,7,m_speech__ild_0__itd_50__targ_r
500,8,m_noise__ild_0__itd_500__targ_r
500,9,m_speech__ild_0__itd_50__targ_l
500,10,m_noise__ild_0__itd_500__targ_l
500,11,m_noise__ild_10__itd_0__side_r
500,12,m_speech__ild_0__itd_500__targ_l
500,13,m_speech__ild_0__itd_500__side_l
500,14,m_speech__ild_10__itd_0__targ_r
500,15,m_noise__ild_10__itd_0__targ_l
500,16,m_noise__ild_10__itd_0__targ_r
500,17,m_noise__ild_0__itd_50__targ_l
500,18,m_speech__ild_0__itd_50__side_l
500,1,Inhale
500,2,Exhale
500,3,Hold_Breath
500,4,m_noise__ild_0__itd_50__targ_r
500,5,m_speech__ild_0__itd_500__targ_r
500,6,m_speech__ild_10__itd_0__targ_l
500,7,m_speech__ild_0__itd_50__targ_r
500,8,m_noise__ild_0__itd_500__targ_r
500,9,m_speech__ild_0__itd_50__targ_l
500,10,m_noise__ild_0__itd_500__targ_l
500,11,m_noise__ild_10__itd_0__side_r
500,12,m_speech__ild_0__itd_500__targ_l
500,13,m_speech__ild_0__itd_500__side_l
500,14,m_speech__ild_10__itd_0__targ_r
500,15,m_noise__ild_10__itd_0__targ_l
500,16,m_noise__ild_10__itd_0__targ_r
500,17,m_noise__ild_0__itd_50__targ_l
500,18,m_speech__ild_0__itd_50__side_l
NDARVW965MG1,4,m_noise__ild_0__itd_50__targ_r
NDARVW965MG1,5,m_speech__ild_0__itd_500__targ_r
NDARVW965MG1,6,m_speech__ild_10__itd_0__targ_l
NDARVW965MG1,7,m_speech__ild_0__itd_50__targ_r
NDARVW965MG1,8,m_noise__ild_0__itd_500__targ_r
NDARVW965MG1,9,m_speech__ild_0__itd_50__targ_l
NDARVW965MG1,10,m_noise__ild_0__itd_500__targ_l
NDARVW965MG1,11,m_speech__ild_0__itd_500__targ_l
NDARVW965MG1,12,m_speech__ild_10__itd_0__targ_r
NDARVW965MG1,13,m_noise__ild_10__itd_0__targ_l
NDARVW965MG1,14,m_noise__ild_10__itd_0__targ_r
NDARVW965MG1,15,m_noise__ild_0__itd_50__targ_l
NDARVW965MG1,1,Inhale
NDARVW965MG1,2,Exhale
NDARVW965MG1,3,Hold_Breath
NDARVW965MG1,4,m_noise__ild_0__itd_50__targ_r
NDARVW965MG1,5,m_speech__ild_0__itd_500__targ_r
NDARVW965MG1,6,m_speech__ild_10__itd_0__targ_l
NDARVW965MG1,7,m_speech__ild_0__itd_50__targ_r
NDARVW965MG1,8,m_noise__ild_0__itd_500__targ_r
NDARVW965MG1,9,m_speech__ild_0__itd_50__targ_l
NDARVW965MG1,10,m_noise__ild_0__itd_500__targ_l
NDARVW965MG1,11,m_speech__ild_0__itd_500__targ_l
NDARVW965MG1,12,m_speech__ild_10__itd_0__targ_r
NDARVW965MG1,13,m_noise__ild_10__itd_0__targ_l
NDARVW965MG1,14,m_noise__ild_10__itd_0__targ_r
NDARVW965MG1,15,m_noise__ild_0__itd_50__targ_l
NDARYZ656HJ9,4,m_noise__ild_0__itd_50__targ_r
NDARYZ656HJ9,5,m_speech__ild_0__itd_500__targ_r
NDARYZ656HJ9,6,m_speech__ild_10__itd_0__targ_l
NDARYZ656HJ9,7,m_speech__ild_0__itd_50__targ_r
NDARYZ656HJ9,8,m_noise__ild_0__itd_500__targ_r
NDARYZ656HJ9,9,m_speech__ild_0__itd_50__targ_l
NDARYZ656HJ9,10,m_noise__ild_0__itd_500__targ_l
NDARYZ656HJ9,11,m_speech__ild_0__itd_500__targ_l
NDARYZ656HJ9,12,m_speech__ild_10__itd_0__targ_r
NDARYZ656HJ9,13,m_noise__ild_10__itd_0__targ_l
NDARYZ656HJ9,14,m_noise__ild_10__itd_0__targ_r
NDARYZ656HJ9,15,m_noise__ild_0__itd_50__targ_l
NDARYZ656HJ9,1,Inhale
NDARYZ656HJ9,2,Exhale
NDARYZ656HJ9,3,Hold_Breath
NDARYZ656HJ9,4,m_noise__ild_0__itd_50__targ_r
NDARYZ656HJ9,5,m_speech__ild_0__itd_500__targ_r
NDARYZ656HJ9,6,m_speech__ild_10__itd_0__targ_l
NDARYZ656HJ9,7,m_speech__ild_0__itd_50__targ_r
NDARYZ656HJ9,8,m_noise__ild_0__itd_500__targ_r
NDARYZ656HJ9,9,m_speech__ild_0__itd_50__targ_l
NDARYZ656HJ9,10,m_noise__ild_0__itd_500__targ_l
NDARYZ656HJ9,11,m_speech__ild_0__itd_500__targ_l
NDARYZ656HJ9,12,m_speech__ild_10__itd_0__targ_r
NDARYZ656HJ9,13,m_noise__ild_10__itd_0__targ_l
NDARYZ656HJ9,14,m_noise__ild_10__itd_0__targ_r
NDARYZ656HJ9,15,m_noise__ild_0__itd_50__targ_l
NDARYZ656HJ9,4,m_noise__ild_0__itd_50__targ_r
NDARYZ656HJ9,5,m_speech__ild_0__itd_500__targ_r
NDARYZ656HJ9,6,m_speech__ild_10__itd_0__targ_l
NDARYZ656HJ9,7,m_speech__ild_0__itd_50__targ_r
NDARYZ656HJ9,8,m_noise__ild_0__itd_500__targ_r
NDARYZ656HJ9,9,m_speech__ild_0__itd_50__targ_l
NDARYZ656HJ9,10,m_noise__ild_0__itd_500__targ_l
NDARYZ656HJ9,11,m_speech__ild_0__itd_500__targ_l
NDARYZ656HJ9,12,m_speech__ild_10__itd_0__targ_r
NDARYZ656HJ9,13,m_noise__ild_10__itd_0__targ_l
NDARYZ656HJ9,14,m_noise__ild_10__itd_0__targ_r
NDARYZ656HJ9,15,m_noise__ild_0__itd_50__targ_l
NDARYZ656HJ9,1,Inhale
NDARYZ656HJ9,2,Exhale
NDARYZ656HJ9,3,Hold_Breath
NDARYZ656HJ9,4,m_noise__ild_0__itd_50__targ_r
NDARYZ656HJ9,5,m_speech__ild_0__itd_500__targ_r
NDARYZ656HJ9,6,m_speech__ild_10__itd_0__targ_l
NDARYZ656HJ9,7,m_speech__ild_0__itd_50__targ_r
NDARYZ656HJ9,8,m_noise__ild_0__itd_500__targ_r
NDARYZ656HJ9,9,m_speech__ild_0__itd_50__targ_l
NDARYZ656HJ9,10,m_noise__ild_0__itd_500__targ_l
NDARYZ656HJ9,11,m_speech__ild_0__itd_500__targ_l
NDARYZ656HJ9,12,m_speech__ild_10__itd_0__targ_r
NDARYZ656HJ9,13,m_noise__ild_10__itd_0__targ_l
NDARYZ656HJ9,14,m_noise__ild_10__itd_0__targ_r
NDARYZ656HJ9,15,m_noise__ild_0__itd_50__targ_l
501,4,m_noise__ild_0__itd_50__targ_r
501,5,m_speech__ild_0__itd_500__targ_r
501,6,m_speech__ild_10__itd_0__targ_l
501,7,m_speech__ild_0__itd_50__targ_r
501,8,m_noise__ild_0__itd_500__targ_r
501,9,m_speech__ild_0__itd_50__targ_l
501,10,m_noise__ild_0__itd_500__targ_l
501,11,m_speech__ild_0__itd_500__targ_l
501,12,m_speech__ild_10__itd_0__targ_r
501,13,m_noise__ild_10__itd_0__targ_l
501,14,m_noise__ild_10__itd_0__targ_r
501,15,m_noise__ild_0__itd_50__targ_l
501,1,Inhale
501,2,Exhale
501,3,Hold_Breath
501,4,m_noise__ild_0__itd_50__targ_r
501,5,m_speech__ild_0__itd_500__targ_r
501,6,m_speech__ild_10__itd_0__targ_l
501,7,m_speech__ild_0__itd_50__targ_r
501,8,m_noise__ild_0__itd_500__targ_r
501,9,m_speech__ild_0__itd_50__targ_l
501,10,m_noise__ild_0__itd_500__targ_l
501,11,m_speech__ild_0__itd_500__targ_l
501,12,m_speech__ild_10__itd_0__targ_r
501,13,m_noise__ild_10__itd_0__targ_l
501,14,m_noise__ild_10__itd_0__targ_r
501,15,m_noise__ild_0__itd_50__targ_l
501,4,m_noise__ild_0__itd_50__targ_r
501,5,m_speech__ild_0__itd_500__targ_r
501,6,m_speech__ild_10__itd_0__targ_l
501,7,m_speech__ild_0__itd_50__targ_r
501,8,m_noise__ild_0__itd_500__targ_r
501,9,m_speech__ild_0__itd_50__targ_l
501,10,m_noise__ild_0__itd_500__targ_l
501,11,m_speech__ild_0__itd_500__targ_l
501,12,m_speech__ild_10__itd_0__targ_r
501,13,m_noise__ild_10__itd_0__targ_l
501,14,m_noise__ild_10__itd_0__targ_r
501,15,m_noise__ild_0__itd_50__targ_l
501,1,Inhale
501,2,Exhale
501,3,Hold_Breath
501,4,m_noise__ild_0__itd_50__targ_r
501,5,m_speech__ild_0__itd_500__targ_r
501,6,m_speech__ild_10__itd_0__targ_l
501,7,m_speech__ild_0__itd_50__targ_r
501,8,m_noise__ild_0__itd_500__targ_r
501,9,m_speech__ild_0__itd_50__targ_l
501,10,m_noise__ild_0__itd_500__targ_l
501,11,m_speech__ild_0__itd_500__targ_l
501,12,m_speech__ild_10__itd_0__targ_r
501,13,m_noise__ild_10__itd_0__targ_l
501,14,m_noise__ild_10__itd_0__targ_r
501,15,m_noise__ild_0__itd_50__targ_l
NDARCD778KPR,4,m_noise__ild_0__itd_50__targ_r
NDARCD778KPR,5,m_speech__ild_0__itd_500__targ_r
NDARCD778KPR,6,m_speech__ild_10__itd_0__targ_l
NDARCD778KPR,7,m_speech__ild_0__itd_50__targ_r
NDARCD778KPR,8,m_noise__ild_0__itd_500__targ_r
NDARCD778KPR,9,m_speech__ild_0__itd_50__targ_l
NDARCD778KPR,10,m_noise__ild_0__itd_500__targ_l
NDARCD778KPR,11,m_speech__ild_0__itd_500__targ_l
NDARCD778KPR,12,m_speech__ild_10__itd_0__targ_r
NDARCD778KPR,13,m_noise__ild_10__itd_0__targ_l
NDARCD778KPR,14,m_noise__ild_10__itd_0__targ_r
NDARCD778KPR,15,m_noise__ild_0__itd_50__targ_l
NDARCD778KPR,1,Inhale
NDARCD778KPR,2,Exhale
NDARCD778KPR,3,Hold_Breath
NDARCD778KPR,4,m_noise__ild_0__itd_50__targ_r
NDARCD778KPR,5,m_speech__ild_0__itd_500__targ_r
NDARCD778KPR,6,m_speech__ild_10__itd_0__targ_l
NDARCD778KPR,7,m_speech__ild_0__itd_50__targ_r
NDARCD778KPR,8,m_noise__ild_0__itd_500__targ_r
NDARCD778KPR,9,m_speech__ild_0__itd_50__targ_l
NDARCD778KPR,10,m_noise__ild_0__itd_500__targ_l
NDARCD778KPR,11,m_speech__ild_0__itd_500__targ_l
NDARCD778KPR,12,m_speech__ild_10__itd_0__targ_r
NDARCD778KPR,13,m_noise__ild_10__itd_0__targ_l
NDARCD778KPR,14,m_noise__ild_10__itd_0__targ_r
NDARCD778KPR,15,m_noise__ild_0__itd_50__targ_l
NDARCD778KPR,4,m_noise__ild_0__itd_50__targ_r
NDARCD778KPR,5,m_speech__ild_0__itd_500__targ_r
NDARCD778KPR,6,m_speech__ild_10__itd_0__targ_l
NDARCD778KPR,7,m_speech__ild_0__itd_50__targ_r
NDARCD778KPR,8,m_noise__ild_0__itd_500__targ_r
NDARCD778KPR,9,m_speech__ild_0__itd_50__targ_l
NDARCD778KPR,10,m_noise__ild_0__itd_500__targ_l
NDARCD778KPR,11,m_speech__ild_0__itd_500__targ_l
NDARCD778KPR,12,m_speech__ild_10__itd_0__targ_r
NDARCD778KPR,13,m_noise__ild_10__itd_0__targ_l
NDARCD778KPR,14,m_noise__ild_10__itd_0__targ_r
NDARCD778KPR,15,m_noise__ild_0__itd_50__targ_l
NDARCD778KPR,1,Inhale
NDARCD778KPR,2,Exhale
NDARCD778KPR,3,Hold_Breath
NDARCD778KPR,4,m_noise__ild_0__itd_50__targ_r
NDARCD778KPR,5,m_speech__ild_0__itd_500__targ_r
NDARCD778KPR,6,m_speech__ild_10__itd_0__targ_l
NDARCD778KPR,7,m_speech__ild_0__itd_50__targ_r
NDARCD778KPR,8,m_noise__ild_0__itd_500__targ_r
NDARCD778KPR,9,m_speech__ild_0__itd_50__targ_l
NDARCD778KPR,10,m_noise__ild_0__itd_500__targ_l
NDARCD778KPR,11,m_speech__ild_0__itd_500__targ_l
NDARCD778KPR,12,m_speech__ild_10__itd_0__targ_r
NDARCD778KPR,13,m_noise__ild_10__itd_0__targ_l
NDARCD778KPR,14,m_noise__ild_10__itd_0__targ_r
NDARCD778KPR,15,m_noise__ild_0__itd_50__targ_l
NDARMY829TKN,4,m_noise__ild_0__itd_50__targ_r
NDARMY829TKN,5,m_speech__ild_0__itd_500__targ_r
NDARMY829TKN,6,m_speech__ild_10__itd_0__targ_l
NDARMY829TKN,7,m_speech__ild_0__itd_50__targ_r
NDARMY829TKN,8,m_noise__ild_0__itd_500__targ_r
NDARMY829TKN,9,m_speech__ild_0__itd_50__targ_l
NDARMY829TKN,10,m_noise__ild_0__itd_500__targ_l
NDARMY829TKN,11,m_speech__ild_0__itd_500__targ_l
NDARMY829TKN,12,m_speech__ild_10__itd_0__targ_r
NDARMY829TKN,13,m_noise__ild_10__itd_0__targ_l
NDARMY829TKN,14,m_noise__ild_10__itd_0__targ_r
NDARMY829TKN,15,m_noise__ild_0__itd_50__targ_l
NDARMY829TKN,1,Inhale
NDARMY829TKN,2,Exhale
NDARMY829TKN,3,Hold_Breath
NDARMY829TKN,4,m_noise__ild_0__itd_50__targ_r
NDARMY829TKN,5,m_speech__ild_0__itd_500__targ_r
NDARMY829TKN,6,m_speech__ild_10__itd_0__targ_l
NDARMY829TKN,7,m_speech__ild_0__itd_50__targ_r
NDARMY829TKN,8,m_noise__ild_0__itd_500__targ_r
NDARMY829TKN,9,m_speech__ild_0__itd_50__targ_l
NDARMY829TKN,10,m_noise__ild_0__itd_500__targ_l
NDARMY829TKN,11,m_speech__ild_0__itd_500__targ_l
NDARMY829TKN,12,m_speech__ild_10__itd_0__targ_r
NDARMY829TKN,13,m_noise__ild_10__itd_0__targ_l
NDARMY829TKN,14,m_noise__ild_10__itd_0__targ_r
NDARMY829TKN,15,m_noise__ild_0__itd_50__targ_l
NDARMY829TKN,4,m_noise__ild_0__itd_50__targ_r
NDARMY829TKN,5,m_speech__ild_0__itd_500__targ_r
NDARMY829TKN,6,m_speech__ild_10__itd_0__targ_l
NDARMY829TKN,7,m_speech__ild_0__itd_50__targ_r
NDARMY829TKN,8,m_noise__ild_0__itd_500__targ_r
NDARMY829TKN,9,m_speech__ild_0__itd_50__targ_l
NDARMY829TKN,10,m_noise__ild_0__itd_500__targ_l
NDARMY829TKN,11,m_speech__ild_0__itd_500__targ_l
NDARMY829TKN,12,m_speech__ild_10__itd_0__targ_r
NDARMY829TKN,13,m_noise__ild_10__itd_0__targ_l
NDARMY829TKN,14,m_noise__ild_10__itd_0__targ_r
NDARMY829TKN,15,m_noise__ild_0__itd_50__targ_l
NDARMY829TKN,1,Inhale
NDARMY829TKN,2,Exhale
NDARMY829TKN,3,Hold_Breath
NDARMY829TKN,4,m_noise__ild_0__itd_50__targ_r
NDARMY829TKN,5,m_speech__ild_0__itd_500__targ_r
NDARMY829TKN,6,m_speech__ild_10__itd_0__targ_l
NDARMY829TKN,7,m_speech__ild_0__itd_50__targ_r
NDARMY829TKN,8,m_noise__ild_0__itd_500__targ_r
NDARMY829TKN,9,m_speech__ild_0__itd_50__targ_l
NDARMY829TKN,10,m_noise__ild_0__itd_500__targ_l
NDARMY829TKN,11,m_speech__ild_0__itd_500__targ_l
NDARMY829TKN,12,m_speech__ild_10__itd_0__targ_r
NDARMY829TKN,13,m_noise__ild_10__itd_0__targ_l
NDARMY829TKN,14,m_noise__ild_10__itd_0__targ_r
NDARMY829TKN,15,m_noise__ild_0__itd_50__targ_l
999,4,m_noise__ild_0__itd_50__targ_r
999,5,m_speech__ild_0__itd_500__targ_r
999,6,m_speech__ild_10__itd_0__targ_l
999,7,m_speech__ild_0__itd_50__targ_r
999,8,m_noise__ild_0__itd_500__targ_r
999,9,m_speech__ild_0__itd_50__targ_l
999,10,m_noise__ild_0__itd_500__targ_l
999,11,m_speech__ild_0__itd_500__targ_l
999,12,m_speech__ild_10__itd_0__targ_r
999,13,m_noise__ild_10__itd_0__targ_l
999,14,m_noise__ild_10__itd_0__targ_r
999,15,m_noise__ild_0__itd_50__targ_l
999,1,Inhale
999,2,Exhale
999,3,Hold_Breath
999,4,m_noise__ild_0__itd_50__targ_r
999,5,m_speech__ild_0__itd_500__targ_r
999,6,m_speech__ild_10__itd_0__targ_l
999,7,m_speech__ild_0__itd_50__targ_r
999,8,m_noise__ild_0__itd_500__targ_r
999,9,m_speech__ild_0__itd_50__targ_l
999,10,m_noise__ild_0__itd_500__targ_l
999,11,m_speech__ild_0__itd_500__targ_l
999,12,m_speech__ild_10__itd_0__targ_r
999,13,m_noise__ild_10__itd_0__targ_l
999,14,m_noise__ild_10__itd_0__targ_r
999,15,m_noise__ild_0__itd_50__targ_l
999,4,m_noise__ild_0__itd_50__targ_r
999,5,m_speech__ild_0__itd_500__targ_r
999,6,m_speech__ild_10__itd_0__targ_l
999,7,m_speech__ild_0__itd_50__targ_r
999,8,m_noise__ild_0__itd_500__targ_r
999,9,m_speech__ild_0__itd_50__targ_l
999,10,m_noise__ild_0__itd_500__targ_l
999,11,m_speech__ild_0__itd_500__targ_l
999,12,m_speech__ild_10__itd_0__targ_r
999,13,m_noise__ild_10__itd_0__targ_l
999,14,m_noise__ild_10__itd_0__targ_r
999,15,m_noise__ild_0__itd_50__targ_l
999,1,Inhale
999,2,Exhale
999,3,Hold_Breath
999,4,m_noise__ild_0__itd_50__targ_r
999,5,m_speech__ild_0__itd_500__targ_r
999,6,m_speech__ild_10__itd_0__targ_l
999,7,m_speech__ild_0__itd_50__targ_r
999,8,m_noise__ild_0__itd_500__targ_r
999,9,m_speech__ild_0__itd_50__targ_l
999,10,m_noise__ild_0__itd_500__targ_l
999,11,m_speech__ild_0__itd_500__targ_l
999,12,m_speech__ild_10__itd_0__targ_r
999,13,m_noise__ild_10__itd_0__targ_l
999,14,m_noise__ild_10__itd_0__targ_r
999,15,m_noise__ild_0__itd_50__targ_l
999,4,m_noise__ild_0__itd_50__targ_r
999,5,m_speech__ild_0__itd_500__targ_r
999,6,m_speech__ild_10__itd_0__targ_l
999,7,m_speech__ild_0__itd_50__targ_r
999,8,m_noise__ild_0__itd_500__targ_r
999,9,m_speech__ild_0__itd_50__targ_l
999,10,m_noise__ild_0__itd_500__targ_l
999,11,m_speech__ild_0__itd_500__targ_l
999,12,m_speech__ild_10__itd_0__targ_r
999,13,m_noise__ild_10__itd_0__targ_l
999,14,m_noise__ild_10__itd_0__targ_r
999,15,m_noise__ild_0__itd_50__targ_l
999,1,Inhale
999,2,Exhale
999,3,Hold_Breath
999,4,m_noise__ild_0__itd_50__targ_r
999,5,m_speech__ild_0__itd_500__targ_r
999,6,m_speech__ild_10__itd_0__targ_l
999,7,m_speech__ild_0__itd_50__targ_r
999,8,m_noise__ild_0__itd_500__targ_r
999,9,m_speech__ild_0__itd_50__targ_l
999,10,m_noise__ild_0__itd_500__targ_l
999,11,m_speech__ild_0__itd_500__targ_l
999,12,m_speech__ild_10__itd_0__targ_r
999,13,m_noise__ild_10__itd_0__targ_l
999,14,m_noise__ild_10__itd_0__targ_r
999,15,m_noise__ild_0__itd_50__targ_l
999,4,m_noise__ild_0__itd_50__targ_r
999,5,m_speech__ild_0__itd_500__targ_r
999,6,m_speech__ild_10__itd_0__targ_l
999,7,m_speech__ild_0__itd_50__targ_r
999,8,m_noise__ild_0__itd_500__targ_r
999,9,m_speech__ild_0__itd_50__targ_l
999,10,m_noise__ild_0__itd_500__targ_l
999,11,m_speech__ild_0__itd_500__targ_l
999,12,m_speech__ild_10__itd_0__targ_r
999,13,m_noise__ild_10__itd_0__targ_l
999,14,m_noise__ild_10__itd_0__targ_r
999,15,m_noise__ild_0__itd_50__targ_l
999,1,Inhale
999,2,Exhale
999,3,Hold_Breath
999,4,m_noise__ild_0__itd_50__targ_r
999,5,m_speech__ild_0__itd_500__targ_r
999,6,m_speech__ild_10__itd_0__targ_l
999,7,m_speech__ild_0__itd_50__targ_r
999,8,m_noise__ild_0__itd_500__targ_r
999,9,m_speech__ild_0__itd_50__targ_l
999,10,m_noise__ild_0__itd_500__targ_l
999,11,m_speech__ild_0__itd_500__targ_l
999,12,m_speech__ild_10__itd_0__targ_r
999,13,m_noise__ild_10__itd_0__targ_l
999,14,m_noise__ild_10__itd_0__targ_r
999,15,m_noise__ild_0__itd_50__targ_l
999,4,m_noise__ild_0__itd_50__targ_r
999,5,m_speech__ild_0__itd_500__targ_r
999,6,m_speech__ild_10__itd_0__targ_l
999,7,m_speech__ild_0__itd_50__targ_r
999,8,m_noise__ild_0__itd_500__targ_r
999,9,m_speech__ild_0__itd_50__targ_l
999,10,m_noise__ild_0__itd_500__targ_l
999,11,m_speech__ild_0__itd_500__targ_l
999,12,m_speech__ild_10__itd_0__targ_r
999,13,m_noise__ild_10__itd_0__targ_l
999,14,m_noise__ild_10__itd_0__targ_r
999,15,m_noise__ild_0__itd_50__targ_l
999,1,Inhale
999,2,Exhale
999,3,Hold_Breath
999,4,m_noise__ild_0__itd_50__targ_r
999,5,m_speech__ild_0__itd_500__targ_r
999,6,m_speech__ild_10__itd_0__targ_l
999,7,m_speech__ild_0__itd_50__targ_r
999,8,m_noise__ild_0__itd_500__targ_r
999,9,m_speech__ild_0__itd_50__targ_l
999,10,m_noise__ild_0__itd_500__targ_l
999,11,m_speech__ild_0__itd_500__targ_l
999,12,m_speech__ild_10__itd_0__targ_r
999,13,m_noise__ild_10__itd_0__targ_l
999,14,m_noise__ild_10__itd_0__targ_r
999,15,m_noise__ild_0__itd_50__targ_l
999,4,m_noise__ild_0__itd_50__targ_r
999,5,m_speech__ild_0__itd_500__targ_r
999,6,m_speech__ild_10__itd_0__targ_l
999,7,m_speech__ild_0__itd_50__targ_r
999,8,m_noise__ild_0__itd_500__targ_r
999,9,m_speech__ild_0__itd_50__targ_l
999,10,m_noise__ild_0__itd_500__targ_l
999,11,m_speech__ild_0__itd_500__targ_l
999,12,m_speech__ild_10__itd_0__targ_r
999,13,m_noise__ild_10__itd_0__targ_l
999,14,m_noise__ild_10__itd_0__targ_r
999,15,m_noise__ild_0__itd_50__targ_l
999,1,Inhale
999,2,Exhale
999,3,Hold_Breath
999,4,m_noise__ild_0__itd_50__targ_r
999,5,m_speech__ild_0__itd_500__targ_r
999,6,m_speech__ild_10__itd_0__targ_l
999,7,m_speech__ild_0__itd_50__targ_r
999,8,m_noise__ild_0__itd_500__targ_r
999,9,m_speech__ild_0__itd_50__targ_l
999,10,m_noise__ild_0__itd_500__targ_l
999,11,m_speech__ild_0__itd_500__targ_l
999,12,m_speech__ild_10__itd_0__targ_r
999,13,m_noise__ild_10__itd_0__targ_l
999,14,m_noise__ild_10__itd_0__targ_r
999,15,m_noise__ild_0__itd_50__targ_l
999,4,m_noise__ild_0__itd_50__targ_r
999,5,m_speech__ild_0__itd_500__targ_r
999,6,m_speech__ild_10__itd_0__targ_l
999,7,m_speech__ild_0__itd_50__targ_r
999,8,m_noise__ild_0__itd_500__targ_r
999,9,m_speech__ild_0__itd_50__targ_l
999,10,m_noise__ild_0__itd_500__targ_l
999,11,m_speech__ild_0__itd_500__targ_l
999,12,m_speech__ild_10__itd_0__targ_r
999,13,m_noise__ild_10__itd_0__targ_l
999,14,m_noise__ild_10__itd_0__targ_r
999,15,m_noise__ild_0__itd_50__targ_l
999,1,Inhale
999,2,Exhale
999,3,Hold_Breath
999,4,m_noise__ild_0__itd_50__targ_r
999,5,m_speech__ild_0__itd_500__targ_r
999,6,m_speech__ild_10__itd_0__targ_l
999,7,m_speech__ild_0__itd_50__targ_r
999,8,m_noise__ild_0__itd_500__targ_r
999,9,m_speech__ild_0__itd_50__targ_l
999,10,m_noise__ild_0__itd_500__targ_l
999,11,m_speech__ild_0__itd_500__targ_l
999,12,m_speech__ild_10__itd_0__targ_r
999,13,m_noise__ild_10__itd_0__targ_l
999,14,m_noise__ild_10__itd_0__targ_r
999,15,m_noise__ild_0__itd_50__targ_l
999,4,m_noise__ild_0__itd_50__targ_r
999,5,m_speech__ild_0__itd_500__targ_r
999,6,m_speech__ild_10__itd_0__targ_l
999,7,m_speech__ild_0__itd_50__targ_r
999,8,m_noise__ild_0__itd_500__targ_r
999,9,m_speech__ild_0__itd_50__targ_l
999,10,m_noise__ild_0__itd_500__targ_l
999,11,m_speech__ild_0__itd_500__targ_l
999,12,m_speech__ild_10__itd_0__targ_r
999,13,m_noise__ild_10__itd_0__targ_l
999,14,m_noise__ild_10__itd_0__targ_r
999,15,m_noise__ild_0__itd_50__targ_l
999,1,Inhale
999,2,Exhale
999,3,Hold_Breath
999,4,m_noise__ild_0__itd_50__targ_r
999,5,m_speech__ild_0__itd_500__targ_r
999,6,m_speech__ild_10__itd_0__targ_l
999,7,m_speech__ild_0__itd_50__targ_r
999,8,m_noise__ild_0__itd_500__targ_r
999,9,m_speech__ild_0__itd_50__targ_l
999,10,m_noise__ild_0__itd_500__targ_l
999,11,m_speech__ild_0__itd_500__targ_l
999,12,m_speech__ild_10__itd_0__targ_r
999,13,m_noise__ild_10__itd_0__targ_l
999,14,m_noise__ild_10__itd_0__targ_r
999,15,m_noise__ild_0__itd_50__targ_l
999,4,m_noise__ild_0__itd_50__targ_r
999,5,m_speech__ild_0__itd_500__targ_r
999,6,m_speech__ild_10__itd_0__targ_l
999,7,m_speech__ild_0__itd_50__targ_r
999,8,m_noise__ild_0__itd_500__targ_r
999,9,m_speech__ild_0__itd_50__targ_l
999,10,m_noise__ild_0__itd_500__targ_l
999,11,m_speech__ild_0__itd_500__targ_l
999,12,m_speech__ild_10__itd_0__targ_r
999,13,m_noise__ild_10__itd_0__targ_l
999,14,m_noise__ild_10__itd_0__targ_r
999,15,m_noise__ild_0__itd_50__targ_l
999,1,Inhale
999,2,Exhale
999,3,Hold_Breath
999,4,m_noise__ild_0__itd_50__targ_r
999,5,m_speech__ild_0__itd_500__targ_r
999,6,m_speech__ild_10__itd_0__targ_l
999,7,m_speech__ild_0__itd_50__targ_r
999,8,m_noise__ild_0__itd_500__targ_r
999,9,m_speech__ild_0__itd_50__targ_l
999,10,m_noise__ild_0__itd_500__targ_l
999,11,m_speech__ild_0__itd_500__targ_l
999,12,m_speech__ild_10__itd_0__targ_r
999,13,m_noise__ild_10__itd_0__targ_l
999,14,m_noise__ild_10__itd_0__targ_r
999,15,m_noise__ild_0__itd_50__targ_l
999,4,m_noise__ild_0__itd_50__targ_r
999,5,m_speech__ild_0__itd_500__targ_r
999,6,m_speech__ild_10__itd_0__targ_l
999,7,m_speech__ild_0__itd_50__targ_r
999,8,m_noise__ild_0__itd_500__targ_r
999,9,m_speech__ild_0__itd_50__targ_l
999,10,m_noise__ild_0__itd_500__targ_l
999,11,m_speech__ild_0__itd_500__targ_l
999,12,m_speech__ild_10__itd_0__targ_r
999,13,m_noise__ild_10__itd_0__targ_l
999,14,m_noise__ild_10__itd_0__targ_r
999,15,m_noise__ild_0__itd_50__targ_l
999,1,Inhale
999,2,Exhale
999,3,Hold_Breath
999,4,m_noise__ild_0__itd_50__targ_r
999,5,m_speech__ild_0__itd_500__targ_r
999,6,m_speech__ild_10__itd_0__targ_l
999,7,m_speech__ild_0__itd_50__targ_r
999,8,m_noise__ild_0__itd_500__targ_r
999,9,m_speech__ild_0__itd_50__targ_l
999,10,m_noise__ild_0__itd_500__targ_l
999,11,m_speech__ild_0__itd_500__targ_l
999,12,m_speech__ild_10__itd_0__targ_r
999,13,m_noise__ild_10__itd_0__targ_l
999,14,m_noise__ild_10__itd_0__targ_r
999,15,m_noise__ild_0__itd_50__targ_l
500,4,m_noise__ild_0__itd_50__targ_r
500,5,m_speech__ild_0__itd_500__targ_r
500,6,m_speech__ild_10__itd_0__targ_l
500,7,m_speech__ild_0__itd_50__targ_r
500,8,m_noise__ild_0__itd_500__targ_r
500,9,m_speech__ild_0__itd_50__targ_l
500,10,m_noise__ild_0__itd_500__targ_l
500,11,m_noise__ild_10__itd_0__side_r
500,12,m_speech__ild_0__itd_500__targ_l
500,13,m_speech__ild_0__itd_500__side_l
500,14,m_speech__ild_10__itd_0__targ_r
500,15,m_noise__ild_10__itd_0__targ_l
500,16,m_noise__ild_10__itd_0__targ_r
500,17,m_noise__ild_0__itd_50__targ_l
500,18,m_speech__ild_0__itd_50__side_l
500,1,Inhale
500,2,Exhale
500,3,Hold_Breath
500,4,m_noise__ild_0__itd_50__targ_r
500,5,m_speech__ild_0__itd_500__targ_r
500,6,m_speech__ild_10__itd_0__targ_l
500,7,m_speech__ild_0__itd_50__targ_r
500,8,m_noise__ild_0__itd_500__targ_r
500,9,m_speech__ild_0__itd_50__targ_l
500,10,m_noise__ild_0__itd_500__targ_l
500,11,m_noise__ild_10__itd_0__side_r
500,12,m_speech__ild_0__itd_500__targ_l
500,13,m_speech__ild_0__itd_500__side_l
500,14,m_speech__ild_10__itd_0__targ_r
500,15,m_noise__ild_10__itd_0__targ_l
500,16,m_noise__ild_10__itd_0__targ_r
500,17,m_noise__ild_0__itd_50__targ_l
500,18,m_speech__ild_0__itd_50__side_l
NDARLU426TBZ,4,m_noise__ild_0__itd_50__targ_r
NDARLU426TBZ,5,m_speech__ild_0__itd_500__targ_r
NDARLU426TBZ,6,m_speech__ild_10__itd_0__targ_l
NDARLU426TBZ,7,m_speech__ild_0__itd_50__targ_r
NDARLU426TBZ,8,m_noise__ild_0__itd_500__targ_r
NDARLU426TBZ,9,m_speech__ild_0__itd_50__targ_l
NDARLU426TBZ,10,m_noise__ild_0__itd_500__targ_l
NDARLU426TBZ,11,m_speech__ild_0__itd_500__targ_l
NDARLU426TBZ,12,m_speech__ild_10__itd_0__targ_r
NDARLU426TBZ,13,m_noise__ild_10__itd_0__targ_l
NDARLU426TBZ,14,m_noise__ild_10__itd_0__targ_r
NDARLU426TBZ,15,m_noise__ild_0__itd_50__targ_l
NDARLU426TBZ,1,Inhale
NDARLU426TBZ,2,Exhale
NDARLU426TBZ,3,Hold_Breath
NDARLU426TBZ,4,m_noise__ild_0__itd_50__targ_r
NDARLU426TBZ,5,m_speech__ild_0__itd_500__targ_r
NDARLU426TBZ,6,m_speech__ild_10__itd_0__targ_l
NDARLU426TBZ,7,m_speech__ild_0__itd_50__targ_r
NDARLU426TBZ,8,m_noise__ild_0__itd_500__targ_r
NDARLU426TBZ,9,m_speech__ild_0__itd_50__targ_l
NDARLU426TBZ,10,m_noise__ild_0__itd_500__targ_l
NDARLU426TBZ,11,m_speech__ild_0__itd_500__targ_l
NDARLU426TBZ,12,m_speech__ild_10__itd_0__targ_r
NDARLU426TBZ,13,m_noise__ild_10__itd_0__targ_l
NDARLU426TBZ,14,m_noise__ild_10__itd_0__targ_r
NDARLU426TBZ,15,m_noise__ild_0__itd_50__targ_l
NDARLU426TBZ,4,m_noise__ild_0__itd_50__targ_r
NDARLU426TBZ,5,m_speech__ild_0__itd_500__targ_r
NDARLU426TBZ,6,m_speech__ild_10__itd_0__targ_l
NDARLU426TBZ,7,m_speech__ild_0__itd_50__targ_r
NDARLU426TBZ,8,m_noise__ild_0__itd_500__targ_r
NDARLU426TBZ,9,m_speech__ild_0__itd_50__targ_l
NDARLU426TBZ,10,m_noise__ild_0__itd_500__targ_l
NDARLU426TBZ,11,m_speech__ild_0__itd_500__targ_l
NDARLU426TBZ,12,m_speech__ild_10__itd_0__targ_r
NDARLU426TBZ,13,m_noise__ild_10__itd_0__targ_l
NDARLU426TBZ,14,m_noise__ild_10__itd_0__targ_r
NDARLU426TBZ,15,m_noise__ild_0__itd_50__targ_l
NDARLU426TBZ,1,Inhale
NDARLU426TBZ,2,Exhale
NDARLU426TBZ,3,Hold_Breath
NDARLU426TBZ,4,m_noise__ild_0__itd_50__targ_r
NDARLU426TBZ,5,m_speech__ild_0__itd_500__targ_r
NDARLU426TBZ,6,m_speech__ild_10__itd_0__targ_l
NDARLU426TBZ,7,m_speech__ild_0__itd_50__targ_r
NDARLU426TBZ,8,m_noise__ild_0__itd_500__targ_r
NDARLU426TBZ,9,m_speech__ild_0__itd_50__targ_l
NDARLU426TBZ,10,m_noise__ild_0__itd_500__targ_l
NDARLU426TBZ,11,m_speech__ild_0__itd_500__targ_l
NDARLU426TBZ,12,m_speech__ild_10__itd_0__targ_r
NDARLU426TBZ,13,m_noise__ild_10__itd_0__targ_l
NDARLU426TBZ,14,m_noise__ild_10__itd_0__targ_r
NDARLU426TBZ,15,m_noise__ild_0__itd_50__targ_l
NDARHM932KNX,4,m_noise__ild_0__itd_50__targ_r
NDARHM932KNX,5,m_speech__ild_0__itd_500__targ_r
NDARHM932KNX,6,m_speech__ild_10__itd_0__targ_l
NDARHM932KNX,7,m_speech__ild_0__itd_50__targ_r
NDARHM932KNX,8,m_noise__ild_0__itd_500__targ_r
NDARHM932KNX,9,m_speech__ild_0__itd_50__targ_l
NDARHM932KNX,10,m_noise__ild_0__itd_500__targ_l
NDARHM932KNX,11,m_speech__ild_0__itd_500__targ_l
NDARHM932KNX,12,m_speech__ild_10__itd_0__targ_r
NDARHM932KNX,13,m_noise__ild_10__itd_0__targ_l
NDARHM932KNX,14,m_noise__ild_10__itd_0__targ_r
NDARHM932KNX,15,m_noise__ild_0__itd_50__targ_l
NDARHM932KNX,1,Inhale
NDARHM932KNX,2,Exhale
NDARHM932KNX,3,Hold_Breath
NDARHM932KNX,4,m_noise__ild_0__itd_50__targ_r
NDARHM932KNX,5,m_speech__ild_0__itd_500__targ_r
NDARHM932KNX,6,m_speech__ild_10__itd_0__targ_l
NDARHM932KNX,7,m_speech__ild_0__itd_50__targ_r
NDARHM932KNX,8,m_noise__ild_0__itd_500__targ_r
NDARHM932KNX,9,m_speech__ild_0__itd_50__targ_l
NDARHM932KNX,10,m_noise__ild_0__itd_500__targ_l
NDARHM932KNX,11,m_speech__ild_0__itd_500__targ_l
NDARHM932KNX,12,m_speech__ild_10__itd_0__targ_r
NDARHM932KNX,13,m_noise__ild_10__itd_0__targ_l
NDARHM932KNX,14,m_noise__ild_10__itd_0__targ_r
NDARHM932KNX,15,m_noise__ild_0__itd_50__targ_l
NDARHN971WJ5,4,m_noise__ild_0__itd_50__targ_r
NDARHN971WJ5,5,m_speech__ild_0__itd_500__targ_r
NDARHN971WJ5,6,m_speech__ild_10__itd_0__targ_l
NDARHN971WJ5,7,m_speech__ild_0__itd_50__targ_r
NDARHN971WJ5,8,m_noise__ild_0__itd_500__targ_r
NDARHN971WJ5,9,m_speech__ild_0__itd_50__targ_l
NDARHN971WJ5,10,m_noise__ild_0__itd_500__targ_l
NDARHN971WJ5,11,m_speech__ild_0__itd_500__targ_l
NDARHN971WJ5,12,m_speech__ild_10__itd_0__targ_r
NDARHN971WJ5,13,m_noise__ild_10__itd_0__targ_l
NDARHN971WJ5,14,m_noise__ild_10__itd_0__targ_r
NDARHN971WJ5,15,m_noise__ild_0__itd_50__targ_l
NDARHN971WJ5,1,Inhale
NDARHN971WJ5,2,Exhale
NDARHN971WJ5,3,Hold_Breath
NDARHN971WJ5,4,m_noise__ild_0__itd_50__targ_r
NDARHN971WJ5,5,m_speech__ild_0__itd_500__targ_r
NDARHN971WJ5,6,m_speech__ild_10__itd_0__targ_l
NDARHN971WJ5,7,m_speech__ild_0__itd_50__targ_r
NDARHN971WJ5,8,m_noise__ild_0__itd_500__targ_r
NDARHN971WJ5,9,m_speech__ild_0__itd_50__targ_l
NDARHN971WJ5,10,m_noise__ild_0__itd_500__targ_l
NDARHN971WJ5,11,m_speech__ild_0__itd_500__targ_l
NDARHN971WJ5,12,m_speech__ild_10__itd_0__targ_r
NDARHN971WJ5,13,m_noise__ild_10__itd_0__targ_l
NDARHN971WJ5,14,m_noise__ild_10__itd_0__targ_r
NDARHN971WJ5,15,m_noise__ild_0__itd_50__targ_l
NDARVX753BR6,4,m_speech__ild_0__itd_500__targ_r__control_0
NDARVX753BR6,5,m_noise__ild_0__itd_50__targ_l__control_0
NDARVX753BR6,6,m_noise__ild_0__itd_50__targ_r__control_0
NDARVX753BR6,7,m_speech__ild_70n__itd_0__targ_r__control_0
NDARVX753BR6,8,m_speech__ild_0__itd_50__targ_l__control_0
NDARVX753BR6,9,m_speech__ild_10__itd_0__targ_l__control_0
NDARVX753BR6,10,m_speech__ild_0__itd_500__targ_l__control_0
NDARVX753BR6,11,m_speech__ild_0__itd_500__targ_l__control_1
NDARVX753BR6,12,m_noise__ild_0__itd_500__targ_r__control_1
NDARVX753BR6,13,m_noise__ild_0__itd_500__targ_r__control_0
NDARVX753BR6,14,m_noise__ild_70n__itd_0__targ_l__control_0
NDARVX753BR6,15,m_noise__ild_10__itd_0__targ_l__control_0
NDARVX753BR6,16,m_speech__ild_10__itd_0__targ_r__control_0
NDARVX753BR6,17,m_noise__ild_10__itd_0__targ_r__control_0
NDARVX753BR6,18,m_speech__ild_0__itd_50__targ_r__control_0
NDARVX753BR6,19,m_speech__ild_0__itd_500__targ_r__control_1
NDARVX753BR6,20,m_noise__ild_70n__itd_0__targ_r__control_0
NDARVX753BR6,21,m_noise__ild_0__itd_500__targ_l__control_1
NDARVX753BR6,22,m_noise__ild_0__itd_500__targ_l__control_0
NDARVX753BR6,23,m_speech__ild_70n__itd_0__targ_l__control_0
NDARVX753BR6,1,Inhale
NDARVX753BR6,2,Exhale
NDARVX753BR6,3,Hold_Breath
NDARVX753BR6,4,m_speech__ild_0__itd_500__targ_r__control_0
NDARVX753BR6,5,m_noise__ild_0__itd_50__targ_l__control_0
NDARVX753BR6,6,m_noise__ild_0__itd_50__targ_r__control_0
NDARVX753BR6,7,m_speech__ild_70n__itd_0__targ_r__control_0
NDARVX753BR6,8,m_speech__ild_0__itd_50__targ_l__control_0
NDARVX753BR6,9,m_speech__ild_10__itd_0__targ_l__control_0
NDARVX753BR6,10,m_speech__ild_0__itd_500__targ_l__control_0
NDARVX753BR6,11,m_speech__ild_0__itd_500__targ_l__control_1
NDARVX753BR6,12,m_noise__ild_0__itd_500__targ_r__control_1
NDARVX753BR6,13,m_noise__ild_0__itd_500__targ_r__control_0
NDARVX753BR6,14,m_noise__ild_70n__itd_0__targ_l__control_0
NDARVX753BR6,15,m_noise__ild_10__itd_0__targ_l__control_0
NDARVX753BR6,16,m_speech__ild_10__itd_0__targ_r__control_0
NDARVX753BR6,17,m_noise__ild_10__itd_0__targ_r__control_0
NDARVX753BR6,18,m_speech__ild_0__itd_50__targ_r__control_0
NDARVX753BR6,19,m_speech__ild_0__itd_500__targ_r__control_1
NDARVX753BR6,20,m_noise__ild_70n__itd_0__targ_r__control_0
NDARVX753BR6,21,m_noise__ild_0__itd_500__targ_l__control_1
NDARVX753BR6,22,m_noise__ild_0__itd_500__targ_l__control_0
NDARVX753BR6,23,m_speech__ild_70n__itd_0__targ_l__control_0
NDARVX753BR6,4,m_speech__ild_0__itd_500__targ_r__control_0
NDARVX753BR6,5,m_noise__ild_0__itd_50__targ_l__control_0
NDARVX753BR6,6,m_noise__ild_0__itd_50__targ_r__control_0
NDARVX753BR6,7,m_speech__ild_70n__itd_0__targ_r__control_0
NDARVX753BR6,8,m_speech__ild_0__itd_50__targ_l__control_0
NDARVX753BR6,9,m_speech__ild_10__itd_0__targ_l__control_0
NDARVX753BR6,10,m_speech__ild_0__itd_500__targ_l__control_0
NDARVX753BR6,11,m_speech__ild_0__itd_500__targ_l__control_1
NDARVX753BR6,12,m_noise__ild_0__itd_500__targ_r__control_1
NDARVX753BR6,13,m_noise__ild_0__itd_500__targ_r__control_0
NDARVX753BR6,14,m_noise__ild_70n__itd_0__targ_l__control_0
NDARVX753BR6,15,m_noise__ild_10__itd_0__targ_l__control_0
NDARVX753BR6,16,m_speech__ild_10__itd_0__targ_r__control_0
NDARVX753BR6,17,m_noise__ild_10__itd_0__targ_r__control_0
NDARVX753BR6,18,m_speech__ild_0__itd_50__targ_r__control_0
NDARVX753BR6,19,m_speech__ild_0__itd_500__targ_r__control_1
NDARVX753BR6,20,m_noise__ild_70n__itd_0__targ_r__control_0
NDARVX753BR6,21,m_noise__ild_0__itd_500__targ_l__control_1
NDARVX753BR6,22,m_noise__ild_0__itd_500__targ_l__control_0
NDARVX753BR6,23,m_speech__ild_70n__itd_0__targ_l__control_0
NDARVX753BR6,1,Inhale
NDARVX753BR6,2,Exhale
NDARVX753BR6,3,Hold_Breath
NDARVX753BR6,4,m_speech__ild_0__itd_500__targ_r__control_0
NDARVX753BR6,5,m_noise__ild_0__itd_50__targ_l__control_0
NDARVX753BR6,6,m_noise__ild_0__itd_50__targ_r__control_0
NDARVX753BR6,7,m_speech__ild_70n__itd_0__targ_r__control_0
NDARVX753BR6,8,m_speech__ild_0__itd_50__targ_l__control_0
NDARVX753BR6,9,m_speech__ild_10__itd_0__targ_l__control_0
NDARVX753BR6,10,m_speech__ild_0__itd_500__targ_l__control_0
NDARVX753BR6,11,m_speech__ild_0__itd_500__targ_l__control_1
NDARVX753BR6,12,m_noise__ild_0__itd_500__targ_r__control_1
NDARVX753BR6,13,m_noise__ild_0__itd_500__targ_r__control_0
NDARVX753BR6,14,m_noise__ild_70n__itd_0__targ_l__control_0
NDARVX753BR6,15,m_noise__ild_10__itd_0__targ_l__control_0
NDARVX753BR6,16,m_speech__ild_10__itd_0__targ_r__control_0
NDARVX753BR6,17,m_noise__ild_10__itd_0__targ_r__control_0
NDARVX753BR6,18,m_speech__ild_0__itd_50__targ_r__control_0
NDARVX753BR6,19,m_speech__ild_0__itd_500__targ_r__control_1
NDARVX753BR6,20,m_noise__ild_70n__itd_0__targ_r__control_0
NDARVX753BR6,21,m_noise__ild_0__itd_500__targ_l__control_1
NDARVX753BR6,22,m_noise__ild_0__itd_500__targ_l__control_0
NDARVX753BR6,23,m_speech__ild_70n__itd_0__targ_l__control_0
503,4,m_speech__ild_0__itd_500__targ_r__control_0
503,5,m_noise__ild_0__itd_50__targ_l__control_0
503,6,m_noise__ild_0__itd_50__targ_r
503,7,m_speech__ild_0__itd_500__targ_r
503,8,m_noise__ild_0__itd_50__targ_r__control_0
503,9,m_speech__ild_10__itd_0__targ_l
503,10,m_speech__ild_0__itd_50__targ_r
503,11,m_noise__ild_0__itd_500__targ_r
503,12,m_speech__ild_0__itd_50__targ_l__control_0
503,13,m_speech__ild_10__itd_0__targ_l__control_0
503,14,m_speech__ild_0__itd_50__targ_l
503,15,m_noise__ild_0__itd_500__targ_l
503,16,m_speech__ild_0__itd_500__targ_l__control_0
503,17,m_speech__ild_0__itd_500__targ_l
503,18,m_speech__ild_0__itd_500__targ_l__control_1
503,19,m_noise__ild_0__itd_500__targ_r__control_1
503,20,m_noise__ild_0__itd_500__targ_r__control_0
503,21,m_noise__ild_10__itd_0__targ_l__control_0
503,22,m_speech__ild_10__itd_0__targ_r__control_0
503,23,m_noise__ild_10__itd_0__targ_r__control_0
503,24,m_speech__ild_0__itd_50__targ_r__control_0
503,25,m_speech__ild_10__itd_0__targ_r
503,26,m_speech__ild_0__itd_500__targ_r__control_1
503,27,m_noise__ild_0__itd_500__targ_l__control_1
503,28,m_noise__ild_10__itd_0__targ_l
503,29,m_noise__ild_10__itd_0__targ_r
503,30,m_noise__ild_0__itd_50__targ_l
503,31,m_noise__ild_0__itd_500__targ_l__control_0
503,1,Inhale
503,2,Exhale
503,3,Hold_Breath
503,4,m_speech__ild_0__itd_500__targ_r__control_0
503,5,m_noise__ild_0__itd_50__targ_l__control_0
503,6,m_noise__ild_0__itd_50__targ_r
503,7,m_speech__ild_0__itd_500__targ_r
503,8,m_noise__ild_0__itd_50__targ_r__control_0
503,9,m_speech__ild_10__itd_0__targ_l
503,10,m_speech__ild_0__itd_50__targ_r
503,11,m_noise__ild_0__itd_500__targ_r
503,12,m_speech__ild_0__itd_50__targ_l__control_0
503,13,m_speech__ild_10__itd_0__targ_l__control_0
503,14,m_speech__ild_0__itd_50__targ_l
503,15,m_noise__ild_0__itd_500__targ_l
503,16,m_speech__ild_0__itd_500__targ_l__control_0
503,17,m_speech__ild_0__itd_500__targ_l
503,18,m_speech__ild_0__itd_500__targ_l__control_1
503,19,m_noise__ild_0__itd_500__targ_r__control_1
503,20,m_noise__ild_0__itd_500__targ_r__control_0
503,21,m_noise__ild_10__itd_0__targ_l__control_0
503,22,m_speech__ild_10__itd_0__targ_r__control_0
503,23,m_noise__ild_10__itd_0__targ_r__control_0
503,24,m_speech__ild_0__itd_50__targ_r__control_0
503,25,m_speech__ild_10__itd_0__targ_r
503,26,m_speech__ild_0__itd_500__targ_r__control_1
503,27,m_noise__ild_0__itd_500__targ_l__control_1
503,28,m_noise__ild_10__itd_0__targ_l
503,29,m_noise__ild_10__itd_0__targ_r
503,30,m_noise__ild_0__itd_50__targ_l
503,31,m_noise__ild_0__itd_500__targ_l__control_0
503,4,m_speech__ild_0__itd_500__targ_r__control_0
503,5,m_noise__ild_0__itd_50__targ_l__control_0
503,6,m_noise__ild_0__itd_50__targ_r
503,7,m_speech__ild_0__itd_500__targ_r
503,8,m_noise__ild_0__itd_50__targ_r__control_0
503,9,m_speech__ild_10__itd_0__targ_l
503,10,m_speech__ild_0__itd_50__targ_r
503,11,m_noise__ild_0__itd_500__targ_r
503,12,m_speech__ild_0__itd_50__targ_l__control_0
503,13,m_speech__ild_10__itd_0__targ_l__control_0
503,14,m_speech__ild_0__itd_50__targ_l
503,15,m_noise__ild_0__itd_500__targ_l
503,16,m_speech__ild_0__itd_500__targ_l__control_0
503,17,m_speech__ild_0__itd_500__targ_l
503,18,m_speech__ild_0__itd_500__targ_l__control_1
503,19,m_noise__ild_0__itd_500__targ_r__control_1
503,20,m_noise__ild_0__itd_500__targ_r__control_0
503,21,m_noise__ild_10__itd_0__targ_l__control_0
503,22,m_speech__ild_10__itd_0__targ_r__control_0
503,23,m_noise__ild_10__itd_0__targ_r__control_0
503,24,m_speech__ild_0__itd_50__targ_r__control_0
503,25,m_speech__ild_10__itd_0__targ_r
503,26,m_speech__ild_0__itd_500__targ_r__control_1
503,27,m_noise__ild_0__itd_500__targ_l__control_1
503,28,m_noise__ild_10__itd_0__targ_l
503,29,m_noise__ild_10__itd_0__targ_r
503,30,m_noise__ild_0__itd_50__targ_l
503,31,m_noise__ild_0__itd_500__targ_l__control_0
503,1,Inhale
503,2,Exhale
503,3,Hold_Breath
503,4,m_speech__ild_0__itd_500__targ_r__control_0
503,5,m_noise__ild_0__itd_50__targ_l__control_0
503,6,m_noise__ild_0__itd_50__targ_r
503,7,m_speech__ild_0__itd_500__targ_r
503,8,m_noise__ild_0__itd_50__targ_r__control_0
503,9,m_speech__ild_10__itd_0__targ_l
503,10,m_speech__ild_0__itd_50__targ_r
503,11,m_noise__ild_0__itd_500__targ_r
503,12,m_speech__ild_0__itd_50__targ_l__control_0
503,13,m_speech__ild_10__itd_0__targ_l__control_0
503,14,m_speech__ild_0__itd_50__targ_l
503,15,m_noise__ild_0__itd_500__targ_l
503,16,m_speech__ild_0__itd_500__targ_l__control_0
503,17,m_speech__ild_0__itd_500__targ_l
503,18,m_speech__ild_0__itd_500__targ_l__control_1
503,19,m_noise__ild_0__itd_500__targ_r__control_1
503,20,m_noise__ild_0__itd_500__targ_r__control_0
503,21,m_noise__ild_10__itd_0__targ_l__control_0
503,22,m_speech__ild_10__itd_0__targ_r__control_0
503,23,m_noise__ild_10__itd_0__targ_r__control_0
503,24,m_speech__ild_0__itd_50__targ_r__control_0
503,25,m_speech__ild_10__itd_0__targ_r
503,26,m_speech__ild_0__itd_500__targ_r__control_1
503,27,m_noise__ild_0__itd_500__targ_l__control_1
503,28,m_noise__ild_10__itd_0__targ_l
503,29,m_noise__ild_10__itd_0__targ_r
503,30,m_noise__ild_0__itd_50__targ_l
503,31,m_noise__ild_0__itd_500__targ_l__control_0
NDARZD647HJ1,4,m_speech__ild_0__itd_500__targ_r__control_0
NDARZD647HJ1,5,m_noise__ild_0__itd_50__targ_l__control_0
NDARZD647HJ1,6,m_noise__ild_0__itd_50__targ_r__control_0
NDARZD647HJ1,7,m_speech__ild_70n__itd_0__targ_r__control_0
NDARZD647HJ1,8,m_speech__ild_0__itd_50__targ_l__control_0
NDARZD647HJ1,9,m_speech__ild_10__itd_0__targ_l__control_0
NDARZD647HJ1,10,m_speech__ild_0__itd_500__targ_l__control_0
NDARZD647HJ1,11,m_speech__ild_0__itd_500__targ_l__control_1
NDARZD647HJ1,12,m_noise__ild_0__itd_500__targ_r__control_1
NDARZD647HJ1,13,m_noise__ild_0__itd_500__targ_r__control_0
NDARZD647HJ1,14,m_noise__ild_70n__itd_0__targ_l__control_0
NDARZD647HJ1,15,m_noise__ild_10__itd_0__targ_l__control_0
NDARZD647HJ1,16,m_speech__ild_10__itd_0__targ_r__control_0
NDARZD647HJ1,17,m_noise__ild_10__itd_0__targ_r__control_0
NDARZD647HJ1,18,m_speech__ild_0__itd_50__targ_r__control_0
NDARZD647HJ1,19,m_speech__ild_0__itd_500__targ_r__control_1
NDARZD647HJ1,20,m_noise__ild_70n__itd_0__targ_r__control_0
NDARZD647HJ1,21,m_noise__ild_0__itd_500__targ_l__control_1
NDARZD647HJ1,22,m_noise__ild_0__itd_500__targ_l__control_0
NDARZD647HJ1,23,m_speech__ild_70n__itd_0__targ_l__control_0
NDARZD647HJ1,1,Inhale
NDARZD647HJ1,2,Exhale
NDARZD647HJ1,3,Hold_Breath
NDARZD647HJ1,4,m_speech__ild_0__itd_500__targ_r__control_0
NDARZD647HJ1,5,m_noise__ild_0__itd_50__targ_l__control_0
NDARZD647HJ1,6,m_noise__ild_0__itd_50__targ_r__control_0
NDARZD647HJ1,7,m_speech__ild_70n__itd_0__targ_r__control_0
NDARZD647HJ1,8,m_speech__ild_0__itd_50__targ_l__control_0
NDARZD647HJ1,9,m_speech__ild_10__itd_0__targ_l__control_0
NDARZD647HJ1,10,m_speech__ild_0__itd_500__targ_l__control_0
NDARZD647HJ1,11,m_speech__ild_0__itd_500__targ_l__control_1
NDARZD647HJ1,12,m_noise__ild_0__itd_500__targ_r__control_1
NDARZD647HJ1,13,m_noise__ild_0__itd_500__targ_r__control_0
NDARZD647HJ1,14,m_noise__ild_70n__itd_0__targ_l__control_0
NDARZD647HJ1,15,m_noise__ild_10__itd_0__targ_l__control_0
NDARZD647HJ1,16,m_speech__ild_10__itd_0__targ_r__control_0
NDARZD647HJ1,17,m_noise__ild_10__itd_0__targ_r__control_0
NDARZD647HJ1,18,m_speech__ild_0__itd_50__targ_r__control_0
NDARZD647HJ1,19,m_speech__ild_0__itd_500__targ_r__control_1
NDARZD647HJ1,20,m_noise__ild_70n__itd_0__targ_r__control_0
NDARZD647HJ1,21,m_noise__ild_0__itd_500__targ_l__control_1
NDARZD647HJ1,22,m_noise__ild_0__itd_500__targ_l__control_0
NDARZD647HJ1,23,m_speech__ild_70n__itd_0__targ_l__control_0
NDARBL382XK5,4,m_speech__ild_0__itd_500__targ_r__control_0
NDARBL382XK5,5,m_noise__ild_0__itd_50__targ_l__control_0
NDARBL382XK5,6,m_noise__ild_0__itd_50__targ_r__control_0
NDARBL382XK5,7,m_speech__ild_70n__itd_0__targ_r__control_0
NDARBL382XK5,8,m_speech__ild_0__itd_50__targ_l__control_0
NDARBL382XK5,9,m_speech__ild_10__itd_0__targ_l__control_0
NDARBL382XK5,10,m_speech__ild_0__itd_500__targ_l__control_0
NDARBL382XK5,11,m_speech__ild_0__itd_500__targ_l__control_1
NDARBL382XK5,12,m_noise__ild_0__itd_500__targ_r__control_1
NDARBL382XK5,13,m_noise__ild_0__itd_500__targ_r__control_0
NDARBL382XK5,14,m_noise__ild_70n__itd_0__targ_l__control_0
NDARBL382XK5,15,m_noise__ild_10__itd_0__targ_l__control_0
NDARBL382XK5,16,m_speech__ild_10__itd_0__targ_r__control_0
NDARBL382XK5,17,m_noise__ild_10__itd_0__targ_r__control_0
NDARBL382XK5,18,m_speech__ild_0__itd_50__targ_r__control_0
NDARBL382XK5,19,m_speech__ild_0__itd_500__targ_r__control_1
NDARBL382XK5,20,m_noise__ild_70n__itd_0__targ_r__control_0
NDARBL382XK5,21,m_noise__ild_0__itd_500__targ_l__control_1
NDARBL382XK5,22,m_noise__ild_0__itd_500__targ_l__control_0
NDARBL382XK5,23,m_speech__ild_70n__itd_0__targ_l__control_0
NDARBL382XK5,1,Inhale
NDARBL382XK5,2,Exhale
NDARBL382XK5,3,Hold_Breath
NDARBL382XK5,4,m_speech__ild_0__itd_500__targ_r__control_0
NDARBL382XK5,5,m_noise__ild_0__itd_50__targ_l__control_0
NDARBL382XK5,6,m_noise__ild_0__itd_50__targ_r__control_0
NDARBL382XK5,7,m_speech__ild_70n__itd_0__targ_r__control_0
NDARBL382XK5,8,m_speech__ild_0__itd_50__targ_l__control_0
NDARBL382XK5,9,m_speech__ild_10__itd_0__targ_l__control_0
NDARBL382XK5,10,m_speech__ild_0__itd_500__targ_l__control_0
NDARBL382XK5,11,m_speech__ild_0__itd_500__targ_l__control_1
NDARBL382XK5,12,m_noise__ild_0__itd_500__targ_r__control_1
NDARBL382XK5,13,m_noise__ild_0__itd_500__targ_r__control_0
NDARBL382XK5,14,m_noise__ild_70n__itd_0__targ_l__control_0
NDARBL382XK5,15,m_noise__ild_10__itd_0__targ_l__control_0
NDARBL382XK5,16,m_speech__ild_10__itd_0__targ_r__control_0
NDARBL382XK5,17,m_noise__ild_10__itd_0__targ_r__control_0
NDARBL382XK5,18,m_speech__ild_0__itd_50__targ_r__control_0
NDARBL382XK5,19,m_speech__ild_0__itd_500__targ_r__control_1
NDARBL382XK5,20,m_noise__ild_70n__itd_0__targ_r__control_0
NDARBL382XK5,21,m_noise__ild_0__itd_500__targ_l__control_1
NDARBL382XK5,22,m_noise__ild_0__itd_500__targ_l__control_0
NDARBL382XK5,23,m_speech__ild_70n__itd_0__targ_l__control_0
NDARGF569BF3,4,m_speech__ild_0__itd_500__targ_r__control_0
NDARGF569BF3,5,m_noise__ild_0__itd_50__targ_l__control_0
NDARGF569BF3,6,m_noise__ild_0__itd_50__targ_r__control_0
NDARGF569BF3,7,m_speech__ild_70n__itd_0__targ_r__control_0
NDARGF569BF3,8,m_speech__ild_0__itd_50__targ_l__control_0
NDARGF569BF3,9,m_speech__ild_10__itd_0__targ_l__control_0
NDARGF569BF3,10,m_speech__ild_0__itd_500__targ_l__control_0
NDARGF569BF3,11,m_speech__ild_0__itd_500__targ_l__control_1
NDARGF569BF3,12,m_noise__ild_0__itd_500__targ_r__control_1
NDARGF569BF3,13,m_noise__ild_0__itd_500__targ_r__control_0
NDARGF569BF3,14,m_noise__ild_70n__itd_0__targ_l__control_0
NDARGF569BF3,15,m_noise__ild_10__itd_0__targ_l__control_0
NDARGF569BF3,16,m_speech__ild_10__itd_0__targ_r__control_0
NDARGF569BF3,17,m_noise__ild_10__itd_0__targ_r__control_0
NDARGF569BF3,18,m_speech__ild_0__itd_50__targ_r__control_0
NDARGF569BF3,19,m_speech__ild_0__itd_500__targ_r__control_1
NDARGF569BF3,20,m_noise__ild_70n__itd_0__targ_r__control_0
NDARGF569BF3,21,m_noise__ild_0__itd_500__targ_l__control_1
NDARGF569BF3,22,m_noise__ild_0__itd_500__targ_l__control_0
NDARGF569BF3,23,m_speech__ild_70n__itd_0__targ_l__control_0
NDARGF569BF3,1,Inhale
NDARGF569BF3,2,Exhale
NDARGF569BF3,3,Hold_Breath
NDARGF569BF3,4,m_speech__ild_0__itd_500__targ_r__control_0
NDARGF569BF3,5,m_noise__ild_0__itd_50__targ_l__control_0
NDARGF569BF3,6,m_noise__ild_0__itd_50__targ_r__control_0
NDARGF569BF3,7,m_speech__ild_70n__itd_0__targ_r__control_0
NDARGF569BF3,8,m_speech__ild_0__itd_50__targ_l__control_0
NDARGF569BF3,9,m_speech__ild_10__itd_0__targ_l__control_0
NDARGF569BF3,10,m_speech__ild_0__itd_500__targ_l__control_0
NDARGF569BF3,11,m_speech__ild_0__itd_500__targ_l__control_1
NDARGF569BF3,12,m_noise__ild_0__itd_500__targ_r__control_1
NDARGF569BF3,13,m_noise__ild_0__itd_500__targ_r__control_0
NDARGF569BF3,14,m_noise__ild_70n__itd_0__targ_l__control_0
NDARGF569BF3,15,m_noise__ild_10__itd_0__targ_l__control_0
NDARGF569BF3,16,m_speech__ild_10__itd_0__targ_r__control_0
NDARGF569BF3,17,m_noise__ild_10__itd_0__targ_r__control_0
NDARGF569BF3,18,m_speech__ild_0__itd_50__targ_r__control_0
NDARGF569BF3,19,m_speech__ild_0__itd_500__targ_r__control_1
NDARGF569BF3,20,m_noise__ild_70n__itd_0__targ_r__control_0
NDARGF569BF3,21,m_noise__ild_0__itd_500__targ_l__control_1
NDARGF569BF3,22,m_noise__ild_0__itd_500__targ_l__control_0
NDARGF569BF3,23,m_speech__ild_70n__itd_0__targ_l__control_0
NDARLY273GH8,4,m_speech__ild_0__itd_500__targ_r__control_0
NDARLY273GH8,5,m_noise__ild_0__itd_50__targ_l__control_0
NDARLY273GH8,6,m_noise__ild_0__itd_50__targ_r__control_0
NDARLY273GH8,7,m_speech__ild_70n__itd_0__targ_r__control_0
NDARLY273GH8,8,m_speech__ild_0__itd_50__targ_l__control_0
NDARLY273GH8,9,m_speech__ild_10__itd_0__targ_l__control_0
NDARLY273GH8,10,m_speech__ild_0__itd_500__targ_l__control_0
NDARLY273GH8,11,m_speech__ild_0__itd_500__targ_l__control_1
NDARLY273GH8,12,m_noise__ild_0__itd_500__targ_r__control_1
NDARLY273GH8,13,m_noise__ild_0__itd_500__targ_r__control_0
NDARLY273GH8,14,m_noise__ild_70n__itd_0__targ_l__control_0
NDARLY273GH8,15,m_noise__ild_10__itd_0__targ_l__control_0
NDARLY273GH8,16,m_speech__ild_10__itd_0__targ_r__control_0
NDARLY273GH8,17,m_noise__ild_10__itd_0__targ_r__control_0
NDARLY273GH8,18,m_speech__ild_0__itd_50__targ_r__control_0
NDARLY273GH8,19,m_speech__ild_0__itd_500__targ_r__control_1
NDARLY273GH8,20,m_noise__ild_70n__itd_0__targ_r__control_0
NDARLY273GH8,21,m_noise__ild_0__itd_500__targ_l__control_1
NDARLY273GH8,22,m_noise__ild_0__itd_500__targ_l__control_0
NDARLY273GH8,23,m_speech__ild_70n__itd_0__targ_l__control_0
NDARLY273GH8,1,Inhale
NDARLY273GH8,2,Exhale
NDARLY273GH8,3,Hold_Breath
NDARLY273GH8,4,m_speech__ild_0__itd_500__targ_r__control_0
NDARLY273GH8,5,m_noise__ild_0__itd_50__targ_l__control_0
NDARLY273GH8,6,m_noise__ild_0__itd_50__targ_r__control_0
NDARLY273GH8,7,m_speech__ild_70n__itd_0__targ_r__control_0
NDARLY273GH8,8,m_speech__ild_0__itd_50__targ_l__control_0
NDARLY273GH8,9,m_speech__ild_10__itd_0__targ_l__control_0
NDARLY273GH8,10,m_speech__ild_0__itd_500__targ_l__control_0
NDARLY273GH8,11,m_speech__ild_0__itd_500__targ_l__control_1
NDARLY273GH8,12,m_noise__ild_0__itd_500__targ_r__control_1
NDARLY273GH8,13,m_noise__ild_0__itd_500__targ_r__control_0
NDARLY273GH8,14,m_noise__ild_70n__itd_0__targ_l__control_0
NDARLY273GH8,15,m_noise__ild_10__itd_0__targ_l__control_0
NDARLY273GH8,16,m_speech__ild_10__itd_0__targ_r__control_0
NDARLY273GH8,17,m_noise__ild_10__itd_0__targ_r__control_0
NDARLY273GH8,18,m_speech__ild_0__itd_50__targ_r__control_0
NDARLY273GH8,19,m_speech__ild_0__itd_500__targ_r__control_1
NDARLY273GH8,20,m_noise__ild_70n__itd_0__targ_r__control_0
NDARLY273GH8,21,m_noise__ild_0__itd_500__targ_l__control_1
NDARLY273GH8,22,m_noise__ild_0__itd_500__targ_l__control_0
NDARLY273GH8,23,m_speech__ild_70n__itd_0__targ_l__control_0
NDARLY273GH8,4,m_speech__ild_0__itd_500__targ_r__control_0
NDARLY273GH8,5,m_noise__ild_0__itd_50__targ_l__control_0
NDARLY273GH8,6,m_noise__ild_0__itd_50__targ_r__control_0
NDARLY273GH8,7,m_speech__ild_70n__itd_0__targ_r__control_0
NDARLY273GH8,8,m_speech__ild_0__itd_50__targ_l__control_0
NDARLY273GH8,9,m_speech__ild_10__itd_0__targ_l__control_0
NDARLY273GH8,10,m_speech__ild_0__itd_500__targ_l__control_0
NDARLY273GH8,11,m_speech__ild_0__itd_500__targ_l__control_1
NDARLY273GH8,12,m_noise__ild_0__itd_500__targ_r__control_1
NDARLY273GH8,13,m_noise__ild_0__itd_500__targ_r__control_0
NDARLY273GH8,14,m_noise__ild_70n__itd_0__targ_l__control_0
NDARLY273GH8,15,m_noise__ild_10__itd_0__targ_l__control_0
NDARLY273GH8,16,m_speech__ild_10__itd_0__targ_r__control_0
NDARLY273GH8,17,m_noise__ild_10__itd_0__targ_r__control_0
NDARLY273GH8,18,m_speech__ild_0__itd_50__targ_r__control_0
NDARLY273GH8,19,m_speech__ild_0__itd_500__targ_r__control_1
NDARLY273GH8,20,m_noise__ild_70n__itd_0__targ_r__control_0
NDARLY273GH8,21,m_noise__ild_0__itd_500__targ_l__control_1
NDARLY273GH8,22,m_noise__ild_0__itd_500__targ_l__control_0
NDARLY273GH8,23,m_speech__ild_70n__itd_0__targ_l__control_0
NDARLY273GH8,1,Inhale
NDARLY273GH8,2,Exhale
NDARLY273GH8,3,Hold_Breath
NDARLY273GH8,4,m_speech__ild_0__itd_500__targ_r__control_0
NDARLY273GH8,5,m_noise__ild_0__itd_50__targ_l__control_0
NDARLY273GH8,6,m_noise__ild_0__itd_50__targ_r__control_0
NDARLY273GH8,7,m_speech__ild_70n__itd_0__targ_r__control_0
NDARLY273GH8,8,m_speech__ild_0__itd_50__targ_l__control_0
NDARLY273GH8,9,m_speech__ild_10__itd_0__targ_l__control_0
NDARLY273GH8,10,m_speech__ild_0__itd_500__targ_l__control_0
NDARLY273GH8,11,m_speech__ild_0__itd_500__targ_l__control_1
NDARLY273GH8,12,m_noise__ild_0__itd_500__targ_r__control_1
NDARLY273GH8,13,m_noise__ild_0__itd_500__targ_r__control_0
NDARLY273GH8,14,m_noise__ild_70n__itd_0__targ_l__control_0
NDARLY273GH8,15,m_noise__ild_10__itd_0__targ_l__control_0
NDARLY273GH8,16,m_speech__ild_10__itd_0__targ_r__control_0
NDARLY273GH8,17,m_noise__ild_10__itd_0__targ_r__control_0
NDARLY273GH8,18,m_speech__ild_0__itd_50__targ_r__control_0
NDARLY273GH8,19,m_speech__ild_0__itd_500__targ_r__control_1
NDARLY273GH8,20,m_noise__ild_70n__itd_0__targ_r__control_0
NDARLY273GH8,21,m_noise__ild_0__itd_500__targ_l__control_1
NDARLY273GH8,22,m_noise__ild_0__itd_500__targ_l__control_0
NDARLY273GH8,23,m_speech__ild_70n__itd_0__targ_l__control_0
NDARGZ582LX7,4,m_speech__ild_0__itd_500__targ_r__control_0
NDARGZ582LX7,5,m_noise__ild_0__itd_50__targ_l__control_0
NDARGZ582LX7,6,m_noise__ild_0__itd_50__targ_r__control_0
NDARGZ582LX7,7,m_speech__ild_70n__itd_0__targ_r__control_0
NDARGZ582LX7,8,m_speech__ild_0__itd_50__targ_l__control_0
NDARGZ582LX7,9,m_speech__ild_10__itd_0__targ_l__control_0
NDARGZ582LX7,10,m_speech__ild_0__itd_500__targ_l__control_0
NDARGZ582LX7,11,m_speech__ild_0__itd_500__targ_l__control_1
NDARGZ582LX7,12,m_noise__ild_0__itd_500__targ_r__control_1
NDARGZ582LX7,13,m_noise__ild_0__itd_500__targ_r__control_0
NDARGZ582LX7,14,m_noise__ild_70n__itd_0__targ_l__control_0
NDARGZ582LX7,15,m_noise__ild_10__itd_0__targ_l__control_0
NDARGZ582LX7,16,m_speech__ild_10__itd_0__targ_r__control_0
NDARGZ582LX7,17,m_noise__ild_10__itd_0__targ_r__control_0
NDARGZ582LX7,18,m_speech__ild_0__itd_50__targ_r__control_0
NDARGZ582LX7,19,m_speech__ild_0__itd_500__targ_r__control_1
NDARGZ582LX7,20,m_noise__ild_70n__itd_0__targ_r__control_0
NDARGZ582LX7,21,m_noise__ild_0__itd_500__targ_l__control_1
NDARGZ582LX7,22,m_noise__ild_0__itd_500__targ_l__control_0
NDARGZ582LX7,23,m_speech__ild_70n__itd_0__targ_l__control_0
NDARGZ582LX7,1,Inhale
NDARGZ582LX7,2,Exhale
NDARGZ582LX7,3,Hold_Breath
NDARGZ582LX7,4,m_speech__ild_0__itd_500__targ_r__control_0
NDARGZ582LX7,5,m_noise__ild_0__itd_50__targ_l__control_0
NDARGZ582LX7,6,m_noise__ild_0__itd_50__targ_r__control_0
NDARGZ582LX7,7,m_speech__ild_70n__itd_0__targ_r__control_0
NDARGZ582LX7,8,m_speech__ild_0__itd_50__targ_l__control_0
NDARGZ582LX7,9,m_speech__ild_10__itd_0__targ_l__control_0
NDARGZ582LX7,10,m_speech__ild_0__itd_500__targ_l__control_0
NDARGZ582LX7,11,m_speech__ild_0__itd_500__targ_l__control_1
NDARGZ582LX7,12,m_noise__ild_0__itd_500__targ_r__control_1
NDARGZ582LX7,13,m_noise__ild_0__itd_500__targ_r__control_0
NDARGZ582LX7,14,m_noise__ild_70n__itd_0__targ_l__control_0
NDARGZ582LX7,15,m_noise__ild_10__itd_0__targ_l__control_0
NDARGZ582LX7,16,m_speech__ild_10__itd_0__targ_r__control_0
NDARGZ582LX7,17,m_noise__ild_10__itd_0__targ_r__control_0
NDARGZ582LX7,18,m_speech__ild_0__itd_50__targ_r__control_0
NDARGZ582LX7,19,m_speech__ild_0__itd_500__targ_r__control_1
NDARGZ582LX7,20,m_noise__ild_70n__itd_0__targ_r__control_0
NDARGZ582LX7,21,m_noise__ild_0__itd_500__targ_l__control_1
NDARGZ582LX7,22,m_noise__ild_0__itd_500__targ_l__control_0
NDARGZ582LX7,23,m_speech__ild_70n__itd_0__targ_l__control_0
500,4,m_speech__ild_0__itd_500__targ_r__control_0
500,5,m_noise__ild_0__itd_50__targ_l__control_0
500,6,m_noise__ild_0__itd_50__targ_r
500,7,m_speech__ild_0__itd_500__targ_r
500,8,m_noise__ild_0__itd_50__targ_r__control_0
500,9,m_speech__ild_10__itd_0__targ_l
500,10,m_speech__ild_0__itd_50__targ_r
500,11,m_noise__ild_0__itd_500__targ_r
500,12,m_speech__ild_70n__itd_0__targ_r__control_0
500,13,m_speech__ild_0__itd_50__targ_l__control_0
500,14,m_speech__ild_10__itd_0__targ_l__control_0
500,15,m_speech__ild_0__itd_50__targ_l
500,16,m_noise__ild_0__itd_500__targ_l
500,17,m_speech__ild_0__itd_500__targ_l__control_0
500,18,m_noise__ild_10__itd_0__side_r
500,19,m_speech__ild_0__itd_500__targ_l
500,20,m_speech__ild_0__itd_500__side_l
500,21,m_speech__ild_0__itd_500__targ_l__control_1
500,22,m_noise__ild_0__itd_500__targ_r__control_1
500,23,m_noise__ild_0__itd_500__targ_r__control_0
500,24,m_noise__ild_70n__itd_0__targ_l__control_0
500,25,m_noise__ild_10__itd_0__targ_l__control_0
500,26,m_speech__ild_10__itd_0__targ_r__control_0
500,27,m_noise__ild_10__itd_0__targ_r__control_0
500,28,m_speech__ild_0__itd_50__targ_r__control_0
500,29,m_speech__ild_10__itd_0__targ_r
500,30,m_speech__ild_0__itd_500__targ_r__control_1
500,31,m_noise__ild_70n__itd_0__targ_r__control_0
500,32,m_noise__ild_0__itd_500__targ_l__control_1
500,33,m_noise__ild_10__itd_0__targ_l
500,34,m_noise__ild_10__itd_0__targ_r
500,35,m_noise__ild_0__itd_50__targ_l
500,36,m_speech__ild_0__itd_50__side_l
500,37,m_noise__ild_0__itd_500__targ_l__control_0
500,38,m_speech__ild_70n__itd_0__targ_l__control_0
500,1,Inhale
500,2,Exhale
500,3,Hold_Breath
500,4,m_speech__ild_0__itd_500__targ_r__control_0
500,5,m_noise__ild_0__itd_50__targ_l__control_0
500,6,m_noise__ild_0__itd_50__targ_r
500,7,m_speech__ild_0__itd_500__targ_r
500,8,m_noise__ild_0__itd_50__targ_r__control_0
500,9,m_speech__ild_10__itd_0__targ_l
500,10,m_speech__ild_0__itd_50__targ_r
500,11,m_noise__ild_0__itd_500__targ_r
500,12,m_speech__ild_70n__itd_0__targ_r__control_0
500,13,m_speech__ild_0__itd_50__targ_l__control_0
500,14,m_speech__ild_10__itd_0__targ_l__control_0
500,15,m_speech__ild_0__itd_50__targ_l
500,16,m_noise__ild_0__itd_500__targ_l
500,17,m_speech__ild_0__itd_500__targ_l__control_0
500,18,m_noise__ild_10__itd_0__side_r
500,19,m_speech__ild_0__itd_500__targ_l
500,20,m_speech__ild_0__itd_500__side_l
500,21,m_speech__ild_0__itd_500__targ_l__control_1
500,22,m_noise__ild_0__itd_500__targ_r__control_1
500,23,m_noise__ild_0__itd_500__targ_r__control_0
500,24,m_noise__ild_70n__itd_0__targ_l__control_0
500,25,m_noise__ild_10__itd_0__targ_l__control_0
500,26,m_speech__ild_10__itd_0__targ_r__control_0
500,27,m_noise__ild_10__itd_0__targ_r__control_0
500,28,m_speech__ild_0__itd_50__targ_r__control_0
500,29,m_speech__ild_10__itd_0__targ_r
500,30,m_speech__ild_0__itd_500__targ_r__control_1
500,31,m_noise__ild_70n__itd_0__targ_r__control_0
500,32,m_noise__ild_0__itd_500__targ_l__control_1
500,33,m_noise__ild_10__itd_0__targ_l
500,34,m_noise__ild_10__itd_0__targ_r
500,35,m_noise__ild_0__itd_50__targ_l
500,36,m_speech__ild_0__itd_50__side_l
500,37,m_noise__ild_0__itd_500__targ_l__control_0
500,38,m_speech__ild_70n__itd_0__targ_l__control_0
500,4,m_speech__ild_0__itd_500__targ_r__control_0
500,5,m_noise__ild_0__itd_50__targ_l__control_0
500,6,m_noise__ild_0__itd_50__targ_r__control_0
500,7,m_speech__ild_70n__itd_0__targ_r__control_0
500,8,m_speech__ild_0__itd_50__targ_l__control_0
500,9,m_speech__ild_10__itd_0__targ_l__control_0
500,10,m_speech__ild_0__itd_500__targ_l__control_0
500,11,m_speech__ild_0__itd_500__targ_l__control_1
500,12,m_noise__ild_0__itd_500__targ_r__control_1
500,13,m_noise__ild_0__itd_500__targ_r__control_0
500,14,m_noise__ild_70n__itd_0__targ_l__control_0
500,15,m_noise__ild_10__itd_0__targ_l__control_0
500,16,m_speech__ild_10__itd_0__targ_r__control_0
500,17,m_noise__ild_10__itd_0__targ_r__control_0
500,18,m_speech__ild_0__itd_50__targ_r__control_0
500,19,m_speech__ild_0__itd_500__targ_r__control_1
500,20,m_noise__ild_70n__itd_0__targ_r__control_0
500,21,m_noise__ild_0__itd_500__targ_l__control_1
500,22,m_noise__ild_0__itd_500__targ_l__control_0
500,23,m_speech__ild_70n__itd_0__targ_l__control_0
500,1,Inhale
500,2,Exhale
500,3,Hold_Breath
500,4,m_speech__ild_0__itd_500__targ_r__control_0
500,5,m_noise__ild_0__itd_50__targ_l__control_0
500,6,m_noise__ild_0__itd_50__targ_r__control_0
500,7,m_speech__ild_70n__itd_0__targ_r__control_0
500,8,m_speech__ild_0__itd_50__targ_l__control_0
500,9,m_speech__ild_10__itd_0__targ_l__control_0
500,10,m_speech__ild_0__itd_500__targ_l__control_0
500,11,m_speech__ild_0__itd_500__targ_l__control_1
500,12,m_noise__ild_0__itd_500__targ_r__control_1
500,13,m_noise__ild_0__itd_500__targ_r__control_0
500,14,m_noise__ild_70n__itd_0__targ_l__control_0
500,15,m_noise__ild_10__itd_0__targ_l__control_0
500,16,m_speech__ild_10__itd_0__targ_r__control_0
500,17,m_noise__ild_10__itd_0__targ_r__control_0
500,18,m_speech__ild_0__itd_50__targ_r__control_0
500,19,m_speech__ild_0__itd_500__targ_r__control_1
500,20,m_noise__ild_70n__itd_0__targ_r__control_0
500,21,m_noise__ild_0__itd_500__targ_l__control_1
500,22,m_noise__ild_0__itd_500__targ_l__control_0
500,23,m_speech__ild_70n__itd_0__targ_l__control_0
NDARBA306US5,4,m_speech__ild_0__itd_500__targ_r__control_0
NDARBA306US5,5,m_noise__ild_0__itd_50__targ_l__control_0
NDARBA306US5,6,m_noise__ild_0__itd_50__targ_r__control_0
NDARBA306US5,7,m_speech__ild_70n__itd_0__targ_r__control_0
NDARBA306US5,8,m_speech__ild_0__itd_50__targ_l__control_0
NDARBA306US5,9,m_speech__ild_10__itd_0__targ_l__control_0
NDARBA306US5,10,m_speech__ild_0__itd_500__targ_l__control_0
NDARBA306US5,11,m_speech__ild_0__itd_500__targ_l__control_1
NDARBA306US5,12,m_noise__ild_0__itd_500__targ_r__control_1
NDARBA306US5,13,m_noise__ild_0__itd_500__targ_r__control_0
NDARBA306US5,14,m_noise__ild_70n__itd_0__targ_l__control_0
NDARBA306US5,15,m_noise__ild_10__itd_0__targ_l__control_0
NDARBA306US5,16,m_speech__ild_10__itd_0__targ_r__control_0
NDARBA306US5,17,m_noise__ild_10__itd_0__targ_r__control_0
NDARBA306US5,18,m_speech__ild_0__itd_50__targ_r__control_0
NDARBA306US5,19,m_speech__ild_0__itd_500__targ_r__control_1
NDARBA306US5,20,m_noise__ild_70n__itd_0__targ_r__control_0
NDARBA306US5,21,m_noise__ild_0__itd_500__targ_l__control_1
NDARBA306US5,22,m_noise__ild_0__itd_500__targ_l__control_0
NDARBA306US5,23,m_speech__ild_70n__itd_0__targ_l__control_0
NDARBA306US5,1,Inhale
NDARBA306US5,2,Exhale
NDARBA306US5,3,Hold_Breath
NDARBA306US5,4,m_speech__ild_0__itd_500__targ_r__control_0
NDARBA306US5,5,m_noise__ild_0__itd_50__targ_l__control_0
NDARBA306US5,6,m_noise__ild_0__itd_50__targ_r__control_0
NDARBA306US5,7,m_speech__ild_70n__itd_0__targ_r__control_0
NDARBA306US5,8,m_speech__ild_0__itd_50__targ_l__control_0
NDARBA306US5,9,m_speech__ild_10__itd_0__targ_l__control_0
NDARBA306US5,10,m_speech__ild_0__itd_500__targ_l__control_0
NDARBA306US5,11,m_speech__ild_0__itd_500__targ_l__control_1
NDARBA306US5,12,m_noise__ild_0__itd_500__targ_r__control_1
NDARBA306US5,13,m_noise__ild_0__itd_500__targ_r__control_0
NDARBA306US5,14,m_noise__ild_70n__itd_0__targ_l__control_0
NDARBA306US5,15,m_noise__ild_10__itd_0__targ_l__control_0
NDARBA306US5,16,m_speech__ild_10__itd_0__targ_r__control_0
NDARBA306US5,17,m_noise__ild_10__itd_0__targ_r__control_0
NDARBA306US5,18,m_speech__ild_0__itd_50__targ_r__control_0
NDARBA306US5,19,m_speech__ild_0__itd_500__targ_r__control_1
NDARBA306US5,20,m_noise__ild_70n__itd_0__targ_r__control_0
NDARBA306US5,21,m_noise__ild_0__itd_500__targ_l__control_1
NDARBA306US5,22,m_noise__ild_0__itd_500__targ_l__control_0
NDARBA306US5,23,m_speech__ild_70n__itd_0__targ_l__control_0
NDARBA306US5,4,m_speech__ild_0__itd_500__targ_r__control_0
NDARBA306US5,5,m_noise__ild_0__itd_50__targ_l__control_0
NDARBA306US5,6,m_noise__ild_0__itd_50__targ_r__control_0
NDARBA306US5,7,m_speech__ild_70n__itd_0__targ_r__control_0
NDARBA306US5,8,m_speech__ild_0__itd_50__targ_l__control_0
NDARBA306US5,9,m_speech__ild_10__itd_0__targ_l__control_0
NDARBA306US5,10,m_speech__ild_0__itd_500__targ_l__control_0
NDARBA306US5,11,m_speech__ild_0__itd_500__targ_l__control_1
NDARBA306US5,12,m_noise__ild_0__itd_500__targ_r__control_1
NDARBA306US5,13,m_noise__ild_0__itd_500__targ_r__control_0
NDARBA306US5,14,m_noise__ild_70n__itd_0__targ_l__control_0
NDARBA306US5,15,m_noise__ild_10__itd_0__targ_l__control_0
NDARBA306US5,16,m_speech__ild_10__itd_0__targ_r__control_0
NDARBA306US5,17,m_noise__ild_10__itd_0__targ_r__control_0
NDARBA306US5,18,m_speech__ild_0__itd_50__targ_r__control_0
NDARBA306US5,19,m_speech__ild_0__itd_500__targ_r__control_1
NDARBA306US5,20,m_noise__ild_70n__itd_0__targ_r__control_0
NDARBA306US5,21,m_noise__ild_0__itd_500__targ_l__control_1
NDARBA306US5,22,m_noise__ild_0__itd_500__targ_l__control_0
NDARBA306US5,23,m_speech__ild_70n__itd_0__targ_l__control_0
NDARBA306US5,1,Inhale
NDARBA306US5,2,Exhale
NDARBA306US5,3,Hold_Breath
NDARBA306US5,4,m_speech__ild_0__itd_500__targ_r__control_0
NDARBA306US5,5,m_noise__ild_0__itd_50__targ_l__control_0
NDARBA306US5,6,m_noise__ild_0__itd_50__targ_r__control_0
NDARBA306US5,7,m_speech__ild_70n__itd_0__targ_r__control_0
NDARBA306US5,8,m_speech__ild_0__itd_50__targ_l__control_0
NDARBA306US5,9,m_speech__ild_10__itd_0__targ_l__control_0
NDARBA306US5,10,m_speech__ild_0__itd_500__targ_l__control_0
NDARBA306US5,11,m_speech__ild_0__itd_500__targ_l__control_1
NDARBA306US5,12,m_noise__ild_0__itd_500__targ_r__control_1
NDARBA306US5,13,m_noise__ild_0__itd_500__targ_r__control_0
NDARBA306US5,14,m_noise__ild_70n__itd_0__targ_l__control_0
NDARBA306US5,15,m_noise__ild_10__itd_0__targ_l__control_0
NDARBA306US5,16,m_speech__ild_10__itd_0__targ_r__control_0
NDARBA306US5,17,m_noise__ild_10__itd_0__targ_r__control_0
NDARBA306US5,18,m_speech__ild_0__itd_50__targ_r__control_0
NDARBA306US5,19,m_speech__ild_0__itd_500__targ_r__control_1
NDARBA306US5,20,m_noise__ild_70n__itd_0__targ_r__control_0
NDARBA306US5,21,m_noise__ild_0__itd_500__targ_l__control_1
NDARBA306US5,22,m_noise__ild_0__itd_500__targ_l__control_0
NDARBA306US5,23,m_speech__ild_70n__itd_0__targ_l__control_0
