Condition,Run,Type,Word0,Time0,Word1,Time1,Word2,Time2,Word3,Time3,Word4,Time4,Word5,Time5,Word6,Time6,Word7,Time7,Word8,Time8,Word9,Time9,Word10,Time10,Word11,Time11,Word12,Time12,Word13,Time13,Word14,Time14,Word15,Time15,Word16,Time16,Word17,Time17
practice,0,Target,toy,1.109,glove,1.709,sock,2.309,red,3.0,blue,4.0,tables,4.109,desks,4.709,glove,5.0,desks,6.0,white,6.509,hat,7.109,glove,8.0,pen,8.309,glove,8.909,pen,9.509,sock,10.0,sock,11.0,toy,11.309
practice,0,Masker,none,1.259,none,1.859,none,2.459,none,2.909,none,3.509,none,4.259,none,4.859,none,5.309,none,5.909,none,6.659,none,7.259,none,7.709,none,8.459,none,9.059,none,9.659,none,10.109,none,10.709,none,11.459
practice,1,Target,chairs,1.109,desks,2.0,blue,2.309,shoe,2.909,tables,3.509,desks,4.0,chairs,5.0,red,5.309,green,6.0,desks,7.0,shoe,7.0,spoons,8.0,chairs,8.0,white,8.909,tables,10.0,shoe,10.109,tables,11.0,sock,11.309
practice,1,Masker,none,1.259,none,1.709,none,2.459,none,3.059,none,3.659,none,4.109,none,4.709,none,5.459,none,5.909,none,6.509,none,7.109,none,7.709,none,8.309,none,9.059,none,9.509,none,10.259,none,10.709,none,11.459
practice,2,Target,sock,1.109,toy,2.0,blue,2.309,card,2.909,desks,3.509,spoons,4.0,blue,4.709,green,5.0,tables,5.909,spoons,6.509,desks,7.109,spoons,8.0,sock,8.309,white,8.909,toy,10.0,sock,10.109,chairs,11.0,glove,11.0
practice,2,Masker,none,1.259,none,1.709,none,2.459,none,3.059,none,3.659,none,4.109,none,4.859,none,5.309,none,6.059,none,6.659,none,7.259,none,7.709,none,8.459,none,9.059,none,9.509,none,10.259,none,10.709,none,11.309
practice,3,Target,green,1.109,red,1.709,hat,2.0,bag,3.0,sock,4.0,tables,4.109,sock,4.709,chairs,5.0,bag,5.909,sock,6.509,spoons,7.0,hat,8.0,white,8.0,tables,8.909,pen,10.0,desks,10.109,card,11.0,red,11.309
practice,3,Masker,none,1.259,none,1.859,none,2.309,none,2.909,none,3.509,none,4.259,none,4.859,none,5.309,none,6.059,none,6.659,none,7.109,none,7.709,none,8.309,none,9.059,none,9.509,none,10.259,none,10.709,none,11.459
m_speech__ild_0__itd_50__targ_l__control_0,0,Target,tables,2.0,glove,2.0,chairs,3.0,white,3.0,pen,3.822,spoons,5.0,white,5.022,toy,6.0,bag,6.0,green,7.0,shoe,7.422,bag,8.0,shoe,8.622,pen,9.0,hat,9.822,sock,11.0,bag,11.022,red,11.622
m_speech__ild_0__itd_50__targ_l__control_0,0,Masker,toy,1.422,shoe,2.022,bag,2.622,shoe,3.222,glove,3.972,bag,4.422,shoe,5.172,shoe,5.622,shoe,6.222,glove,6.822,spoons,7.572,spoons,8.022,shoe,8.772,blue,9.222,chairs,9.972,green,10.422,white,11.172,chairs,11.772
m_speech__ild_0__itd_50__targ_l__control_0,1,Target,spoons,2.0,card,2.0,spoons,2.622,tables,3.222,spoons,4.0,shoe,4.422,green,5.0,pen,6.0,card,6.222,toy,6.822,pen,8.0,desks,8.022,chairs,8.622,green,9.222,bag,9.822,pen,10.422,card,11.022,spoons,12.0
m_speech__ild_0__itd_50__targ_l__control_0,1,Masker,bag,1.422,pen,2.022,red,2.772,green,3.372,toy,3.822,glove,4.572,toy,5.022,tables,5.622,shoe,6.372,glove,6.972,sock,7.422,spoons,8.172,pen,8.772,bag,9.372,desks,9.972,spoons,10.572,pen,11.172,blue,11.622
m_speech__ild_0__itd_50__targ_l__control_0,2,Target,chairs,2.0,glove,2.0,card,2.622,bag,3.0,blue,3.822,chairs,4.422,tables,5.022,desks,6.0,green,6.222,chairs,6.822,green,7.422,chairs,8.022,card,8.622,chairs,9.0,bag,9.822,white,10.422,desks,11.022,glove,11.622
m_speech__ild_0__itd_50__targ_l__control_0,2,Masker,hat,1.422,toy,2.022,blue,2.772,hat,3.222,toy,3.972,toy,4.572,bag,5.172,sock,5.622,tables,6.372,green,6.972,chairs,7.572,pen,8.172,chairs,8.772,glove,9.222,chairs,9.972,toy,10.572,sock,11.172,desks,11.772
m_speech__ild_0__itd_50__targ_l__control_0,3,Target,hat,1.422,shoe,2.0,pen,2.622,hat,3.0,shoe,3.822,pen,5.0,hat,5.022,toy,6.0,chairs,6.222,white,7.0,shoe,7.422,pen,8.022,glove,8.622,pen,9.222,blue,9.822,shoe,11.0,white,11.022,red,11.622
m_speech__ild_0__itd_50__targ_l__control_0,3,Masker,shoe,1.572,sock,2.022,pen,2.772,toy,3.222,tables,3.972,desks,4.422,glove,5.172,sock,5.622,glove,6.372,sock,6.822,hat,7.572,white,8.172,white,8.772,tables,9.372,glove,9.972,red,10.422,glove,11.172,glove,11.772
m_speech__ild_0__itd_50__targ_r__control_0,0,Target,glove,2.286,shoe,2.886,bag,4.0,red,4.0,red,5.0,glove,5.286,card,5.886,toy,7.0,pen,7.0,shoe,8.0,red,8.0,green,8.886,pen,10.0,card,10.0,tables,11.0,desks,11.286,chairs,11.886,chairs,13.0
m_speech__ild_0__itd_50__targ_r__control_0,0,Masker,sock,2.436,hat,3.036,green,3.486,tables,4.086,desks,4.686,bag,5.436,tables,6.036,chairs,6.486,bag,7.086,glove,7.686,desks,8.286,bag,9.036,chairs,9.486,blue,10.086,card,10.686,green,11.436,toy,12.036,glove,12.486
m_speech__ild_0__itd_50__targ_r__control_0,1,Target,red,2.286,hat,2.886,spoons,3.486,green,4.0,hat,4.686,desks,5.0,sock,6.0,glove,7.0,shoe,7.0,toy,8.0,sock,8.0,toy,8.886,shoe,9.486,pen,10.0,desks,11.0,pen,11.286,toy,11.886,white,13.0
m_speech__ild_0__itd_50__targ_r__control_0,1,Masker,desks,2.436,card,3.036,hat,3.636,desks,4.086,desks,4.836,blue,5.286,blue,5.886,shoe,6.486,spoons,7.086,pen,7.686,shoe,8.286,hat,9.036,hat,9.636,hat,10.086,green,10.686,green,11.436,sock,12.036,toy,12.486
m_speech__ild_0__itd_50__targ_r__control_0,2,Target,pen,2.0,tables,3.0,pen,3.486,bag,4.0,shoe,5.0,blue,5.0,chairs,6.0,sock,7.0,pen,7.0,shoe,8.0,pen,8.0,pen,9.0,toy,9.486,pen,10.0,blue,11.0,green,11.0,pen,12.0,bag,13.0
m_speech__ild_0__itd_50__targ_r__control_0,2,Masker,pen,2.286,bag,2.886,bag,3.636,green,4.086,green,4.686,shoe,5.286,tables,5.886,chairs,6.486,glove,7.086,glove,7.686,chairs,8.286,shoe,8.886,pen,9.636,bag,10.086,spoons,10.686,hat,11.286,shoe,11.886,glove,12.486
m_speech__ild_0__itd_50__targ_r__control_0,3,Target,toy,2.0,spoons,3.0,toy,4.0,chairs,4.086,chairs,4.686,pen,5.0,hat,5.886,chairs,7.0,spoons,7.086,shoe,7.686,hat,8.0,glove,8.886,shoe,10.0,green,10.0,green,11.0,red,11.0,toy,12.0,card,12.486
m_speech__ild_0__itd_50__targ_r__control_0,3,Masker,glove,2.286,red,2.886,toy,3.486,white,4.236,pen,4.836,shoe,5.286,hat,6.036,sock,6.486,desks,7.236,chairs,7.836,shoe,8.286,red,9.036,chairs,9.486,shoe,10.086,desks,10.686,shoe,11.286,chairs,11.886,red,12.636
m_noise__ild_0__itd_50__targ_l__control_0,0,Target,card,3.0,hat,3.302,sock,4.0,hat,5.0,shoe,5.102,pen,5.702,toy,6.0,tables,7.0,hat,8.0,green,8.102,bag,9.0,blue,9.0,toy,9.902,pen,10.502,chairs,11.0,shoe,12.0,tables,12.302,shoe,13.0
m_noise__ild_0__itd_50__targ_l__control_0,0,Masker,noise,2.702,noise,3.452,noise,3.902,noise,4.502,noise,5.252,noise,5.852,noise,6.302,noise,6.902,noise,7.502,noise,8.252,noise,8.702,noise,9.302,noise,10.052,noise,10.652,noise,11.102,noise,11.702,noise,12.452,noise,12.902
m_noise__ild_0__itd_50__targ_l__control_0,1,Target,red,2.702,bag,3.302,bag,3.902,tables,4.502,bag,5.102,chairs,5.702,pen,6.0,white,7.0,white,8.0,spoons,8.102,spoons,9.0,spoons,9.0,bag,9.902,glove,11.0,chairs,11.102,spoons,11.702,bag,12.302,card,13.0
m_noise__ild_0__itd_50__targ_l__control_0,1,Masker,noise,2.852,noise,3.452,noise,4.052,noise,4.652,noise,5.252,noise,5.852,noise,6.302,noise,6.902,noise,7.502,noise,8.252,noise,8.702,noise,9.302,noise,10.052,noise,10.502,noise,11.252,noise,11.852,noise,12.452,noise,12.902
m_noise__ild_0__itd_50__targ_l__control_0,2,Target,desks,3.0,sock,3.302,sock,3.902,desks,4.502,chairs,5.102,glove,5.702,red,6.0,hat,7.0,card,8.0,spoons,8.0,glove,9.0,card,9.0,toy,10.0,chairs,10.502,sock,11.0,blue,11.702,white,12.302,tables,13.0
m_noise__ild_0__itd_50__targ_l__control_0,2,Masker,noise,2.702,noise,3.452,noise,4.052,noise,4.652,noise,5.252,noise,5.852,noise,6.302,noise,6.902,noise,7.502,noise,8.102,noise,8.702,noise,9.302,noise,9.902,noise,10.652,noise,11.102,noise,11.852,noise,12.452,noise,12.902
m_noise__ild_0__itd_50__targ_l__control_0,3,Target,pen,2.702,desks,3.302,blue,3.902,blue,5.0,hat,5.0,pen,6.0,hat,6.302,sock,6.902,tables,7.502,blue,8.102,bag,9.0,pen,9.0,bag,9.902,tables,10.502,toy,11.0,bag,12.0,shoe,12.0,hat,13.0
m_noise__ild_0__itd_50__targ_l__control_0,3,Masker,noise,2.852,noise,3.452,noise,4.052,noise,4.502,noise,5.102,noise,5.702,noise,6.452,noise,7.052,noise,7.652,noise,8.252,noise,8.702,noise,9.302,noise,10.052,noise,10.652,noise,11.102,noise,11.702,noise,12.302,noise,12.902
m_noise__ild_0__itd_50__targ_r__control_0,0,Target,tables,1.547,card,2.0,pen,2.747,tables,3.347,shoe,4.0,hat,4.547,shoe,5.147,card,6.0,toy,6.0,sock,6.947,red,7.547,glove,8.147,spoons,8.747,hat,9.347,red,10.0,shoe,10.547,bag,11.147,chairs,11.747
m_noise__ild_0__itd_50__targ_r__control_0,0,Masker,noise,1.697,noise,2.147,noise,2.897,noise,3.497,noise,3.947,noise,4.697,noise,5.297,noise,5.747,noise,6.347,noise,7.097,noise,7.697,noise,8.297,noise,8.897,noise,9.497,noise,9.947,noise,10.697,noise,11.297,noise,11.897
m_noise__ild_0__itd_50__targ_r__control_0,1,Target,tables,1.547,chairs,2.147,red,3.0,tables,3.0,glove,3.947,toy,5.0,hat,5.147,bag,6.0,bag,6.347,sock,7.0,hat,7.547,chairs,8.0,hat,8.747,green,9.0,blue,9.947,card,11.0,tables,11.0,pen,11.747
m_noise__ild_0__itd_50__targ_r__control_0,1,Masker,noise,1.697,noise,2.297,noise,2.747,noise,3.347,noise,4.097,noise,4.547,noise,5.297,noise,5.747,noise,6.497,noise,6.947,noise,7.697,noise,8.147,noise,8.897,noise,9.347,noise,10.097,noise,10.547,noise,11.147,noise,11.897
m_noise__ild_0__itd_50__targ_r__control_0,2,Target,tables,2.0,toy,2.0,pen,2.747,tables,3.0,blue,4.0,sock,5.0,pen,5.147,blue,5.747,glove,6.347,card,6.947,desks,7.547,card,8.147,glove,9.0,bag,9.347,card,9.947,toy,11.0,desks,11.147,white,11.747
m_noise__ild_0__itd_50__targ_r__control_0,2,Masker,noise,1.547,noise,2.147,noise,2.897,noise,3.347,noise,3.947,noise,4.547,noise,5.297,noise,5.897,noise,6.497,noise,7.097,noise,7.697,noise,8.297,noise,8.747,noise,9.497,noise,10.097,noise,10.547,noise,11.297,noise,11.897
m_noise__ild_0__itd_50__targ_r__control_0,3,Target,pen,2.0,green,2.147,bag,2.747,shoe,3.0,tables,3.947,glove,4.547,hat,5.0,glove,5.747,toy,6.0,blue,7.0,glove,8.0,bag,8.0,pen,9.0,sock,9.0,desks,9.947,pen,10.547,glove,11.0,hat,12.0
m_noise__ild_0__itd_50__targ_r__control_0,3,Masker,noise,1.547,noise,2.297,noise,2.897,noise,3.347,noise,4.097,noise,4.697,noise,5.147,noise,5.897,noise,6.347,noise,6.947,noise,7.547,noise,8.147,noise,8.747,noise,9.347,noise,10.097,noise,10.697,noise,11.147,noise,11.747
m_speech__ild_0__itd_500__targ_l__control_0,0,Target,hat,1.0,glove,1.865,spoons,3.0,white,3.065,tables,3.665,sock,4.0,glove,4.865,desks,6.0,shoe,6.0,toy,6.665,blue,7.265,hat,8.0,chairs,9.0,tables,9.065,shoe,10.0,chairs,10.265,chairs,11.0,hat,12.0
m_speech__ild_0__itd_500__targ_l__control_0,0,Masker,chairs,1.265,desks,2.015,tables,2.465,desks,3.215,pen,3.815,desks,4.265,sock,5.015,bag,5.465,chairs,6.065,red,6.815,tables,7.415,white,7.865,blue,8.465,chairs,9.215,hat,9.665,chairs,10.415,hat,10.865,tables,11.465
m_speech__ild_0__itd_500__targ_l__control_0,1,Target,blue,1.0,tables,1.865,bag,2.465,bag,3.065,bag,3.665,pen,4.265,bag,5.0,card,6.0,green,6.0,spoons,7.0,glove,7.265,pen,7.865,red,8.465,bag,9.0,toy,9.665,chairs,10.265,card,10.865,bag,12.0
m_speech__ild_0__itd_500__targ_l__control_0,1,Masker,glove,1.265,red,2.015,spoons,2.615,sock,3.215,desks,3.815,pen,4.415,sock,4.865,green,5.465,hat,6.065,desks,6.665,tables,7.415,toy,8.015,bag,8.615,pen,9.065,card,9.815,desks,10.415,chairs,11.015,bag,11.465
m_speech__ild_0__itd_500__targ_l__control_0,2,Target,tables,1.265,card,2.0,tables,3.0,tables,3.065,glove,4.0,white,4.265,red,5.0,glove,6.0,chairs,6.065,pen,7.0,blue,7.0,card,8.0,bag,9.0,hat,9.065,desks,10.0,toy,10.0,glove,11.0,hat,11.465
m_speech__ild_0__itd_500__targ_l__control_0,2,Masker,shoe,1.415,hat,1.865,tables,2.465,sock,3.215,desks,3.665,tables,4.415,tables,4.865,spoons,5.465,glove,6.215,bag,6.665,tables,7.265,tables,7.865,bag,8.465,tables,9.215,red,9.665,tables,10.265,toy,10.865,white,11.615
m_speech__ild_0__itd_500__targ_l__control_0,3,Target,bag,1.265,sock,1.865,card,2.465,desks,3.0,spoons,4.0,toy,4.265,blue,4.865,green,5.465,desks,6.0,card,7.0,tables,7.0,card,8.0,glove,9.0,glove,9.0,card,10.0,desks,10.265,glove,11.0,spoons,12.0
m_speech__ild_0__itd_500__targ_l__control_0,3,Masker,desks,1.415,white,2.015,pen,2.615,white,3.065,bag,3.665,card,4.415,card,5.015,spoons,5.615,chairs,6.065,card,6.665,bag,7.265,tables,7.865,green,8.465,pen,9.065,glove,9.665,glove,10.415,white,10.865,glove,11.465
m_speech__ild_0__itd_500__targ_r__control_0,0,Target,hat,2.331,spoons,3.0,card,4.0,sock,4.131,bag,4.731,desks,5.331,blue,6.0,card,7.0,white,7.131,pen,8.0,card,8.0,sock,8.931,toy,9.531,hat,10.131,pen,11.0,white,11.0,spoons,12.0,red,13.0
m_speech__ild_0__itd_500__targ_r__control_0,0,Masker,pen,2.481,spoons,2.931,pen,3.531,spoons,4.281,desks,4.881,green,5.481,shoe,5.931,spoons,6.531,shoe,7.281,sock,7.731,glove,8.331,spoons,9.081,blue,9.681,green,10.281,blue,10.731,chairs,11.331,bag,11.931,tables,12.531
m_speech__ild_0__itd_500__targ_r__control_0,1,Target,shoe,2.0,bag,2.931,pen,4.0,sock,4.131,red,4.731,blue,5.0,pen,6.0,card,7.0,bag,7.131,glove,8.0,spoons,8.0,hat,8.931,spoons,9.531,hat,10.0,desks,10.731,sock,11.0,spoons,11.931,pen,13.0
m_speech__ild_0__itd_500__targ_r__control_0,1,Masker,bag,2.331,desks,3.081,spoons,3.531,pen,4.281,hat,4.881,tables,5.331,chairs,5.931,pen,6.531,white,7.281,sock,7.731,bag,8.331,pen,9.081,pen,9.681,shoe,10.131,card,10.881,tables,11.331,desks,12.081,blue,12.531
m_speech__ild_0__itd_500__targ_r__control_0,2,Target,chairs,2.331,red,2.931,sock,3.531,card,4.0,desks,4.731,bag,5.0,hat,6.0,pen,7.0,bag,7.131,tables,8.0,bag,8.0,toy,8.931,hat,10.0,bag,10.0,card,11.0,white,11.0,pen,12.0,hat,12.531
m_speech__ild_0__itd_500__targ_r__control_0,2,Masker,white,2.481,spoons,3.081,bag,3.681,chairs,4.131,glove,4.881,toy,5.331,green,5.931,desks,6.531,hat,7.281,green,7.731,hat,8.331,sock,9.081,spoons,9.531,spoons,10.131,card,10.731,pen,11.331,green,11.931,spoons,12.681
m_speech__ild_0__itd_500__targ_r__control_0,3,Target,spoons,2.331,chairs,2.931,sock,4.0,bag,4.131,shoe,5.0,glove,5.331,red,6.0,pen,7.0,toy,7.0,blue,7.731,white,8.331,chairs,8.931,chairs,10.0,bag,10.131,tables,10.731,chairs,11.331,tables,11.931,shoe,13.0
m_speech__ild_0__itd_500__targ_r__control_0,3,Masker,blue,2.481,card,3.081,blue,3.531,red,4.281,tables,4.731,toy,5.481,card,5.931,white,6.531,spoons,7.131,bag,7.881,card,8.481,card,9.081,bag,9.531,bag,10.281,glove,10.881,hat,11.481,bag,12.081,tables,12.531
m_noise__ild_0__itd_500__targ_l__control_0,0,Target,sock,3.0,hat,3.0,pen,4.0,card,4.435,toy,5.0,hat,6.0,glove,6.0,card,7.0,card,7.435,hat,8.0,red,8.635,desks,9.235,glove,9.835,spoons,11.0,red,11.0,toy,11.635,desks,12.235,tables,13.0
m_noise__ild_0__itd_500__targ_l__control_0,0,Masker,noise,2.635,noise,3.235,noise,3.835,noise,4.585,noise,5.035,noise,5.635,noise,6.235,noise,6.835,noise,7.585,noise,8.035,noise,8.785,noise,9.385,noise,9.985,noise,10.435,noise,11.035,noise,11.785,noise,12.385,noise,12.835
m_noise__ild_0__itd_500__targ_l__control_0,1,Target,white,3.0,shoe,3.235,toy,3.835,tables,4.435,desks,5.0,shoe,5.635,chairs,6.0,sock,7.0,white,7.435,bag,8.035,blue,8.635,bag,9.235,chairs,9.835,sock,10.435,hat,11.035,hat,12.0,red,12.235,card,12.835
m_noise__ild_0__itd_500__targ_l__control_0,1,Masker,noise,2.635,noise,3.385,noise,3.985,noise,4.585,noise,5.035,noise,5.785,noise,6.235,noise,6.835,noise,7.585,noise,8.185,noise,8.785,noise,9.385,noise,9.985,noise,10.585,noise,11.185,noise,11.635,noise,12.385,noise,12.985
m_noise__ild_0__itd_500__targ_l__control_0,2,Target,glove,2.635,shoe,3.0,tables,3.835,chairs,5.0,toy,5.035,blue,5.635,tables,6.0,hat,7.0,spoons,8.0,chairs,8.035,shoe,9.0,hat,9.0,toy,9.835,red,11.0,hat,11.035,toy,12.0,shoe,12.0,chairs,12.835
m_noise__ild_0__itd_500__targ_l__control_0,2,Masker,noise,2.785,noise,3.235,noise,3.985,noise,4.435,noise,5.185,noise,5.785,noise,6.235,noise,6.835,noise,7.435,noise,8.185,noise,8.635,noise,9.235,noise,9.985,noise,10.435,noise,11.185,noise,11.635,noise,12.235,noise,12.985
m_noise__ild_0__itd_500__targ_l__control_0,3,Target,toy,3.0,bag,3.235,sock,4.0,shoe,5.0,tables,5.0,green,6.0,hat,6.0,pen,6.835,green,8.0,blue,8.035,toy,8.635,blue,9.235,desks,10.0,chairs,11.0,bag,11.0,sock,11.635,hat,12.0,sock,12.835
m_noise__ild_0__itd_500__targ_l__control_0,3,Masker,noise,2.635,noise,3.385,noise,3.835,noise,4.435,noise,5.035,noise,5.635,noise,6.235,noise,6.985,noise,7.435,noise,8.185,noise,8.785,noise,9.385,noise,9.835,noise,10.435,noise,11.035,noise,11.785,noise,12.235,noise,12.985
m_noise__ild_0__itd_500__targ_r__control_0,0,Target,pen,2.429,green,3.029,card,4.0,tables,4.0,green,4.829,card,6.0,desks,6.029,spoons,6.629,shoe,7.0,green,7.829,desks,9.0,chairs,9.0,spoons,10.0,pen,10.0,card,10.829,spoons,12.0,toy,12.029,sock,12.629
m_noise__ild_0__itd_500__targ_r__control_0,0,Masker,noise,2.579,noise,3.179,noise,3.629,noise,4.229,noise,4.979,noise,5.429,noise,6.179,noise,6.779,noise,7.229,noise,7.979,noise,8.429,noise,9.029,noise,9.629,noise,10.229,noise,10.979,noise,11.429,noise,12.179,noise,12.779
m_noise__ild_0__itd_500__targ_r__control_0,1,Target,glove,2.429,spoons,3.029,glove,4.0,white,4.0,bag,4.829,shoe,6.0,pen,6.029,spoons,6.629,sock,7.0,glove,7.829,green,8.429,blue,9.0,shoe,10.0,pen,10.0,white,10.829,pen,12.0,card,12.029,chairs,13.0
m_noise__ild_0__itd_500__targ_r__control_0,1,Masker,noise,2.579,noise,3.179,noise,3.629,noise,4.229,noise,4.979,noise,5.429,noise,6.179,noise,6.779,noise,7.229,noise,7.979,noise,8.579,noise,9.029,noise,9.629,noise,10.229,noise,10.979,noise,11.429,noise,12.179,noise,12.629
m_noise__ild_0__itd_500__targ_r__control_0,2,Target,hat,3.0,spoons,3.0,shoe,4.0,blue,4.229,sock,4.829,pen,6.0,blue,6.029,tables,7.0,bag,7.229,tables,8.0,chairs,8.429,sock,9.029,blue,10.0,chairs,10.0,shoe,10.829,glove,12.0,bag,12.029,tables,12.629
m_noise__ild_0__itd_500__targ_r__control_0,2,Masker,noise,2.429,noise,3.029,noise,3.629,noise,4.379,noise,4.979,noise,5.429,noise,6.179,noise,6.629,noise,7.379,noise,7.829,noise,8.579,noise,9.179,noise,9.629,noise,10.229,noise,10.979,noise,11.429,noise,12.179,noise,12.779
m_noise__ild_0__itd_500__targ_r__control_0,3,Target,red,2.429,blue,3.0,tables,3.629,pen,4.0,shoe,5.0,spoons,6.0,chairs,6.029,glove,7.0,desks,7.229,shoe,8.0,sock,9.0,blue,9.029,sock,9.629,spoons,10.229,pen,11.0,spoons,11.429,tables,12.0,card,13.0
m_noise__ild_0__itd_500__targ_r__control_0,3,Masker,noise,2.579,noise,3.029,noise,3.779,noise,4.229,noise,4.829,noise,5.429,noise,6.179,noise,6.629,noise,7.379,noise,7.829,noise,8.429,noise,9.179,noise,9.779,noise,10.379,noise,10.829,noise,11.579,noise,12.029,noise,12.629
m_speech__ild_10__itd_0__targ_l__control_0,0,Target,bag,2.803,spoons,3.403,white,4.003,chairs,5.0,shoe,5.0,glove,5.803,spoons,6.403,desks,7.0,bag,8.0,green,8.0,sock,9.0,toy,10.0,pen,10.0,shoe,11.0,white,11.203,spoons,12.0,red,12.403,tables,13.0
m_speech__ild_10__itd_0__targ_l__control_0,0,Masker,white,2.953,shoe,3.553,card,4.153,red,4.603,spoons,5.203,spoons,5.953,tables,6.553,blue,7.003,shoe,7.603,desks,8.203,shoe,8.803,spoons,9.403,shoe,10.003,bag,10.603,shoe,11.353,red,11.803,desks,12.553,shoe,13.003
m_speech__ild_10__itd_0__targ_l__control_0,1,Target,card,2.803,glove,4.0,toy,4.0,toy,4.603,pen,5.203,card,6.0,toy,7.0,spoons,7.003,sock,8.0,sock,8.0,desks,9.0,blue,9.403,card,10.0,hat,10.603,glove,11.0,white,12.0,sock,12.403,sock,13.003
m_speech__ild_10__itd_0__targ_l__control_0,1,Masker,glove,2.953,card,3.403,red,4.003,pen,4.753,sock,5.353,toy,5.803,sock,6.403,shoe,7.153,hat,7.603,toy,8.203,card,8.803,sock,9.553,green,10.003,toy,10.753,sock,11.203,toy,11.803,hat,12.553,tables,13.153
m_speech__ild_10__itd_0__targ_l__control_0,2,Target,bag,2.803,spoons,3.403,sock,4.003,card,4.603,spoons,5.203,spoons,6.0,blue,7.0,toy,7.003,card,7.603,white,8.203,spoons,8.803,pen,10.0,glove,10.0,card,11.0,tables,11.203,spoons,12.0,hat,13.0,card,13.003
m_speech__ild_10__itd_0__targ_l__control_0,2,Masker,bag,2.953,pen,3.553,card,4.153,chairs,4.753,desks,5.353,bag,5.803,bag,6.403,red,7.153,spoons,7.753,card,8.353,white,8.953,bag,9.403,card,10.003,spoons,10.603,chairs,11.353,bag,11.803,glove,12.403,spoons,13.153
m_speech__ild_10__itd_0__targ_l__control_0,3,Target,white,3.0,tables,4.0,blue,4.003,card,4.603,white,5.0,tables,6.0,tables,7.0,pen,7.003,card,8.0,chairs,8.203,chairs,9.0,bag,9.403,glove,10.0,tables,10.603,pen,11.0,glove,11.803,tables,13.0,tables,13.003
m_speech__ild_10__itd_0__targ_l__control_0,3,Masker,hat,2.803,tables,3.403,toy,4.153,hat,4.753,card,5.203,green,5.803,bag,6.403,blue,7.153,tables,7.603,desks,8.353,tables,8.803,spoons,9.553,bag,10.003,shoe,10.753,sock,11.203,bag,11.953,spoons,12.403,white,13.153
m_speech__ild_10__itd_0__targ_r__control_0,0,Target,bag,2.0,bag,2.0,toy,2.742,sock,3.342,toy,4.0,green,5.0,tables,5.0,pen,5.742,white,6.0,sock,6.942,shoe,8.0,desks,8.142,spoons,9.0,glove,9.342,tables,10.0,toy,11.0,glove,11.142,card,12.0
m_speech__ild_10__itd_0__targ_r__control_0,0,Masker,spoons,1.542,tables,2.142,tables,2.892,tables,3.492,red,3.942,desks,4.542,chairs,5.142,shoe,5.892,shoe,6.342,white,7.092,tables,7.542,shoe,8.292,tables,8.742,desks,9.492,shoe,9.942,shoe,10.542,pen,11.292,toy,11.742
m_speech__ild_10__itd_0__targ_r__control_0,1,Target,blue,2.0,desks,2.142,chairs,3.0,toy,3.0,green,3.942,card,5.0,hat,5.142,red,5.742,card,6.342,hat,6.942,tables,7.542,sock,8.0,blue,9.0,hat,9.342,card,9.942,spoons,11.0,glove,11.142,shoe,11.742
m_speech__ild_10__itd_0__targ_r__control_0,1,Masker,pen,1.542,glove,2.292,shoe,2.742,hat,3.342,toy,4.092,red,4.542,pen,5.292,pen,5.892,chairs,6.492,red,7.092,glove,7.692,chairs,8.142,hat,8.742,tables,9.492,bag,10.092,hat,10.542,tables,11.292,hat,11.892
m_speech__ild_10__itd_0__targ_r__control_0,2,Target,chairs,1.542,spoons,2.0,sock,2.742,card,3.342,hat,4.0,chairs,5.0,blue,5.0,bag,5.742,card,6.0,desks,7.0,red,8.0,desks,8.0,desks,8.742,pen,9.342,glove,9.942,red,11.0,desks,11.0,chairs,12.0
m_speech__ild_10__itd_0__targ_r__control_0,2,Masker,shoe,1.692,sock,2.142,card,2.892,hat,3.492,shoe,3.942,green,4.542,desks,5.142,pen,5.892,desks,6.342,glove,6.942,tables,7.542,hat,8.142,sock,8.892,green,9.492,sock,10.092,hat,10.542,card,11.142,desks,11.742
m_speech__ild_10__itd_0__targ_r__control_0,3,Target,bag,1.542,card,2.0,hat,3.0,sock,3.0,pen,3.942,chairs,5.0,bag,5.0,chairs,5.742,white,6.0,chairs,6.942,tables,8.0,toy,8.142,bag,9.0,blue,9.0,pen,9.942,card,11.0,sock,11.0,card,11.742
m_speech__ild_10__itd_0__targ_r__control_0,3,Masker,card,1.692,tables,2.142,chairs,2.742,chairs,3.342,glove,4.092,blue,4.542,pen,5.142,hat,5.892,toy,6.342,toy,7.092,blue,7.542,sock,8.292,spoons,8.742,pen,9.342,toy,10.092,card,10.542,white,11.142,toy,11.892
m_noise__ild_10__itd_0__targ_l__control_0,0,Target,hat,2.994,desks,3.594,glove,4.194,glove,5.0,white,6.0,glove,5.994,pen,6.594,tables,7.0,blue,8.0,hat,9.0,blue,9.0,chairs,10.0,green,10.0,pen,11.0,hat,11.394,shoe,12.0,tables,13.0,tables,13.0
m_noise__ild_10__itd_0__targ_l__control_0,0,Masker,noise,3.144,noise,3.744,noise,4.344,noise,4.794,noise,5.394,noise,6.144,noise,6.744,noise,7.194,noise,7.794,noise,8.394,noise,8.994,noise,9.594,noise,10.194,noise,10.794,noise,11.544,noise,11.994,noise,12.594,noise,13.194
m_noise__ild_10__itd_0__targ_l__control_0,1,Target,glove,3.0,green,3.594,bag,4.194,sock,5.0,card,5.394,chairs,6.0,desks,6.594,shoe,7.194,glove,8.0,sock,9.0,white,8.994,tables,10.0,spoons,10.0,white,11.0,card,11.394,shoe,11.994,spoons,13.0,shoe,13.194
m_noise__ild_10__itd_0__targ_l__control_0,1,Masker,noise,2.994,noise,3.744,noise,4.344,noise,4.794,noise,5.544,noise,5.994,noise,6.744,noise,7.344,noise,7.794,noise,8.394,noise,9.144,noise,9.594,noise,10.194,noise,10.794,noise,11.544,noise,12.144,noise,12.594,noise,13.344
m_noise__ild_10__itd_0__targ_l__control_0,2,Target,tables,3.0,shoe,3.594,sock,4.0,shoe,5.0,bag,6.0,toy,6.0,glove,7.0,red,7.194,shoe,8.0,bag,9.0,red,8.994,bag,10.0,red,10.0,tables,11.0,tables,12.0,sock,12.0,bag,12.594,white,13.194
m_noise__ild_10__itd_0__targ_l__control_0,2,Masker,noise,2.994,noise,3.744,noise,4.194,noise,4.794,noise,5.394,noise,5.994,noise,6.594,noise,7.344,noise,7.794,noise,8.394,noise,9.144,noise,9.594,noise,10.194,noise,10.794,noise,11.394,noise,11.994,noise,12.744,noise,13.344
m_noise__ild_10__itd_0__targ_l__control_0,3,Target,card,2.994,card,4.0,pen,4.194,card,5.0,blue,6.0,glove,6.0,tables,7.0,tables,7.0,shoe,8.0,hat,8.394,pen,9.0,blue,9.594,desks,10.0,card,10.794,bag,11.394,pen,12.0,red,12.594,spoons,13.0
m_noise__ild_10__itd_0__targ_l__control_0,3,Masker,noise,3.144,noise,3.594,noise,4.344,noise,4.794,noise,5.394,noise,5.994,noise,6.594,noise,7.194,noise,7.794,noise,8.544,noise,8.994,noise,9.744,noise,10.194,noise,10.944,noise,11.544,noise,11.994,noise,12.744,noise,13.194
m_noise__ild_10__itd_0__targ_r__control_0,0,Target,tables,2.0,card,2.912,hat,3.512,bag,4.112,glove,4.712,shoe,5.312,sock,6.0,card,7.0,chairs,7.0,blue,7.712,green,8.312,white,9.0,glove,9.512,pen,10.0,card,11.0,toy,11.312,green,11.912,pen,13.0
m_noise__ild_10__itd_0__targ_r__control_0,0,Masker,noise,2.312,noise,3.062,noise,3.662,noise,4.262,noise,4.862,noise,5.462,noise,5.912,noise,6.512,noise,7.112,noise,7.862,noise,8.462,noise,8.912,noise,9.662,noise,10.112,noise,10.712,noise,11.462,noise,12.062,noise,12.512
m_noise__ild_10__itd_0__targ_r__control_0,1,Target,white,2.312,glove,3.0,pen,4.0,tables,4.0,spoons,5.0,bag,5.0,spoons,6.0,shoe,6.512,tables,7.0,hat,8.0,shoe,8.312,glove,9.0,pen,9.512,glove,10.112,toy,11.0,bag,11.312,red,11.912,spoons,12.512
m_noise__ild_10__itd_0__targ_r__control_0,1,Masker,noise,2.462,noise,2.912,noise,3.512,noise,4.112,noise,4.712,noise,5.312,noise,5.912,noise,6.662,noise,7.112,noise,7.712,noise,8.462,noise,8.912,noise,9.662,noise,10.262,noise,10.712,noise,11.462,noise,12.062,noise,12.662
m_noise__ild_10__itd_0__targ_r__control_0,2,Target,spoons,2.312,toy,3.0,pen,3.512,card,4.112,spoons,5.0,spoons,5.0,sock,6.0,blue,6.512,green,7.0,tables,8.0,spoons,8.312,red,8.912,toy,9.512,white,10.112,toy,10.712,pen,11.312,chairs,12.0,desks,12.512
m_noise__ild_10__itd_0__targ_r__control_0,2,Masker,noise,2.462,noise,2.912,noise,3.662,noise,4.262,noise,4.712,noise,5.312,noise,5.912,noise,6.662,noise,7.112,noise,7.712,noise,8.462,noise,9.062,noise,9.662,noise,10.262,noise,10.862,noise,11.462,noise,11.912,noise,12.662
m_noise__ild_10__itd_0__targ_r__control_0,3,Target,toy,2.312,glove,3.0,hat,4.0,spoons,4.112,toy,4.712,bag,5.0,blue,6.0,hat,6.512,shoe,7.0,card,8.0,spoons,8.312,desks,9.0,red,10.0,white,10.0,desks,11.0,bag,11.0,bag,11.912,hat,12.512
m_noise__ild_10__itd_0__targ_r__control_0,3,Masker,noise,2.462,noise,2.912,noise,3.512,noise,4.262,noise,4.862,noise,5.312,noise,5.912,noise,6.662,noise,7.112,noise,7.712,noise,8.462,noise,8.912,noise,9.512,noise,10.112,noise,10.712,noise,11.312,noise,12.062,noise,12.662
m_speech__ild_70n__itd_0__targ_l__control_0,0,Target,card,2.368,shoe,3.0,pen,3.568,card,4.0,hat,5.0,spoons,5.368,chairs,5.968,glove,7.0,toy,7.0,tables,8.0,white,9.0,bag,9.0,bag,10.0,glove,10.0,green,10.768,hat,11.368,pen,11.968,white,12.568
m_speech__ild_70n__itd_0__targ_l__control_0,0,Masker,hat,2.518,toy,2.968,tables,3.718,pen,4.168,toy,4.768,pen,5.518,hat,6.118,pen,6.568,hat,7.168,red,7.768,hat,8.368,sock,8.968,blue,9.568,spoons,10.168,toy,10.918,red,11.518,spoons,12.118,hat,12.718
m_speech__ild_70n__itd_0__targ_l__control_0,1,Target,glove,3.0,toy,2.968,green,4.0,spoons,4.0,card,5.0,shoe,6.0,white,5.968,white,7.0,sock,7.0,shoe,8.0,desks,8.368,chairs,9.0,sock,9.568,glove,10.168,tables,11.0,hat,11.368,spoons,12.0,tables,12.568
m_speech__ild_70n__itd_0__targ_l__control_0,1,Masker,white,2.368,white,3.118,hat,3.568,green,4.168,spoons,4.768,tables,5.368,tables,6.118,glove,6.568,bag,7.168,chairs,7.768,white,8.518,glove,8.968,tables,9.718,glove,10.318,card,10.768,glove,11.518,shoe,11.968,shoe,12.718
m_speech__ild_70n__itd_0__targ_l__control_0,2,Target,hat,3.0,glove,2.968,sock,3.568,glove,4.0,spoons,4.768,hat,6.0,tables,5.968,hat,7.0,pen,7.0,shoe,7.768,spoons,9.0,red,9.0,red,9.568,chairs,10.168,glove,10.768,desks,11.368,chairs,11.968,pen,13.0
m_speech__ild_70n__itd_0__targ_l__control_0,2,Masker,toy,2.368,tables,3.118,chairs,3.718,bag,4.168,card,4.918,pen,5.368,shoe,6.118,card,6.568,blue,7.168,desks,7.918,pen,8.368,pen,8.968,desks,9.718,pen,10.318,spoons,10.918,pen,11.518,hat,12.118,green,12.568
m_speech__ild_70n__itd_0__targ_l__control_0,3,Target,chairs,3.0,shoe,2.968,spoons,4.0,glove,4.0,sock,5.0,red,5.368,toy,6.0,blue,7.0,chairs,7.0,toy,7.768,card,9.0,red,8.968,bag,9.568,toy,10.168,desks,11.0,chairs,12.0,shoe,11.968,bag,12.568
m_speech__ild_70n__itd_0__targ_l__control_0,3,Masker,bag,2.368,toy,3.118,bag,3.568,shoe,4.168,bag,4.768,bag,5.518,white,5.968,spoons,6.568,tables,7.168,chairs,7.918,sock,8.368,bag,9.118,chairs,9.718,green,10.318,hat,10.768,tables,11.368,toy,12.118,tables,12.718
m_speech__ild_70n__itd_0__targ_r__control_0,0,Target,chairs,1.332,desks,2.0,hat,3.0,glove,3.132,card,4.0,hat,4.332,tables,5.0,hat,5.532,red,6.132,glove,6.732,blue,7.0,hat,8.0,blue,8.532,toy,9.132,bag,10.0,blue,10.332,hat,10.932,toy,12.0
m_speech__ild_70n__itd_0__targ_r__control_0,0,Masker,tables,1.482,hat,1.932,spoons,2.532,white,3.282,bag,3.732,hat,4.482,white,4.932,shoe,5.682,chairs,6.282,hat,6.882,toy,7.332,white,7.932,glove,8.682,toy,9.282,white,9.732,shoe,10.482,desks,11.082,tables,11.532
m_speech__ild_70n__itd_0__targ_r__control_0,1,Target,toy,1.0,spoons,2.0,white,2.532,shoe,3.132,white,3.732,hat,4.332,glove,4.932,tables,5.532,bag,6.0,chairs,6.732,desks,7.0,toy,7.932,red,9.0,card,9.0,bag,10.0,card,10.0,tables,10.932,toy,12.0
m_speech__ild_70n__itd_0__targ_r__control_0,1,Masker,sock,1.332,glove,1.932,glove,2.682,desks,3.282,desks,3.882,green,4.482,toy,5.082,card,5.682,hat,6.132,sock,6.882,glove,7.332,blue,8.082,card,8.532,spoons,9.132,desks,9.732,green,10.332,sock,11.082,sock,11.532
m_speech__ild_70n__itd_0__targ_r__control_0,2,Target,hat,1.332,card,1.932,toy,2.532,tables,3.132,blue,3.732,toy,4.0,shoe,4.932,toy,5.532,shoe,6.0,pen,6.732,desks,7.332,hat,7.932,spoons,8.532,green,9.132,card,10.0,hat,10.0,shoe,11.0,spoons,11.532
m_speech__ild_70n__itd_0__targ_r__control_0,2,Masker,hat,1.482,spoons,2.082,spoons,2.682,desks,3.282,shoe,3.882,pen,4.332,desks,5.082,blue,5.682,blue,6.132,toy,6.882,spoons,7.482,sock,8.082,chairs,8.682,hat,9.282,hat,9.732,sock,10.332,hat,10.932,shoe,11.682
m_speech__ild_70n__itd_0__targ_r__control_0,3,Target,sock,1.332,shoe,2.0,hat,2.532,spoons,3.132,pen,3.732,bag,4.0,bag,5.0,toy,5.532,blue,6.0,pen,7.0,bag,7.0,spoons,8.0,desks,8.532,blue,9.0,toy,10.0,chairs,10.332,spoons,11.0,hat,12.0
m_speech__ild_70n__itd_0__targ_r__control_0,3,Masker,blue,1.482,green,1.932,bag,2.682,bag,3.282,desks,3.882,pen,4.332,toy,4.932,hat,5.682,chairs,6.132,pen,6.732,blue,7.332,red,7.932,spoons,8.682,shoe,9.132,shoe,9.732,pen,10.482,chairs,10.932,toy,11.532
m_noise__ild_70n__itd_0__targ_l__control_0,0,Target,tables,3.0,sock,3.382,shoe,3.982,tables,5.0,red,5.182,chairs,6.0,desks,7.0,shoe,6.982,sock,8.0,card,8.182,glove,9.0,desks,9.382,chairs,9.982,card,11.0,hat,11.0,hat,11.782,sock,13.0,blue,13.0
m_noise__ild_70n__itd_0__targ_l__control_0,0,Masker,noise,2.782,noise,3.532,noise,4.132,noise,4.582,noise,5.332,noise,5.782,noise,6.382,noise,7.132,noise,7.582,noise,8.332,noise,8.782,noise,9.532,noise,10.132,noise,10.582,noise,11.182,noise,11.932,noise,12.382,noise,12.982
m_noise__ild_70n__itd_0__targ_l__control_0,1,Target,desks,3.0,blue,3.382,tables,3.982,pen,4.582,desks,5.182,pen,6.0,pen,6.382,sock,7.0,red,8.0,chairs,8.182,toy,8.782,pen,9.382,desks,10.0,chairs,11.0,bag,11.0,hat,12.0,pen,13.0,glove,12.982
m_noise__ild_70n__itd_0__targ_l__control_0,1,Masker,noise,2.782,noise,3.532,noise,4.132,noise,4.732,noise,5.332,noise,5.782,noise,6.532,noise,6.982,noise,7.582,noise,8.332,noise,8.932,noise,9.532,noise,9.982,noise,10.582,noise,11.182,noise,11.782,noise,12.382,noise,13.132
m_noise__ild_70n__itd_0__targ_l__control_0,2,Target,hat,2.782,white,3.382,hat,3.982,bag,4.582,sock,5.0,desks,6.0,toy,7.0,blue,7.0,white,8.0,desks,8.0,sock,9.0,tables,9.382,sock,10.0,pen,10.582,card,11.0,blue,12.0,hat,13.0,spoons,12.982
m_noise__ild_70n__itd_0__targ_l__control_0,2,Masker,noise,2.932,noise,3.532,noise,4.132,noise,4.732,noise,5.182,noise,5.782,noise,6.382,noise,6.982,noise,7.582,noise,8.182,noise,8.782,noise,9.532,noise,9.982,noise,10.732,noise,11.182,noise,11.782,noise,12.382,noise,13.132
m_noise__ild_70n__itd_0__targ_l__control_0,3,Target,glove,2.782,green,4.0,bag,4.0,tables,5.0,bag,5.182,tables,5.782,white,6.382,bag,7.0,card,7.582,pen,8.0,hat,9.0,bag,9.382,chairs,9.982,white,11.0,chairs,11.182,bag,12.0,tables,13.0,shoe,13.0
m_noise__ild_70n__itd_0__targ_l__control_0,3,Masker,noise,2.932,noise,3.382,noise,3.982,noise,4.582,noise,5.332,noise,5.932,noise,6.532,noise,6.982,noise,7.732,noise,8.182,noise,8.782,noise,9.532,noise,10.132,noise,10.582,noise,11.332,noise,11.782,noise,12.382,noise,12.982
m_noise__ild_70n__itd_0__targ_r__control_0,0,Target,shoe,2.0,pen,3.0,red,3.458,white,4.058,card,4.658,sock,5.0,spoons,6.0,chairs,7.0,desks,7.0,hat,8.0,desks,8.0,hat,9.0,desks,9.458,toy,10.058,blue,11.0,bag,11.0,tables,11.858,green,13.0
m_noise__ild_70n__itd_0__targ_r__control_0,0,Masker,noise,2.258,noise,2.858,noise,3.608,noise,4.208,noise,4.808,noise,5.258,noise,5.858,noise,6.458,noise,7.058,noise,7.658,noise,8.258,noise,8.858,noise,9.608,noise,10.208,noise,10.658,noise,11.258,noise,12.008,noise,12.458
m_noise__ild_70n__itd_0__targ_r__control_0,1,Target,hat,2.258,red,3.0,chairs,3.458,sock,4.0,glove,4.658,spoons,5.0,desks,5.858,hat,6.458,glove,7.0,hat,7.658,glove,8.0,spoons,8.858,chairs,10.0,spoons,10.058,hat,10.658,pen,11.258,toy,12.0,red,12.458
m_noise__ild_70n__itd_0__targ_r__control_0,1,Masker,noise,2.408,noise,2.858,noise,3.608,noise,4.058,noise,4.808,noise,5.258,noise,6.008,noise,6.608,noise,7.058,noise,7.808,noise,8.258,noise,9.008,noise,9.458,noise,10.208,noise,10.808,noise,11.408,noise,11.858,noise,12.608
m_noise__ild_70n__itd_0__targ_r__control_0,2,Target,sock,2.0,toy,3.0,desks,3.458,sock,4.0,green,4.658,shoe,5.0,hat,6.0,bag,6.458,toy,7.0,shoe,7.658,desks,8.258,tables,8.858,sock,9.458,white,10.0,bag,10.658,toy,11.0,hat,12.0,toy,12.458
m_noise__ild_70n__itd_0__targ_r__control_0,2,Masker,noise,2.258,noise,2.858,noise,3.608,noise,4.058,noise,4.808,noise,5.258,noise,5.858,noise,6.608,noise,7.058,noise,7.808,noise,8.408,noise,9.008,noise,9.608,noise,10.058,noise,10.808,noise,11.258,noise,11.858,noise,12.608
m_noise__ild_70n__itd_0__targ_r__control_0,3,Target,spoons,2.258,chairs,3.0,shoe,4.0,blue,4.0,card,5.0,desks,5.0,hat,6.0,glove,7.0,shoe,7.0,chairs,7.658,hat,8.258,spoons,8.858,green,10.0,glove,10.058,shoe,11.0,bag,11.258,tables,11.858,pen,13.0
m_noise__ild_70n__itd_0__targ_r__control_0,3,Masker,noise,2.408,noise,2.858,noise,3.458,noise,4.058,noise,4.658,noise,5.258,noise,5.858,noise,6.458,noise,7.058,noise,7.808,noise,8.408,noise,9.008,noise,9.458,noise,10.208,noise,10.658,noise,11.408,noise,12.008,noise,12.458
m_speech__ild_0__itd_500__targ_l__control_1,0,Target,shoe,2.0,bag,2.0,glove,2.947,pen,3.547,sock,4.147,chairs,5.0,bag,5.347,hat,6.0,spoons,6.547,chairs,7.147,chairs,7.747,blue,8.0,spoons,8.947,card,10.0,spoons,10.147,glove,10.747,toy,11.0,green,12.0
m_speech__ild_0__itd_500__targ_l__control_1,0,Masker,spoons,1.747,chairs,2.347,sock,3.097,desks,3.697,desks,4.297,tables,4.747,red,5.497,shoe,5.947,chairs,6.697,card,7.297,white,7.897,tables,8.347,red,9.097,tables,9.547,toy,10.297,card,10.897,sock,11.347,desks,11.947
m_speech__ild_0__itd_500__targ_l__control_1,1,Target,hat,2.0,shoe,2.347,desks,2.947,chairs,4.0,spoons,4.147,red,4.747,shoe,5.347,chairs,5.947,toy,7.0,sock,7.147,white,8.0,spoons,8.347,tables,8.947,card,10.0,shoe,10.0,glove,10.747,spoons,11.0,sock,12.0
m_speech__ild_0__itd_500__targ_l__control_1,1,Masker,bag,1.747,red,2.497,white,3.097,green,3.547,shoe,4.297,shoe,4.897,chairs,5.497,toy,6.097,shoe,6.547,tables,7.297,spoons,7.747,red,8.497,toy,9.097,chairs,9.547,tables,10.147,tables,10.897,hat,11.347,chairs,11.947
m_speech__ild_0__itd_500__targ_l__control_1,2,Target,toy,2.0,pen,2.347,toy,2.947,glove,3.547,tables,4.0,toy,5.0,shoe,5.347,pen,6.0,card,6.547,desks,7.147,red,8.0,sock,8.347,blue,9.0,sock,9.547,chairs,10.0,sock,11.0,bag,11.347,bag,11.947
m_speech__ild_0__itd_500__targ_l__control_1,2,Masker,sock,1.747,card,2.497,desks,3.097,pen,3.697,green,4.147,spoons,4.747,blue,5.497,bag,5.947,toy,6.697,white,7.297,chairs,7.747,tables,8.497,sock,8.947,hat,9.697,white,10.147,pen,10.747,shoe,11.497,sock,12.097
m_speech__ild_0__itd_500__targ_l__control_1,3,Target,green,1.747,hat,2.0,spoons,2.947,card,3.547,chairs,4.0,desks,5.0,glove,5.0,spoons,6.0,toy,7.0,glove,7.147,tables,7.747,bag,8.347,card,8.947,pen,10.0,chairs,10.147,green,11.0,shoe,11.347,bag,12.0
m_speech__ild_0__itd_500__targ_l__control_1,3,Masker,pen,1.897,spoons,2.347,pen,3.097,blue,3.697,spoons,4.147,blue,4.747,desks,5.347,spoons,5.947,shoe,6.547,bag,7.297,spoons,7.897,shoe,8.497,hat,9.097,spoons,9.547,card,10.297,desks,10.747,spoons,11.497,chairs,11.947
m_speech__ild_0__itd_500__targ_r__control_1,0,Target,green,1.0,toy,1.933,shoe,2.533,desks,3.133,white,3.733,blue,4.0,sock,4.933,shoe,5.533,hat,6.0,red,7.0,pen,7.333,shoe,7.933,bag,8.533,glove,9.0,tables,10.0,sock,10.333,pen,10.933,card,12.0
m_speech__ild_0__itd_500__targ_r__control_1,0,Masker,desks,1.333,blue,2.083,bag,2.683,shoe,3.283,tables,3.883,desks,4.333,shoe,5.083,red,5.683,glove,6.133,bag,6.733,toy,7.483,sock,8.083,hat,8.683,hat,9.133,pen,9.733,glove,10.483,blue,11.083,red,11.533
m_speech__ild_0__itd_500__targ_r__control_1,1,Target,sock,1.0,green,2.0,desks,3.0,blue,3.0,pen,3.733,glove,4.333,desks,4.933,green,5.533,sock,6.0,card,7.0,shoe,7.0,bag,8.0,glove,8.533,green,9.0,desks,10.0,sock,10.333,shoe,10.933,bag,11.533
m_speech__ild_0__itd_500__targ_r__control_1,1,Masker,hat,1.333,card,1.933,chairs,2.533,bag,3.133,desks,3.883,sock,4.483,card,5.083,hat,5.683,sock,6.133,blue,6.733,card,7.333,chairs,7.933,sock,8.683,desks,9.133,bag,9.733,spoons,10.483,blue,11.083,blue,11.683
m_speech__ild_0__itd_500__targ_r__control_1,2,Target,card,1.333,white,1.933,bag,2.533,spoons,3.0,blue,4.0,red,4.333,card,4.933,glove,5.533,white,6.0,desks,7.0,tables,7.333,desks,8.0,toy,9.0,bag,9.133,glove,9.733,hat,10.0,shoe,10.933,spoons,11.533
m_speech__ild_0__itd_500__targ_r__control_1,2,Masker,spoons,1.483,desks,2.083,pen,2.683,desks,3.133,glove,3.733,spoons,4.483,glove,5.083,green,5.683,spoons,6.133,tables,6.733,chairs,7.483,card,7.933,blue,8.533,chairs,9.283,card,9.883,toy,10.333,white,11.083,red,11.683
m_speech__ild_0__itd_500__targ_r__control_1,3,Target,spoons,1.0,glove,1.933,hat,2.533,red,3.133,shoe,3.733,hat,4.0,green,4.933,hat,5.533,glove,6.133,pen,6.733,bag,7.0,toy,8.0,shoe,8.533,toy,9.133,red,9.733,desks,10.333,toy,11.0,red,12.0
m_speech__ild_0__itd_500__targ_r__control_1,3,Masker,tables,1.333,spoons,2.083,tables,2.683,hat,3.283,hat,3.883,pen,4.333,desks,5.083,desks,5.683,green,6.283,tables,6.883,toy,7.333,chairs,7.933,blue,8.683,red,9.283,desks,9.883,sock,10.483,tables,10.933,pen,11.533
m_noise__ild_0__itd_500__targ_l__control_1,0,Target,chairs,2.188,pen,3.0,sock,4.0,desks,4.0,blue,5.0,spoons,5.0,chairs,5.788,toy,6.388,tables,6.988,chairs,7.588,chairs,8.0,blue,8.788,toy,10.0,blue,9.988,red,11.0,shoe,11.188,desks,11.788,chairs,12.388
m_noise__ild_0__itd_500__targ_l__control_1,0,Masker,noise,2.338,noise,2.788,noise,3.388,noise,3.988,noise,4.588,noise,5.188,noise,5.938,noise,6.538,noise,7.138,noise,7.738,noise,8.188,noise,8.938,noise,9.388,noise,10.138,noise,10.588,noise,11.338,noise,11.938,noise,12.538
m_noise__ild_0__itd_500__targ_l__control_1,1,Target,shoe,2.0,red,2.788,desks,3.388,card,4.0,blue,5.0,glove,5.0,shoe,6.0,pen,7.0,chairs,7.0,green,7.588,hat,8.0,shoe,9.0,desks,9.388,bag,10.0,bag,10.588,sock,11.0,toy,11.788,desks,13.0
m_noise__ild_0__itd_500__targ_l__control_1,1,Masker,noise,2.188,noise,2.938,noise,3.538,noise,3.988,noise,4.588,noise,5.188,noise,5.788,noise,6.388,noise,6.988,noise,7.738,noise,8.188,noise,8.788,noise,9.538,noise,9.988,noise,10.738,noise,11.188,noise,11.938,noise,12.388
m_noise__ild_0__itd_500__targ_l__control_1,2,Target,sock,2.188,hat,3.0,pen,4.0,hat,3.988,pen,5.0,toy,5.0,shoe,5.788,spoons,7.0,sock,7.0,red,8.0,toy,8.0,shoe,8.788,desks,10.0,hat,10.0,toy,10.588,blue,11.0,green,11.788,shoe,13.0
m_noise__ild_0__itd_500__targ_l__control_1,2,Masker,noise,2.338,noise,2.788,noise,3.388,noise,4.138,noise,4.588,noise,5.188,noise,5.938,noise,6.388,noise,6.988,noise,7.588,noise,8.188,noise,8.938,noise,9.388,noise,9.988,noise,10.738,noise,11.188,noise,11.938,noise,12.388
m_noise__ild_0__itd_500__targ_l__control_1,3,Target,bag,2.188,toy,2.788,card,3.388,chairs,3.988,blue,5.0,desks,5.0,white,5.788,tables,6.388,chairs,7.0,tables,7.588,card,8.188,toy,9.0,desks,9.388,chairs,10.0,tables,10.588,spoons,11.0,chairs,11.788,hat,13.0
m_noise__ild_0__itd_500__targ_l__control_1,3,Masker,noise,2.338,noise,2.938,noise,3.538,noise,4.138,noise,4.588,noise,5.188,noise,5.938,noise,6.538,noise,6.988,noise,7.738,noise,8.338,noise,8.788,noise,9.538,noise,9.988,noise,10.738,noise,11.188,noise,11.938,noise,12.388
m_noise__ild_0__itd_500__targ_r__control_1,0,Target,hat,2.0,desks,3.0,blue,4.0,white,3.975,red,4.575,pen,5.175,hat,6.0,hat,6.375,desks,7.0,chairs,8.0,pen,8.0,sock,8.775,chairs,9.375,desks,9.975,hat,11.0,pen,11.175,tables,11.775,pen,13.0
m_noise__ild_0__itd_500__targ_r__control_1,0,Masker,noise,2.175,noise,2.775,noise,3.375,noise,4.125,noise,4.725,noise,5.325,noise,5.775,noise,6.525,noise,6.975,noise,7.575,noise,8.175,noise,8.925,noise,9.525,noise,10.125,noise,10.575,noise,11.325,noise,11.925,noise,12.375
m_noise__ild_0__itd_500__targ_r__control_1,1,Target,desks,2.175,shoe,3.0,red,3.375,shoe,3.975,green,4.575,desks,5.175,blue,6.0,toy,7.0,chairs,7.0,toy,8.0,hat,8.0,sock,8.775,pen,9.375,card,10.0,chairs,11.0,hat,11.0,card,11.775,card,12.375
m_noise__ild_0__itd_500__targ_r__control_1,1,Masker,noise,2.325,noise,2.775,noise,3.525,noise,4.125,noise,4.725,noise,5.325,noise,5.775,noise,6.375,noise,6.975,noise,7.575,noise,8.175,noise,8.925,noise,9.525,noise,9.975,noise,10.575,noise,11.175,noise,11.925,noise,12.525
m_noise__ild_0__itd_500__targ_r__control_1,2,Target,green,2.0,tables,3.0,blue,3.375,tables,3.975,chairs,5.0,toy,5.175,glove,6.0,shoe,7.0,spoons,7.0,pen,8.0,shoe,8.0,glove,8.775,tables,9.375,spoons,9.975,desks,11.0,blue,11.175,green,11.775,card,12.375
m_noise__ild_0__itd_500__targ_r__control_1,2,Masker,noise,2.175,noise,2.775,noise,3.525,noise,4.125,noise,4.575,noise,5.325,noise,5.775,noise,6.375,noise,6.975,noise,7.575,noise,8.175,noise,8.925,noise,9.525,noise,10.125,noise,10.575,noise,11.325,noise,11.925,noise,12.525
m_noise__ild_0__itd_500__targ_r__control_1,3,Target,hat,2.0,hat,2.775,spoons,3.375,spoons,3.975,spoons,4.575,red,5.0,blue,6.0,shoe,6.375,desks,6.975,tables,7.575,spoons,8.0,bag,9.0,blue,9.375,pen,10.0,blue,11.0,spoons,11.175,hat,12.0,pen,13.0
m_noise__ild_0__itd_500__targ_r__control_1,3,Masker,noise,2.175,noise,2.925,noise,3.525,noise,4.125,noise,4.725,noise,5.175,noise,5.775,noise,6.525,noise,7.125,noise,7.725,noise,8.175,noise,8.775,noise,9.525,noise,9.975,noise,10.575,noise,11.325,noise,11.775,noise,12.375
