Condition,Run,Type,Word0,Time0,Word1,Time1,Word2,Time2,Word3,Time3,Word4,Time4,Word5,Time5,Word6,Time6,Word7,Time7,Word8,Time8,Word9,Time9,Word10,Time10,Word11,Time11,Word12,Time12,Word13,Time13,Word14,Time14,Word15,Time15,Word16,Time16,Word17,Time17
practice,0,Target,pen,3.0,glove,3.0,blue,4.0,hat,4.0,tables,4.903,tables,6.0,glove,6.103,white,6.703,bag,7.0,tables,8.0,glove,9.0,desks,9.0,bag,10.0,pen,10.0,sock,10.903,blue,12.0,hat,12.0,shoe,12.703
practice,0,Masker,none,2.503,none,3.103,none,3.703,none,4.303,none,5.053,none,5.503,none,6.253,none,6.853,none,7.303,none,7.903,none,8.503,none,9.103,none,9.703,none,10.303,none,11.053,none,11.503,none,12.103,none,12.853
practice,1,Target,toy,2.503,chairs,3.103,toy,4.0,desks,4.303,hat,5.0,shoe,5.503,red,6.0,pen,7.0,glove,7.303,desks,7.903,shoe,8.503,desks,9.103,shoe,9.703,red,10.0,pen,11.0,red,12.0,pen,12.0,spoons,12.703
practice,1,Masker,none,2.653,none,3.253,none,3.703,none,4.453,none,4.903,none,5.653,none,6.103,none,6.703,none,7.453,none,8.053,none,8.653,none,9.253,none,9.853,none,10.303,none,10.903,none,11.503,none,12.103,none,12.853
practice,2,Target,chairs,2.503,blue,3.103,tables,3.703,pen,4.303,pen,5.0,card,6.0,tables,6.103,card,6.703,shoe,7.303,sock,7.903,desks,8.503,toy,9.103,pen,9.703,chairs,10.0,hat,10.903,white,11.503,tables,12.103,bag,13.0
practice,2,Masker,none,2.653,none,3.253,none,3.853,none,4.453,none,4.903,none,5.503,none,6.253,none,6.853,none,7.453,none,8.053,none,8.653,none,9.253,none,9.853,none,10.303,none,11.053,none,11.653,none,12.253,none,12.703
practice,3,Target,hat,3.0,glove,3.0,pen,3.703,red,4.303,tables,5.0,pen,6.0,shoe,6.103,pen,6.703,green,7.303,chairs,7.903,spoons,9.0,sock,9.103,white,10.0,bag,10.303,blue,10.903,pen,12.0,shoe,12.0,bag,13.0
practice,3,Masker,none,2.503,none,3.103,none,3.853,none,4.453,none,4.903,none,5.503,none,6.253,none,6.853,none,7.453,none,8.053,none,8.503,none,9.253,none,9.703,none,10.453,none,11.053,none,11.503,none,12.103,none,12.703
m_speech__ild_0__itd_50__targ_l,0,Target,bag,1.463,toy,2.063,chairs,3.0,tables,3.0,chairs,3.863,pen,5.0,bag,5.063,spoons,5.663,tables,6.0,green,7.0,glove,7.463,desks,8.0,chairs,8.663,chairs,9.0,spoons,9.863,white,11.0,hat,11.063,chairs,11.663
m_speech__ild_0__itd_50__targ_l,0,Masker,chairs,1.613,desks,2.213,hat,2.663,pen,3.263,tables,4.013,hat,4.463,desks,5.213,green,5.813,bag,6.263,desks,6.863,tables,7.613,glove,8.063,blue,8.813,pen,9.263,bag,10.013,shoe,10.463,glove,11.213,card,11.813
m_speech__ild_0__itd_50__targ_l,1,Target,chairs,1.463,spoons,2.063,toy,2.663,pen,3.263,card,3.863,red,5.0,card,5.063,card,6.0,shoe,6.263,bag,7.0,chairs,8.0,bag,8.0,blue,8.663,chairs,9.263,chairs,9.863,spoons,10.463,hat,11.063,chairs,12.0
m_speech__ild_0__itd_50__targ_l,1,Masker,shoe,1.613,chairs,2.213,chairs,2.813,chairs,3.413,chairs,4.013,tables,4.463,tables,5.213,sock,5.663,green,6.413,pen,6.863,green,7.463,shoe,8.063,bag,8.813,sock,9.413,glove,10.013,hat,10.613,card,11.213,chairs,11.663
m_speech__ild_0__itd_50__targ_l,2,Target,chairs,1.463,red,2.0,hat,2.663,desks,3.263,sock,4.0,tables,5.0,sock,5.0,sock,5.663,pen,6.0,white,7.0,green,8.0,bag,8.063,chairs,9.0,tables,9.0,white,10.0,sock,11.0,tables,11.0,sock,12.0
m_speech__ild_0__itd_50__targ_l,2,Masker,hat,1.613,bag,2.063,white,2.813,bag,3.413,bag,3.863,pen,4.463,tables,5.063,green,5.813,sock,6.263,hat,6.863,pen,7.463,tables,8.213,toy,8.663,pen,9.263,bag,9.863,hat,10.463,white,11.063,spoons,11.663
m_speech__ild_0__itd_50__targ_l,3,Target,desks,2.0,bag,2.063,pen,3.0,blue,3.263,shoe,3.863,sock,4.463,sock,5.063,sock,6.0,pen,6.0,tables,6.863,red,8.0,chairs,8.0,card,9.0,desks,9.0,white,10.0,bag,11.0,bag,11.063,bag,12.0
m_speech__ild_0__itd_50__targ_l,3,Masker,white,1.463,shoe,2.213,hat,2.663,glove,3.413,toy,4.013,glove,4.613,tables,5.213,toy,5.663,chairs,6.263,bag,7.013,bag,7.463,red,8.063,hat,8.663,toy,9.263,shoe,9.863,desks,10.463,pen,11.213,hat,11.663
m_speech__ild_0__itd_50__targ_r,0,Target,card,2.0,toy,1.957,spoons,2.557,shoe,3.157,glove,4.0,shoe,4.357,spoons,4.957,hat,6.0,card,6.157,bag,6.757,card,8.0,blue,8.0,green,8.557,card,9.0,glove,9.757,spoons,10.357,pen,11.0,card,12.0
m_speech__ild_0__itd_50__targ_r,0,Masker,glove,1.357,card,2.107,desks,2.707,hat,3.307,card,3.757,desks,4.507,sock,5.107,shoe,5.557,white,6.307,red,6.907,sock,7.357,bag,7.957,spoons,8.707,desks,9.157,toy,9.907,card,10.507,card,10.957,card,11.557
m_speech__ild_0__itd_50__targ_r,1,Target,blue,1.357,bag,2.0,pen,2.557,desks,3.0,bag,4.0,blue,5.0,toy,5.0,card,6.0,sock,6.0,sock,6.757,hat,8.0,pen,7.957,shoe,8.557,shoe,9.0,sock,9.757,pen,11.0,toy,11.0,tables,12.0
m_speech__ild_0__itd_50__targ_r,1,Masker,chairs,1.507,shoe,1.957,card,2.707,blue,3.157,shoe,3.757,tables,4.357,card,4.957,bag,5.557,sock,6.157,card,6.907,desks,7.357,desks,8.107,desks,8.707,sock,9.157,red,9.907,toy,10.357,bag,10.957,glove,11.557
m_speech__ild_0__itd_50__targ_r,2,Target,card,1.357,card,1.957,shoe,3.0,glove,3.157,shoe,4.0,hat,5.0,card,5.0,white,5.557,toy,6.157,hat,7.0,desks,8.0,hat,7.957,red,8.557,blue,9.157,pen,9.757,sock,10.357,hat,11.0,sock,12.0
m_speech__ild_0__itd_50__targ_r,2,Masker,card,1.507,blue,2.107,sock,2.557,chairs,3.307,hat,3.757,card,4.357,hat,4.957,hat,5.707,desks,6.307,glove,6.757,green,7.357,shoe,8.107,glove,8.707,tables,9.307,shoe,9.907,hat,10.507,glove,10.957,shoe,11.557
m_speech__ild_0__itd_50__targ_r,3,Target,blue,2.0,card,2.0,sock,2.557,bag,3.0,desks,3.757,bag,5.0,pen,5.0,bag,5.557,hat,6.0,red,6.757,green,8.0,bag,8.0,pen,9.0,tables,9.157,card,10.0,blue,11.0,hat,11.0,desks,11.557
m_speech__ild_0__itd_50__targ_r,3,Masker,glove,1.357,spoons,1.957,glove,2.707,blue,3.157,bag,3.907,chairs,4.357,bag,4.957,white,5.707,desks,6.157,card,6.907,card,7.357,desks,7.957,card,8.557,card,9.307,chairs,9.757,pen,10.357,desks,10.957,pen,11.707
m_noise__ild_0__itd_50__targ_l,0,Target,shoe,3.0,tables,3.084,chairs,4.0,pen,4.0,blue,5.0,card,6.0,blue,6.0,red,6.684,tables,7.284,desks,8.0,white,9.0,hat,9.084,tables,10.0,shoe,10.0,glove,10.884,sock,11.484,spoons,12.084,hat,13.0
m_noise__ild_0__itd_50__targ_l,0,Masker,noise,2.484,noise,3.234,noise,3.684,noise,4.284,noise,4.884,noise,5.484,noise,6.084,noise,6.834,noise,7.434,noise,7.884,noise,8.484,noise,9.234,noise,9.684,noise,10.284,noise,11.034,noise,11.634,noise,12.234,noise,12.684
m_noise__ild_0__itd_50__targ_l,1,Target,desks,3.0,toy,3.0,sock,3.684,glove,4.0,bag,5.0,green,5.484,card,6.084,pen,7.0,blue,7.0,toy,8.0,spoons,9.0,toy,9.0,toy,9.684,glove,10.284,sock,11.0,glove,11.484,toy,12.084,blue,13.0
m_noise__ild_0__itd_50__targ_l,1,Masker,noise,2.484,noise,3.084,noise,3.834,noise,4.284,noise,4.884,noise,5.634,noise,6.234,noise,6.684,noise,7.284,noise,7.884,noise,8.484,noise,9.084,noise,9.834,noise,10.434,noise,10.884,noise,11.634,noise,12.234,noise,12.684
m_noise__ild_0__itd_50__targ_l,2,Target,bag,2.484,red,3.0,card,4.0,spoons,4.0,pen,4.884,red,6.0,toy,6.0,pen,6.684,desks,7.284,toy,7.884,glove,9.0,glove,9.0,pen,10.0,glove,10.284,tables,11.0,card,11.484,toy,12.0,bag,12.684
m_noise__ild_0__itd_50__targ_l,2,Masker,noise,2.634,noise,3.084,noise,3.684,noise,4.284,noise,5.034,noise,5.484,noise,6.084,noise,6.834,noise,7.434,noise,8.034,noise,8.484,noise,9.084,noise,9.684,noise,10.434,noise,10.884,noise,11.634,noise,12.084,noise,12.834
m_noise__ild_0__itd_50__targ_l,3,Target,desks,2.484,spoons,3.084,desks,4.0,desks,4.0,pen,5.0,toy,6.0,desks,6.0,desks,7.0,pen,7.0,shoe,8.0,red,9.0,hat,9.0,white,10.0,desks,10.284,bag,10.884,tables,11.484,sock,12.0,bag,12.684
m_noise__ild_0__itd_50__targ_l,3,Masker,noise,2.634,noise,3.234,noise,3.684,noise,4.284,noise,4.884,noise,5.484,noise,6.084,noise,6.684,noise,7.284,noise,7.884,noise,8.484,noise,9.084,noise,9.684,noise,10.434,noise,11.034,noise,11.634,noise,12.084,noise,12.834
m_noise__ild_0__itd_50__targ_r,0,Target,pen,2.0,blue,2.0,chairs,3.0,red,3.475,toy,4.075,glove,4.675,blue,5.0,glove,5.875,spoons,7.0,desks,7.0,tables,8.0,pen,8.275,hat,8.875,card,9.475,chairs,10.075,desks,11.0,hat,11.0,glove,12.0
m_noise__ild_0__itd_50__targ_r,0,Masker,noise,1.675,noise,2.275,noise,2.875,noise,3.625,noise,4.225,noise,4.825,noise,5.275,noise,6.025,noise,6.475,noise,7.075,noise,7.675,noise,8.425,noise,9.025,noise,9.625,noise,10.225,noise,10.675,noise,11.275,noise,11.875
m_noise__ild_0__itd_50__targ_r,1,Target,spoons,2.0,red,2.275,desks,2.875,green,3.475,hat,4.075,chairs,4.675,hat,5.0,spoons,5.875,desks,7.0,glove,7.075,red,8.0,card,8.0,desks,8.875,chairs,10.0,tables,10.0,blue,10.675,hat,11.0,card,12.0
m_noise__ild_0__itd_50__targ_r,1,Masker,noise,1.675,noise,2.425,noise,3.025,noise,3.625,noise,4.225,noise,4.825,noise,5.275,noise,6.025,noise,6.475,noise,7.225,noise,7.675,noise,8.275,noise,9.025,noise,9.475,noise,10.075,noise,10.825,noise,11.275,noise,11.875
m_noise__ild_0__itd_50__targ_r,2,Target,hat,2.0,glove,2.275,desks,3.0,card,3.475,shoe,4.075,desks,5.0,desks,5.275,desks,5.875,pen,6.475,tables,7.075,bag,7.675,hat,8.275,glove,8.875,card,10.0,toy,10.0,white,11.0,card,11.275,white,12.0
m_noise__ild_0__itd_50__targ_r,2,Masker,noise,1.675,noise,2.425,noise,2.875,noise,3.625,noise,4.225,noise,4.675,noise,5.425,noise,6.025,noise,6.625,noise,7.225,noise,7.825,noise,8.425,noise,9.025,noise,9.475,noise,10.075,noise,10.675,noise,11.425,noise,11.875
m_noise__ild_0__itd_50__targ_r,3,Target,toy,1.675,blue,2.275,desks,2.875,card,3.475,sock,4.0,chairs,5.0,sock,5.0,pen,6.0,toy,6.475,sock,7.0,tables,8.0,card,8.275,white,8.875,spoons,9.475,desks,10.075,hat,11.0,sock,11.0,chairs,12.0
m_noise__ild_0__itd_50__targ_r,3,Masker,noise,1.825,noise,2.425,noise,3.025,noise,3.625,noise,4.075,noise,4.675,noise,5.275,noise,5.875,noise,6.625,noise,7.075,noise,7.675,noise,8.425,noise,9.025,noise,9.625,noise,10.225,noise,10.675,noise,11.275,noise,11.875
m_speech__ild_0__itd_500__targ_l,0,Target,card,1.424,white,2.0,shoe,3.0,spoons,3.0,red,4.0,chairs,5.0,spoons,5.0,sock,6.0,tables,6.0,bag,7.0,hat,7.424,desks,8.024,card,8.624,white,9.0,spoons,9.824,shoe,10.424,shoe,11.024,green,11.624
m_speech__ild_0__itd_500__targ_l,0,Masker,red,1.574,desks,2.024,sock,2.624,chairs,3.224,sock,3.824,glove,4.424,desks,5.024,spoons,5.624,white,6.224,desks,6.824,red,7.574,spoons,8.174,desks,8.774,tables,9.224,chairs,9.974,chairs,10.574,hat,11.174,pen,11.774
m_speech__ild_0__itd_500__targ_l,1,Target,hat,1.424,glove,2.024,desks,3.0,hat,3.0,red,3.824,spoons,5.0,card,5.0,bag,5.624,glove,6.224,green,7.0,hat,7.424,bag,8.024,card,9.0,pen,9.0,desks,10.0,toy,11.0,glove,11.024,sock,11.624
m_speech__ild_0__itd_500__targ_l,1,Masker,spoons,1.574,pen,2.174,sock,2.624,spoons,3.224,toy,3.974,desks,4.424,toy,5.024,glove,5.774,desks,6.374,bag,6.824,hat,7.574,toy,8.174,bag,8.624,white,9.224,green,9.824,sock,10.424,sock,11.174,sock,11.774
m_speech__ild_0__itd_500__targ_l,2,Target,sock,1.424,glove,2.0,sock,2.624,shoe,3.224,glove,3.824,chairs,5.0,toy,5.0,red,6.0,shoe,6.0,tables,7.0,desks,7.424,pen,8.024,spoons,9.0,pen,9.0,shoe,9.824,tables,10.424,red,11.0,shoe,11.624
m_speech__ild_0__itd_500__targ_l,2,Masker,white,1.574,bag,2.024,glove,2.774,hat,3.374,spoons,3.974,bag,4.424,tables,5.024,spoons,5.624,red,6.224,glove,6.824,hat,7.574,sock,8.174,sock,8.624,desks,9.224,bag,9.974,desks,10.574,toy,11.024,hat,11.774
m_speech__ild_0__itd_500__targ_l,3,Target,blue,1.424,desks,2.024,white,3.0,shoe,3.0,toy,4.0,bag,5.0,green,5.0,hat,5.624,hat,6.224,red,6.824,desks,7.424,chairs,8.0,card,8.624,shoe,9.0,glove,9.824,hat,10.424,pen,11.024,bag,12.0
m_speech__ild_0__itd_500__targ_l,3,Masker,toy,1.574,sock,2.174,pen,2.624,toy,3.224,spoons,3.824,shoe,4.424,shoe,5.024,hat,5.774,red,6.374,shoe,6.974,card,7.574,red,8.024,pen,8.774,card,9.224,pen,9.974,pen,10.574,desks,11.174,sock,11.624
m_speech__ild_0__itd_500__targ_r,0,Target,glove,2.0,spoons,2.437,toy,3.037,green,4.0,shoe,4.0,hat,5.0,card,6.0,glove,6.037,card,6.637,desks,7.0,bag,8.0,glove,9.0,shoe,9.037,green,9.637,sock,10.0,blue,11.0,shoe,12.0,green,12.0
m_speech__ild_0__itd_500__targ_r,0,Masker,chairs,1.837,glove,2.587,spoons,3.187,spoons,3.637,sock,4.237,green,4.837,desks,5.437,bag,6.187,chairs,6.787,sock,7.237,desks,7.837,white,8.437,red,9.187,desks,9.787,toy,10.237,sock,10.837,desks,11.437,desks,12.037
m_speech__ild_0__itd_500__targ_r,1,Target,glove,2.0,desks,2.437,bag,3.0,toy,4.0,chairs,4.0,sock,4.837,white,5.437,card,6.037,sock,7.0,bag,7.237,toy,8.0,pen,9.0,green,9.0,tables,9.637,bag,10.237,spoons,11.0,sock,11.437,tables,12.037
m_speech__ild_0__itd_500__targ_r,1,Masker,toy,1.837,white,2.587,bag,3.037,bag,3.637,toy,4.237,bag,4.987,spoons,5.587,bag,6.187,shoe,6.637,sock,7.387,green,7.837,sock,8.437,spoons,9.037,green,9.787,desks,10.387,green,10.837,bag,11.587,hat,12.187
m_speech__ild_0__itd_500__targ_r,2,Target,spoons,2.0,spoons,2.437,hat,3.0,tables,4.0,glove,4.237,sock,5.0,sock,6.0,red,6.037,shoe,7.0,glove,7.237,red,7.837,sock,8.437,spoons,9.037,hat,9.637,spoons,10.237,bag,11.0,spoons,12.0,chairs,12.0
m_speech__ild_0__itd_500__targ_r,2,Masker,desks,1.837,toy,2.587,red,3.037,chairs,3.637,shoe,4.387,pen,4.837,toy,5.437,shoe,6.187,blue,6.637,bag,7.387,spoons,7.987,toy,8.587,toy,9.187,shoe,9.787,spoons,10.387,pen,10.837,glove,11.437,desks,12.037
m_speech__ild_0__itd_500__targ_r,3,Target,desks,1.837,bag,3.0,tables,3.037,glove,3.637,toy,4.237,card,4.837,hat,5.437,green,6.0,sock,6.637,glove,7.0,toy,8.0,desks,9.0,spoons,9.0,pen,10.0,spoons,10.0,spoons,10.837,green,12.0,shoe,12.0
m_speech__ild_0__itd_500__targ_r,3,Masker,pen,1.987,pen,2.437,spoons,3.187,tables,3.787,red,4.387,tables,4.987,toy,5.587,tables,6.037,tables,6.787,sock,7.237,white,7.837,sock,8.437,card,9.037,tables,9.637,pen,10.237,white,10.987,toy,11.437,spoons,12.037
m_noise__ild_0__itd_500__targ_l,0,Target,toy,1.086,toy,1.686,spoons,2.0,spoons,2.886,bag,3.486,tables,4.086,hat,5.0,sock,5.286,desks,5.886,glove,6.486,spoons,7.0,toy,7.686,white,8.0,bag,9.0,white,9.486,toy,10.086,chairs,10.686,bag,11.286
m_noise__ild_0__itd_500__targ_l,0,Masker,noise,1.236,noise,1.836,noise,2.286,noise,3.036,noise,3.636,noise,4.236,noise,4.686,noise,5.436,noise,6.036,noise,6.636,noise,7.086,noise,7.836,noise,8.286,noise,8.886,noise,9.636,noise,10.236,noise,10.836,noise,11.436
m_noise__ild_0__itd_500__targ_l,1,Target,blue,1.0,spoons,2.0,tables,2.286,bag,2.886,card,3.486,sock,4.0,bag,5.0,hat,5.286,bag,5.886,green,7.0,spoons,7.0,shoe,7.686,card,8.0,glove,9.0,pen,10.0,bag,10.0,shoe,11.0,pen,11.0
m_noise__ild_0__itd_500__targ_l,1,Masker,noise,1.086,noise,1.686,noise,2.436,noise,3.036,noise,3.636,noise,4.086,noise,4.686,noise,5.436,noise,6.036,noise,6.486,noise,7.086,noise,7.836,noise,8.286,noise,8.886,noise,9.486,noise,10.086,noise,10.686,noise,11.286
m_noise__ild_0__itd_500__targ_l,2,Target,shoe,1.0,hat,1.686,desks,2.286,green,3.0,card,4.0,sock,4.0,blue,4.686,hat,5.0,shoe,6.0,glove,7.0,green,7.086,glove,7.686,bag,8.0,desks,9.0,shoe,9.486,toy,10.086,white,10.686,hat,11.0
m_noise__ild_0__itd_500__targ_l,2,Masker,noise,1.086,noise,1.836,noise,2.436,noise,2.886,noise,3.486,noise,4.086,noise,4.836,noise,5.286,noise,5.886,noise,6.486,noise,7.236,noise,7.836,noise,8.286,noise,8.886,noise,9.636,noise,10.236,noise,10.836,noise,11.286
m_noise__ild_0__itd_500__targ_l,3,Target,hat,1.0,chairs,1.686,desks,2.286,chairs,2.886,bag,3.486,red,4.086,card,5.0,spoons,5.286,bag,5.886,tables,7.0,red,7.0,blue,8.0,pen,8.286,hat,8.886,chairs,9.486,pen,10.086,hat,10.686,chairs,11.286
m_noise__ild_0__itd_500__targ_l,3,Masker,noise,1.086,noise,1.836,noise,2.436,noise,3.036,noise,3.636,noise,4.236,noise,4.686,noise,5.436,noise,6.036,noise,6.486,noise,7.086,noise,7.686,noise,8.436,noise,9.036,noise,9.636,noise,10.236,noise,10.836,noise,11.436
m_noise__ild_0__itd_500__targ_r,0,Target,tables,1.726,glove,2.326,glove,2.926,spoons,4.0,bag,4.126,pen,4.726,white,5.326,spoons,5.926,sock,6.526,glove,7.126,red,7.726,pen,8.326,green,8.926,bag,9.526,shoe,10.126,tables,11.0,sock,11.0,toy,11.926
m_noise__ild_0__itd_500__targ_r,0,Masker,noise,1.876,noise,2.476,noise,3.076,noise,3.526,noise,4.276,noise,4.876,noise,5.476,noise,6.076,noise,6.676,noise,7.276,noise,7.876,noise,8.476,noise,9.076,noise,9.676,noise,10.276,noise,10.726,noise,11.326,noise,12.076
m_noise__ild_0__itd_500__targ_r,1,Target,hat,2.0,white,2.0,toy,2.926,spoons,3.526,tables,4.126,tables,4.726,bag,5.326,toy,5.926,green,6.526,hat,7.0,card,8.0,chairs,8.0,blue,8.926,pen,9.526,sock,10.126,glove,11.0,green,11.326,chairs,12.0
m_noise__ild_0__itd_500__targ_r,1,Masker,noise,1.726,noise,2.326,noise,3.076,noise,3.676,noise,4.276,noise,4.876,noise,5.476,noise,6.076,noise,6.676,noise,7.126,noise,7.726,noise,8.326,noise,9.076,noise,9.676,noise,10.276,noise,10.726,noise,11.476,noise,11.926
m_noise__ild_0__itd_500__targ_r,2,Target,tables,1.726,shoe,2.326,hat,3.0,shoe,4.0,red,4.126,card,4.726,glove,5.326,sock,6.0,red,7.0,blue,7.126,green,8.0,shoe,8.326,hat,8.926,glove,9.526,pen,10.0,hat,10.726,hat,11.0,bag,11.926
m_noise__ild_0__itd_500__targ_r,2,Masker,noise,1.876,noise,2.476,noise,2.926,noise,3.526,noise,4.276,noise,4.876,noise,5.476,noise,5.926,noise,6.526,noise,7.276,noise,7.726,noise,8.476,noise,9.076,noise,9.676,noise,10.126,noise,10.876,noise,11.326,noise,12.076
m_noise__ild_0__itd_500__targ_r,3,Target,tables,1.726,glove,2.326,spoons,2.926,chairs,4.0,chairs,4.0,blue,5.0,toy,5.0,blue,6.0,pen,6.526,pen,7.0,desks,7.726,pen,8.326,card,8.926,hat,9.526,sock,10.0,white,11.0,desks,11.0,glove,12.0
m_noise__ild_0__itd_500__targ_r,3,Masker,noise,1.876,noise,2.476,noise,3.076,noise,3.526,noise,4.126,noise,4.726,noise,5.326,noise,5.926,noise,6.676,noise,7.126,noise,7.876,noise,8.476,noise,9.076,noise,9.676,noise,10.126,noise,10.726,noise,11.326,noise,11.926
m_speech__ild_10__itd_0__targ_l,0,Target,green,2.633,shoe,3.233,hat,4.0,spoons,4.433,desks,5.0,shoe,5.633,glove,6.233,pen,6.833,tables,8.0,pen,8.0,shoe,8.633,card,9.0,red,10.0,sock,11.0,desks,11.0,desks,12.0,pen,12.0,shoe,13.0
m_speech__ild_10__itd_0__targ_l,0,Masker,sock,2.783,red,3.383,pen,3.833,glove,4.583,spoons,5.033,green,5.783,hat,6.383,blue,6.983,glove,7.433,card,8.033,desks,8.783,desks,9.233,card,9.833,glove,10.433,white,11.033,pen,11.633,card,12.233,tables,12.833
m_speech__ild_10__itd_0__targ_l,1,Target,spoons,3.0,glove,3.0,pen,3.833,blue,5.0,green,5.033,chairs,5.633,pen,6.0,pen,6.833,red,8.0,tables,8.033,card,8.633,hat,9.0,tables,9.833,bag,10.433,hat,11.0,hat,11.633,toy,12.233,hat,13.0
m_speech__ild_10__itd_0__targ_l,1,Masker,glove,2.633,desks,3.233,bag,3.983,sock,4.433,chairs,5.183,sock,5.783,pen,6.233,red,6.983,pen,7.433,green,8.183,toy,8.783,desks,9.233,hat,9.983,chairs,10.583,spoons,11.033,chairs,11.783,spoons,12.383,bag,12.833
m_speech__ild_10__itd_0__targ_l,2,Target,chairs,3.0,glove,3.233,chairs,4.0,red,4.433,bag,5.0,spoons,6.0,blue,6.233,spoons,7.0,glove,8.0,card,8.033,toy,9.0,shoe,9.0,hat,9.833,shoe,10.433,sock,11.0,shoe,12.0,pen,12.233,tables,13.0
m_speech__ild_10__itd_0__targ_l,2,Masker,sock,2.633,toy,3.383,glove,3.833,hat,4.583,chairs,5.033,sock,5.633,sock,6.383,white,6.833,spoons,7.433,white,8.183,green,8.633,spoons,9.233,white,9.983,sock,10.583,bag,11.033,bag,11.633,hat,12.383,hat,12.833
m_speech__ild_10__itd_0__targ_l,3,Target,blue,3.0,pen,3.0,chairs,4.0,card,5.0,pen,5.033,blue,6.0,card,6.0,red,7.0,bag,7.433,card,8.0,chairs,8.633,shoe,9.233,green,9.833,desks,11.0,bag,11.0,pen,11.633,card,12.233,tables,12.833
m_speech__ild_10__itd_0__targ_l,3,Masker,chairs,2.633,sock,3.233,red,3.833,hat,4.433,toy,5.183,bag,5.633,glove,6.233,sock,6.833,pen,7.583,pen,8.033,tables,8.783,sock,9.383,pen,9.983,white,10.433,blue,11.033,tables,11.783,chairs,12.383,sock,12.983
m_speech__ild_10__itd_0__targ_r,0,Target,shoe,2.0,red,3.0,desks,3.344,bag,4.0,toy,4.544,shoe,5.0,sock,6.0,red,6.344,blue,7.0,bag,8.0,green,8.0,desks,8.744,desks,9.344,pen,9.944,bag,10.544,bag,11.0,chairs,12.0,bag,12.344
m_speech__ild_10__itd_0__targ_r,0,Masker,bag,2.144,card,2.744,bag,3.494,glove,3.944,blue,4.694,desks,5.144,white,5.744,tables,6.494,desks,6.944,red,7.544,hat,8.144,tables,8.894,spoons,9.494,hat,10.094,pen,10.694,desks,11.144,white,11.744,toy,12.494
m_speech__ild_10__itd_0__targ_r,1,Target,shoe,2.144,bag,2.744,red,3.344,tables,4.0,shoe,5.0,tables,5.144,blue,6.0,desks,6.344,bag,6.944,card,8.0,desks,8.144,white,8.744,bag,9.0,white,10.0,shoe,10.544,shoe,11.0,hat,11.744,glove,12.344
m_speech__ild_10__itd_0__targ_r,1,Masker,tables,2.294,red,2.894,sock,3.494,red,3.944,tables,4.544,hat,5.294,spoons,5.744,red,6.494,hat,7.094,tables,7.544,shoe,8.294,spoons,8.894,bag,9.344,tables,9.944,white,10.694,pen,11.144,tables,11.894,spoons,12.494
m_speech__ild_10__itd_0__targ_r,2,Target,chairs,2.0,tables,3.0,desks,3.344,bag,3.944,pen,5.0,sock,5.0,chairs,5.744,tables,6.344,shoe,7.0,white,8.0,bag,8.0,bag,8.744,chairs,9.344,hat,10.0,blue,10.544,glove,11.144,white,11.744,spoons,12.0
m_speech__ild_10__itd_0__targ_r,2,Masker,bag,2.144,sock,2.744,hat,3.494,hat,4.094,tables,4.544,chairs,5.144,toy,5.894,bag,6.494,shoe,6.944,shoe,7.544,toy,8.144,chairs,8.894,green,9.494,bag,9.944,tables,10.694,red,11.294,desks,11.894,shoe,12.344
m_speech__ild_10__itd_0__targ_r,3,Target,toy,2.144,hat,3.0,glove,3.0,bag,4.0,green,4.544,pen,5.144,sock,6.0,desks,6.0,white,7.0,glove,8.0,sock,8.0,green,8.744,green,9.344,glove,9.944,toy,10.544,spoons,11.144,glove,12.0,shoe,12.0
m_speech__ild_10__itd_0__targ_r,3,Masker,red,2.294,glove,2.744,toy,3.344,toy,3.944,pen,4.694,sock,5.294,sock,5.744,white,6.344,pen,6.944,pen,7.544,chairs,8.144,shoe,8.894,toy,9.494,desks,10.094,blue,10.694,pen,11.294,hat,11.744,blue,12.344
m_noise__ild_10__itd_0__targ_l,0,Target,tables,1.0,green,2.0,desks,2.393,glove,2.993,desks,4.0,bag,4.193,shoe,4.793,red,6.0,pen,5.993,tables,7.0,bag,7.193,card,8.0,shoe,9.0,glove,8.993,desks,9.593,desks,10.193,tables,11.0,spoons,11.393
m_noise__ild_10__itd_0__targ_l,0,Masker,noise,1.193,noise,1.793,noise,2.543,noise,3.143,noise,3.593,noise,4.343,noise,4.943,noise,5.393,noise,6.143,noise,6.593,noise,7.343,noise,7.793,noise,8.393,noise,9.143,noise,9.743,noise,10.343,noise,10.793,noise,11.543
m_noise__ild_10__itd_0__targ_l,1,Target,hat,1.0,pen,1.793,tables,3.0,shoe,3.0,toy,4.0,tables,4.0,toy,4.793,card,6.0,spoons,6.0,hat,7.0,card,7.193,shoe,8.0,green,8.393,tables,8.993,hat,9.593,tables,10.193,hat,10.793,white,11.393
m_noise__ild_10__itd_0__targ_l,1,Masker,noise,1.193,noise,1.943,noise,2.393,noise,2.993,noise,3.593,noise,4.193,noise,4.943,noise,5.393,noise,5.993,noise,6.593,noise,7.343,noise,7.793,noise,8.543,noise,9.143,noise,9.743,noise,10.343,noise,10.943,noise,11.543
m_noise__ild_10__itd_0__targ_l,2,Target,spoons,1.193,sock,1.793,hat,3.0,bag,3.0,card,3.593,blue,4.193,hat,5.0,pen,5.393,green,5.993,bag,6.593,shoe,7.0,bag,7.793,tables,9.0,bag,9.0,pen,9.593,chairs,10.193,blue,10.793,hat,12.0
m_noise__ild_10__itd_0__targ_l,2,Masker,noise,1.343,noise,1.943,noise,2.393,noise,2.993,noise,3.743,noise,4.343,noise,4.793,noise,5.543,noise,6.143,noise,6.743,noise,7.193,noise,7.943,noise,8.393,noise,8.993,noise,9.743,noise,10.343,noise,10.943,noise,11.393
m_noise__ild_10__itd_0__targ_l,3,Target,toy,1.0,glove,1.793,glove,2.393,white,2.993,shoe,3.593,chairs,4.0,glove,5.0,tables,6.0,spoons,5.993,red,6.593,spoons,7.0,hat,8.0,card,8.393,tables,8.993,sock,10.0,glove,10.193,card,11.0,hat,11.393
m_noise__ild_10__itd_0__targ_l,3,Masker,noise,1.193,noise,1.943,noise,2.543,noise,3.143,noise,3.743,noise,4.193,noise,4.793,noise,5.393,noise,6.143,noise,6.743,noise,7.193,noise,7.793,noise,8.543,noise,9.143,noise,9.593,noise,10.343,noise,10.793,noise,11.543
m_noise__ild_10__itd_0__targ_r,0,Target,sock,1.691,spoons,2.291,tables,3.0,blue,3.491,tables,4.0,glove,5.0,card,5.0,spoons,6.0,toy,7.0,desks,7.091,white,7.691,card,8.291,desks,8.891,glove,9.491,hat,10.091,spoons,11.0,shoe,11.0,desks,12.0
m_noise__ild_10__itd_0__targ_r,0,Masker,noise,1.841,noise,2.441,noise,2.891,noise,3.641,noise,4.091,noise,4.691,noise,5.291,noise,5.891,noise,6.491,noise,7.241,noise,7.841,noise,8.441,noise,9.041,noise,9.641,noise,10.241,noise,10.691,noise,11.291,noise,11.891
m_noise__ild_10__itd_0__targ_r,1,Target,desks,1.691,spoons,2.291,hat,2.891,shoe,3.491,spoons,4.091,glove,5.0,blue,5.0,sock,6.0,glove,7.0,card,7.091,spoons,7.691,hat,8.291,glove,8.891,white,10.0,shoe,10.0,white,11.0,desks,11.291,red,12.0
m_noise__ild_10__itd_0__targ_r,1,Masker,noise,1.841,noise,2.441,noise,3.041,noise,3.641,noise,4.241,noise,4.691,noise,5.291,noise,5.891,noise,6.491,noise,7.241,noise,7.841,noise,8.441,noise,9.041,noise,9.491,noise,10.091,noise,10.691,noise,11.441,noise,11.891
m_noise__ild_10__itd_0__targ_r,2,Target,hat,2.0,glove,2.291,white,3.0,glove,4.0,toy,4.0,shoe,4.691,sock,5.0,tables,5.891,red,7.0,hat,7.091,white,8.0,tables,8.0,pen,9.0,desks,10.0,bag,10.0,tables,10.691,shoe,11.291,blue,11.891
m_noise__ild_10__itd_0__targ_r,2,Masker,noise,1.691,noise,2.441,noise,2.891,noise,3.491,noise,4.091,noise,4.841,noise,5.291,noise,6.041,noise,6.491,noise,7.241,noise,7.691,noise,8.291,noise,8.891,noise,9.491,noise,10.091,noise,10.841,noise,11.441,noise,12.041
m_noise__ild_10__itd_0__targ_r,3,Target,toy,1.691,bag,2.0,toy,3.0,blue,3.491,toy,4.0,blue,4.691,red,5.291,toy,6.0,desks,7.0,sock,7.091,glove,8.0,sock,8.291,desks,9.0,red,10.0,chairs,10.0,toy,10.691,toy,11.291,glove,11.891
m_noise__ild_10__itd_0__targ_r,3,Masker,noise,1.841,noise,2.291,noise,2.891,noise,3.641,noise,4.091,noise,4.841,noise,5.441,noise,5.891,noise,6.491,noise,7.241,noise,7.691,noise,8.441,noise,8.891,noise,9.491,noise,10.091,noise,10.841,noise,11.441,noise,12.041
